ID,Ligero/Poderoso,Suave/Tánico,Seco/Dulce,Débil/Ácido
3741348,7.0,6.5,1.8,6.0
10646264,3.4,2.7,0.5,3.8
1375903,7.2,4.1,1.2,4.8
1641117,6.2,7.4,0.1,8.2
10610046,5.2,5.4,2.5,4.6
9177842,3.5,4.2,2.2,7.4
9181296,4.9,5.5,2.5,5.5
1146995,6.4,5.7,1.2,6.1
79472,3.4,2.6,0.4,6.2
4282272,6.6,5.6,1.2,6.2
61754,6.5,6.4,0.6,7.3
1579808,7.3,7.3,0.3,7.3
1101590,5.6,4.5,1.3,4.5
5008890,7.6,5.6,1.7,5.9
1622323,2.9,2.6,0.2,6.8
9350735,3.5,2.9,1.6,5.5
1175180,6.5,6.1,1.1,6.0
1255570,5.0,6.0,0.6,6.5
11201669,5.2,5.9,1.9,5.3
1492642,7.5,5.3,2.4,4.7
73590,7.3,5.6,1.4,3.6
80389,4.5,3.4,0.8,6.7
1191048,4.6,3.1,0.3,5.7
5662069,5.6,4.8,1.3,4.7
72624,8.5,2.6,4.9,2.4
75017,6.3,6.0,1.1,6.3
15149,6.1,2.8,1.5,6.4
3806831,3.8,3.4,0.0,7.3
6645028,3.9,2.4,1.5,6.4
1196987,4.5,5.7,0.2,6.6
5080,5.1,4.2,0.8,4.7
1148996,6.4,6.1,1.2,5.9
7467429,4.2,6.8,0.0,5.5
3563924,7.4,5.5,1.6,4.1
2860621,6.7,5.0,1.0,5.6
1204527,3.3,2.5,1.2,6.6
1290158,6.1,6.0,1.6,5.0
1860711,4.3,3.5,0.0,7.0
96100,6.4,4.2,1.0,4.2
74635,6.0,7.5,1.1,7.9
1254296,6.5,6.5,1.0,6.7
1475868,7.3,2.4,4.3,3.5
6696954,6.7,5.4,1.5,4.2
1207965,6.4,6.1,1.7,4.8
7693041,6.1,3.9,1.4,5.4
87890,8.2,4.2,1.0,4.6
1189951,6.6,7.7,0.4,8.2
2631011,3.2,2.3,1.2,5.2
1735358,2.4,2.0,1.2,6.8
15907,3.7,2.6,0.5,6.2
1108372,7.8,4.9,2.5,3.5
9614186,5.0,4.1,1.8,4.2
1133671,5.3,4.3,1.0,4.6
1443518,6.9,5.8,1.4,6.3
1133669,5.7,4.3,1.0,4.6
1857037,5.6,4.7,0.4,2.5
85243,5.4,4.7,0.4,3.6
2127470,6.6,4.2,1.8,3.0
1601499,6.3,3.9,2.0,2.9
77487,4.9,5.4,0.7,6.2
85515,6.1,4.3,0.7,6.7
1592526,8.1,4.0,0.6,4.3
5080760,5.7,8.1,0.1,8.5
6438041,1.7,2.3,0.0,8.1
11185,6.0,2.4,1.1,5.8
1232219,5.3,6.0,0.6,7.5
1166594,6.7,5.5,1.5,6.1
9573136,3.3,2.6,0.5,7.1
8902243,3.9,4.1,1.3,7.8
79953,6.9,4.3,2.4,3.9
2258172,3.4,3.9,1.2,7.2
2316897,8.5,2.8,4.6,2.8
1191627,3.5,2.6,0.2,6.5
1178254,4.1,3.5,0.6,6.7
87506,7.3,5.2,0.5,5.0
1207562,3.6,3.1,0.0,6.3
2124866,3.3,2.6,0.0,6.0
98195,6.3,6.3,0.7,7.2
8884572,7.3,2.9,4.0,3.1
79565,4.3,4.5,0.2,7.8
1183738,6.4,6.0,0.7,7.1
5098,8.4,4.7,2.7,3.0
1668860,5.6,5.9,0.7,6.7
1128251,7.4,4.8,1.1,5.3
1813121,6.4,6.3,1.4,5.3
5778,6.0,7.2,0.1,8.4
4948629,3.3,3.0,0.2,6.3
1169914,6.2,7.7,0.6,8.3
8183278,5.4,4.6,0.0,5.4
61284,8.5,2.6,5.0,2.7
1122281,8.5,2.7,5.2,2.5
2678463,6.5,5.8,0.9,6.2
92461,6.3,7.5,0.3,8.2
1162186,3.7,3.1,0.7,7.1
1154160,4.3,5.7,1.0,6.3
1169280,6.2,7.8,0.6,8.3
3367427,4.6,4.6,2.0,4.8
1219071,6.1,7.8,0.1,8.5
4437513,8.3,4.9,0.0,5.9
1383553,6.6,6.1,1.2,6.0
1423567,7.6,6.2,0.9,3.8
2309878,6.9,4.6,1.2,5.2
2878451,5.8,5.0,1.9,4.8
1805289,6.1,3.6,2.6,4.1
6673038,5.6,4.6,1.3,4.5
1267262,6.7,4.5,1.6,4.9
1624414,5.8,5.7,0.0,5.8
2280842,5.3,2.5,1.5,6.3
1650276,5.4,6.0,1.5,6.2
1618889,6.3,5.6,1.6,5.7
1235146,7.5,4.3,2.3,3.1
5861386,4.4,3.9,0.1,5.1
1153051,7.2,4.5,2.9,2.8
1196378,8.5,5.8,1.2,4.1
80156,6.6,5.7,0.6,6.3
2192393,4.4,3.2,1.8,3.1
6260192,5.2,3.3,2.4,2.4
7120814,6.7,4.6,1.8,6.8
1884834,7.5,4.5,1.5,4.6
9823297,6.5,4.7,2.1,4.3
2402040,6.0,5.1,1.0,5.1
4188112,3.9,4.8,0.4,6.8
1269251,5.8,6.2,0.0,6.5
1192927,6.4,5.1,0.6,5.3
3106085,6.0,4.7,0.0,5.6
1507941,7.1,6.5,1.0,7.5
4120682,6.9,4.8,0.0,5.7
1248038,3.3,4.0,0.4,6.5
4032009,4.3,3.4,0.5,6.6
1261518,4.5,5.5,3.2,7.0
8955445,5.8,6.1,1.5,5.5
6328783,4.2,6.0,0.0,5.6
1290038,6.6,6.6,0.4,6.8
8497530,5.7,5.0,2.0,4.5
11345325,5.6,4.9,2.9,4.9
1218674,6.4,4.7,1.1,4.3
1178776,7.4,5.0,0.9,4.0
1103068,4.2,6.8,0.0,5.5
2591731,5.1,3.6,1.5,4.7
7165050,4.9,4.3,0.9,5.9
92455,5.5,2.3,0.7,6.4
2293344,3.3,3.2,1.4,6.4
1639619,8.4,8.5,1.2,7.5
1106113,5.7,6.1,1.2,6.6
1415674,4.8,5.5,1.7,6.4
9056,6.4,4.3,1.6,4.5
1852025,6.5,5.7,0.0,5.3
1177217,3.5,3.1,2.0,5.9
1631613,5.8,4.3,0.9,6.4
1651251,6.5,5.4,0.4,6.4
4284,4.3,5.8,0.2,6.4
4581361,6.3,4.7,0.1,5.6
1171112,4.1,5.2,0.9,6.7
2001497,6.1,6.0,1.1,6.2
1545377,6.1,4.7,0.4,6.3
2704129,6.8,4.7,0.4,6.6
1215577,5.6,4.7,1.3,3.6
97803,6.4,5.2,1.0,5.2
20134,4.0,4.8,0.1,6.2
1235953,0.4,2.8,0.8,7.0
1638099,6.8,2.9,0.0,1.6
1222329,3.1,7.8,0.6,6.5
2039615,6.5,5.4,0.2,4.9
91684,8.3,4.7,2.3,2.9
1154813,5.0,5.4,2.0,4.4
6297531,6.8,6.8,0.5,4.2
2305446,4.6,3.7,0.8,4.5
3326582,6.5,6.2,0.4,5.7
1813969,8.4,3.1,3.5,2.5
1868804,4.1,2.3,3.8,7.1
77773,5.3,2.4,0.3,6.6
1774998,6.2,4.8,0.5,5.4
96613,5.0,6.6,1.8,8.0
2608677,4.2,4.2,1.8,8.0
3062724,5.0,4.9,0.2,5.9
17388,3.9,3.6,1.7,5.7
5486411,5.7,4.8,1.0,5.3
1254080,3.5,3.7,1.0,4.6
2623780,4.9,3.6,2.6,6.2
1839266,6.3,4.9,1.1,5.3
97118,7.4,4.1,2.7,3.3
3872480,6.8,2.4,4.4,1.5
4175593,7.7,4.0,0.5,4.4
1250086,6.6,3.7,0.4,4.3
2313022,5.1,3.7,1.6,3.8
1578865,6.4,7.5,0.2,6.9
1949988,7.6,4.7,0.9,4.1
1165743,4.2,4.0,0.9,4.4
2193685,7.0,4.2,0.0,4.2
5406361,5.8,5.7,1.2,5.9
1707284,8.0,4.1,2.4,2.5
1085036,6.8,1.9,0.6,0.9
1907620,6.3,6.6,0.2,6.4
2043986,5.5,6.6,1.2,6.0
1134243,4.7,4.5,0.4,4.4
3606910,8.1,6.1,0.7,7.7
1649167,8.0,6.3,1.5,6.4
1228020,8.0,6.2,0.5,7.5
1159960,8.5,8.3,2.4,7.8
6244082,5.8,3.6,0.7,5.8
7667938,4.2,4.0,1.9,4.4
1736138,6.3,5.8,0.9,6.3
1735610,6.2,5.3,0.8,5.7
2424066,6.6,6.2,2.6,4.4
63104,7.3,5.0,1.1,3.5
1310161,6.2,4.3,0.8,4.9
10667171,6.1,2.8,1.3,2.7
1641911,5.5,5.8,2.1,4.5
3208094,5.9,3.2,3.6,3.3
2201291,5.8,5.0,2.4,4.5
10681648,5.4,4.2,2.3,4.9
73859,5.7,5.2,1.5,4.4
1324009,6.9,5.5,0.0,3.0
3342659,6.2,4.6,1.2,5.2
1111491,7.0,5.8,0.9,5.3
1803538,8.0,5.8,0.7,8.0
2604110,7.0,6.1,0.0,6.9
1552379,4.2,6.8,0.0,5.5
4076132,4.2,6.8,0.0,5.5
1455255,5.5,6.5,1.7,7.0
2258049,7.7,6.2,1.3,7.6
2597830,3.9,5.1,2.0,6.5
1210854,6.1,6.2,0.9,6.1
4305839,8.5,4.7,0.9,4.6
1824837,4.2,5.8,0.0,6.7
1683,8.5,4.6,0.2,2.6
1561698,8.5,4.4,1.7,4.3
1565648,8.5,6.1,0.9,6.6
2045847,6.2,4.6,1.5,4.1
1188896,5.8,5.0,1.5,6.0
1652315,6.5,4.7,0.0,4.3
1641920,6.4,4.9,0.0,6.6
1473534,6.6,3.4,0.0,3.9
1482411,5.8,5.9,2.0,6.4
5841079,4.2,4.3,1.6,6.9
7681072,4.8,4.7,0.0,5.9
99709,4.3,4.9,0.5,6.4
1254190,6.0,5.4,1.1,6.2
1849404,6.2,5.0,0.1,4.5
1315685,5.4,4.8,0.4,4.3
1146104,4.3,5.8,0.4,6.4
1177280,4.7,4.1,0.5,4.8
1522713,3.7,2.7,5.7,3.1
4583398,5.7,6.6,0.6,5.3
8973407,7.2,5.6,0.2,5.1
1545826,6.8,6.0,2.4,7.2
5532665,6.4,3.8,0.1,4.0
1700516,6.9,4.7,0.8,3.7
10275789,7.3,3.9,0.7,4.1
1690049,4.9,3.9,1.1,3.8
94294,7.7,5.4,1.3,3.6
2639172,7.0,4.3,0.9,4.2
1370728,0.0,1.8,0.0,8.0
5031540,5.0,5.2,1.3,4.8
7427314,4.3,5.4,1.1,5.3
1637497,6.8,8.0,0.0,6.8
6907438,5.9,5.9,1.6,4.6
3957248,4.5,3.7,1.5,5.6
5009064,5.5,5.8,0.3,5.7
9051356,4.1,3.7,2.5,5.1
2886921,4.4,4.3,0.0,5.1
5235131,4.7,4.0,0.2,6.0
1314380,5.5,5.5,0.5,5.5
2054577,5.5,4.5,0.2,6.5
2713973,5.9,5.3,2.3,5.3
2267460,6.9,5.3,0.0,5.5
1153723,6.7,5.6,1.6,5.9
2558235,5.5,4.2,2.0,4.3
1179636,6.1,1.7,1.8,2.0
2784888,8.1,5.8,0.8,3.5
2226795,6.8,5.1,2.0,4.2
1360892,6.5,6.3,0.0,7.0
3252940,6.4,4.1,1.5,4.3
1481722,5.7,5.5,2.1,5.3
19321,5.0,5.3,1.1,5.6
3075305,5.1,3.9,1.3,4.2
1993330,8.4,4.9,1.0,5.3
92452,6.0,8.0,0.3,8.1
1163612,7.5,5.1,1.2,3.6
7922,4.9,4.3,1.0,4.4
3096528,5.9,4.4,0.8,4.7
1361815,5.8,4.2,0.1,4.9
1568411,4.2,4.3,0.0,7.8
8399455,4.9,4.9,1.4,2.5
78547,4.6,4.1,0.3,4.7
1783149,5.7,4.3,0.9,5.4
1900501,6.6,6.6,0.2,5.8
2487142,7.5,3.5,2.9,2.5
7743957,5.4,4.0,4.1,4.7
1859748,7.0,4.0,1.5,5.0
2279251,6.3,4.4,1.8,4.9
1284999,8.5,6.8,0.0,4.2
1805997,5.7,7.2,0.1,6.1
1147694,7.1,7.8,0.0,7.5
12128,4.4,4.0,1.1,4.6
7352652,5.4,4.0,2.2,5.1
1224820,6.2,4.3,1.2,4.4
1429043,4.4,5.6,0.0,6.2
2648763,5.7,5.0,0.0,3.4
9716238,4.4,6.2,0.0,5.5
1944452,5.4,7.6,0.2,8.4
1214057,6.9,5.9,2.7,4.1
9926210,7.8,6.0,0.2,5.5
1596006,5.1,5.7,0.3,6.4
6000319,6.8,6.7,0.3,5.7
2153344,7.8,3.4,1.0,4.1
1151148,6.4,5.9,1.1,5.9
5616661,4.2,2.4,0.0,7.3
1462973,7.0,5.8,1.6,6.5
1754937,6.6,4.1,0.6,4.7
1110325,7.5,5.8,1.5,3.4
9998471,2.8,1.9,0.0,6.0
1143056,8.5,2.2,4.9,2.4
2161123,5.1,3.8,0.9,4.9
1125582,5.2,4.3,1.7,4.5
19490,8.2,2.5,4.7,2.6
2209341,5.6,4.2,0.3,4.5
6282185,6.3,7.5,0.1,8.4
6126921,5.6,3.4,0.6,6.8
6264213,3.9,3.0,0.3,6.7
1229682,5.9,7.1,1.0,7.4
9109317,4.2,4.1,0.2,4.5
1159772,7.4,4.5,3.3,3.0
2035966,3.0,2.0,0.5,6.1
11316826,4.1,3.6,1.4,5.5
1149262,6.9,5.5,0.8,4.6
5526694,8.5,4.3,1.5,4.8
1638007,6.2,7.2,1.5,7.7
1713612,6.8,5.1,1.8,4.6
6353545,6.6,6.0,0.0,5.6
7343,3.0,2.3,0.0,6.4
1218067,6.4,5.4,1.4,5.7
1115218,6.6,6.1,1.6,4.7
2856831,0.7,1.7,0.8,8.3
1783670,4.0,2.2,0.9,5.0
1185231,8.4,4.0,1.1,2.8
5609277,1.6,2.7,0.9,6.5
2495249,4.4,4.8,2.7,4.8
5481625,5.3,6.4,1.4,6.5
1913958,6.8,4.2,0.5,1.8
3138939,8.0,4.6,1.6,2.2
1175038,7.2,7.6,0.8,7.1
12155646,5.6,5.6,1.6,5.6
2367805,4.9,4.5,1.1,4.3
1890401,8.5,3.0,4.5,2.7
17280,6.5,4.9,0.5,5.4
6656261,7.1,5.9,0.5,4.0
4426894,6.8,5.8,1.2,5.9
10273041,6.4,7.4,0.2,6.6
1611941,7.8,4.7,1.6,5.2
6844921,6.6,3.2,1.2,4.5
6462001,4.3,5.5,1.4,7.5
1883623,6.9,4.2,1.5,3.2
2321729,8.0,4.9,1.8,3.3
11041225,3.0,4.0,0.5,3.5
11432805,5.4,5.2,2.6,4.9
3269403,3.3,3.3,2.0,5.3
8710270,4.2,4.2,0.5,8.0
1284182,5.9,5.2,0.5,4.9
1896127,5.3,5.9,1.5,6.6
6733716,8.4,5.1,2.1,3.0
16504,6.4,3.5,2.1,3.6
1136186,8.0,5.3,0.8,3.6
7768352,3.5,3.7,0.9,5.4
20665,6.5,5.1,0.8,5.3
1367463,5.2,7.5,0.3,8.0
2127296,6.4,6.2,1.3,6.7
1603912,6.4,5.9,1.4,6.7
2588919,5.1,3.4,0.0,4.9
14423,6.2,7.5,0.4,7.9
5563609,3.4,4.3,2.1,8.0
1563638,4.8,4.5,1.4,5.1
2032132,5.6,2.4,0.6,6.6
10180276,6.0,4.2,1.1,2.3
2266555,5.5,4.0,2.8,3.2
4110650,6.7,4.6,2.7,5.5
2145084,6.7,3.3,2.0,3.8
7159790,6.4,4.5,0.5,3.2
2115430,8.5,4.9,1.8,3.3
1219348,5.3,5.7,1.4,6.4
1285862,5.8,7.7,0.1,8.0
93032,3.4,2.6,0.4,6.0
8115365,7.1,5.9,0.5,5.4
3851613,6.1,4.3,0.0,4.6
1413835,4.2,6.8,0.0,5.5
5776263,7.9,4.5,0.5,4.7
1163782,5.6,2.2,0.8,6.3
1856972,5.6,4.9,1.0,5.0
1703814,7.0,4.3,1.0,4.1
1429141,6.4,4.2,1.4,4.7
77534,6.2,7.3,0.5,7.3
1832936,6.8,5.1,0.0,5.8
73560,7.3,7.5,0.3,7.5
9683626,3.5,4.6,0.3,4.5
1922083,7.7,5.5,1.0,3.8
1168639,5.6,4.9,1.4,4.0
2011320,5.5,4.2,2.7,3.6
9719084,6.1,4.3,0.8,5.4
9235196,3.4,1.8,1.7,6.9
81844,6.8,4.1,1.4,2.9
736114,6.2,6.2,0.6,7.1
5310829,0.7,1.9,0.4,8.1
5972324,6.3,5.6,1.5,5.4
5095219,6.5,6.3,1.7,6.3
1380528,3.9,6.5,0.8,6.8
779267,3.6,3.3,0.4,6.2
1210330,3.3,2.6,0.6,6.4
4091,7.2,7.2,0.7,7.2
7780,8.4,6.9,0.6,5.5
22153,5.4,4.2,1.3,4.5
1181214,6.5,6.4,0.9,7.2
9151975,8.5,4.0,2.2,2.2
1678151,6.2,7.8,0.2,8.5
99555,6.5,4.4,1.3,4.8
6383254,6.5,4.2,2.0,5.1
1198518,6.5,7.9,0.7,8.3
85475,6.3,8.0,0.2,8.3
1506159,6.1,7.6,0.1,8.4
1927042,6.6,5.1,0.9,5.9
85477,6.3,6.9,0.7,8.0
1267373,3.9,3.5,0.5,7.2
5013909,3.8,5.2,1.5,5.3
2411943,4.7,5.8,0.7,6.4
6538036,0.9,3.4,0.4,7.6
1157827,6.0,2.6,1.9,2.1
1851554,6.8,4.2,0.7,2.4
13795,4.3,5.6,0.3,6.4
78736,8.1,4.2,2.7,3.0
1117028,6.7,7.0,0.6,5.4
2783285,6.0,4.4,1.5,2.6
1150374,5.6,4.3,2.1,4.1
8195,8.5,2.6,4.9,2.5
92786,7.0,4.8,2.8,3.3
1153539,5.7,4.1,1.6,4.4
10320,5.4,4.3,1.0,4.6
89884,4.4,5.7,0.5,6.4
22722,4.8,6.1,0.8,6.5
92703,5.9,4.5,1.3,3.3
2052614,6.0,4.4,2.4,3.5
1257389,6.8,4.4,0.7,2.9
1183846,5.1,4.5,1.1,4.9
86874,7.1,6.6,1.1,6.1
5493029,4.5,6.6,1.9,5.0
3724563,2.8,1.7,0.8,6.8
1107960,6.2,7.6,0.5,8.0
76292,6.9,5.7,1.7,5.9
7338920,5.9,7.3,0.7,7.8
1381100,2.0,1.3,2.4,4.9
6574784,6.0,7.8,0.6,7.7
17570,4.1,2.9,0.9,5.7
82571,7.0,4.1,3.5,2.8
82714,8.4,4.5,2.8,2.9
53544,4.7,3.7,1.4,4.7
15461,6.1,7.6,0.3,8.5
2649001,5.6,4.4,1.5,4.7
1239605,5.3,4.6,1.6,4.5
2050054,5.4,4.9,0.8,4.5
6902534,5.8,4.6,2.1,3.2
15252,6.4,7.2,0.1,7.5
2348100,6.5,7.7,1.1,8.4
1170841,8.5,2.2,4.5,2.5
15629,5.0,4.2,0.5,4.9
4851791,6.2,8.1,1.2,8.5
1158161,5.4,4.5,1.5,4.7
85917,6.2,6.1,0.6,6.9
15631,4.4,5.1,0.3,5.3
10151,4.7,5.3,0.6,6.3
15628,5.2,4.3,0.9,5.0
1612072,6.4,6.3,0.9,6.2
4998,8.1,4.6,2.7,3.0
4625947,5.3,4.6,0.7,4.6
6262044,5.8,5.6,0.8,6.4
6235616,2.7,2.2,0.6,6.2
1179387,8.3,5.0,1.5,5.4
2400868,6.6,8.2,0.3,8.1
77338,5.3,2.4,0.7,6.8
9739873,5.2,5.8,0.9,6.0
8216456,8.5,4.2,1.6,4.3
95336,3.3,2.4,0.6,6.2
1225247,6.1,4.8,1.0,3.5
92593,7.5,4.5,2.2,3.5
7167816,7.7,5.4,1.9,3.4
8083908,5.8,4.9,1.3,5.0
1503752,6.6,6.4,1.4,5.8
1109534,6.5,6.3,1.3,5.3
83999,6.3,6.5,0.7,7.2
8550208,5.8,6.5,0.9,5.8
1899360,6.2,7.4,0.6,8.0
1741662,7.7,5.0,1.4,5.6
1101461,6.1,6.4,0.9,7.0
1803078,7.5,4.7,1.3,4.2
6465671,4.1,3.0,0.7,6.7
1176170,7.4,5.8,0.3,5.4
7772,7.3,6.6,0.5,6.5
6143064,5.7,5.6,1.0,6.4
82395,6.1,6.9,0.4,8.3
19304,6.7,5.4,0.8,6.2
2373533,6.4,3.8,1.8,4.3
1945713,6.5,5.6,1.7,5.7
1280344,5.7,5.5,1.1,5.8
1855630,4.8,5.8,0.9,5.8
1939362,1.0,3.0,0.2,7.3
79961,6.4,5.6,1.2,6.2
8890590,2.4,2.4,0.9,5.7
1849519,4.8,5.4,0.8,5.8
1135271,6.6,5.6,1.2,5.9
3129085,7.3,4.5,0.8,4.7
1157184,6.6,3.9,3.0,2.5
1200246,4.0,3.3,1.0,6.7
1287732,6.5,4.5,2.8,4.5
4544551,4.5,4.7,1.2,5.6
1212913,6.0,4.6,1.4,5.7
3873338,5.2,4.8,0.5,6.8
5137068,5.3,7.4,1.4,6.2
2387852,4.8,6.2,0.4,5.5
10051392,3.2,1.9,0.0,6.5
9965584,5.8,8.2,0.0,8.5
9481165,7.5,4.8,2.1,3.8
1643651,6.6,4.7,1.7,3.8
4537690,2.3,2.2,0.7,6.7
1219110,6.5,5.7,1.3,6.2
1244641,7.3,6.8,0.9,6.6
1714766,7.5,7.1,0.3,7.3
1568262,5.4,4.7,0.3,7.8
78469,8.0,6.5,0.7,3.3
1182947,8.2,5.1,1.0,5.6
1478220,7.9,4.6,0.1,5.7
2477592,7.4,4.6,2.2,3.7
2601224,7.2,5.8,1.6,4.3
3958036,6.0,5.5,3.7,5.8
1536279,6.6,5.5,0.4,5.6
1165736,7.2,5.4,0.6,5.2
1848362,6.6,5.8,0.8,6.5
2402155,8.1,6.0,0.0,5.5
1737193,8.1,3.7,0.0,3.7
11624802,0.0,1.2,0.0,8.5
1636225,4.1,3.2,1.1,7.0
6338132,7.5,5.7,0.1,4.2
1101301,6.5,7.8,0.2,8.3
1208767,7.0,5.5,0.7,5.0
1119694,8.4,4.9,2.9,3.1
10263229,5.9,4.7,0.0,6.1
1812394,4.2,6.6,0.0,5.8
1205361,3.8,2.3,0.5,5.6
4376632,5.5,5.5,2.5,6.7
2260568,7.0,5.9,1.4,5.7
1164695,6.5,6.0,0.9,6.0
87867,8.3,4.6,1.5,5.3
2452036,6.8,5.2,0.1,6.4
7111540,7.2,5.4,1.9,5.3
80353,6.6,4.3,2.1,4.5
2209519,7.8,6.1,1.0,6.7
16199,5.5,4.7,1.3,4.5
1591204,6.1,6.6,0.3,8.4
1138031,8.5,5.4,2.2,5.0
77753,6.5,6.0,1.7,4.5
86850,8.5,8.0,2.1,7.7
6854620,8.5,5.4,0.5,5.8
6638,6.6,5.5,0.9,5.6
1127487,8.0,6.8,1.2,5.5
1130640,3.4,2.7,1.1,6.0
1145543,2.9,2.4,0.8,6.0
779435,5.3,2.1,0.2,6.6
1163209,3.0,2.1,1.1,6.2
92526,8.5,4.6,2.8,3.0
1269657,6.8,6.6,1.0,5.4
5509428,5.3,5.8,0.4,6.7
2134507,7.4,5.0,2.2,3.9
1191218,6.7,4.6,0.6,5.8
1549682,8.0,4.6,2.5,4.3
1187103,6.5,7.1,1.4,7.6
1117674,6.6,4.6,1.2,4.3
86373,7.1,7.2,0.8,7.0
2167491,2.5,2.3,0.0,5.5
2022997,6.3,5.5,1.2,6.0
1192246,6.4,7.5,1.0,8.2
79010,8.5,4.6,2.2,4.2
9078250,7.8,5.1,1.0,3.2
1770351,6.0,2.6,1.5,6.5
9844190,3.2,2.2,0.2,6.3
1170521,5.0,5.8,0.6,6.4
1666855,8.0,5.6,1.0,5.6
8471412,5.5,8.0,1.2,6.9
1146003,7.3,5.4,0.7,5.2
5191,6.6,5.1,0.8,5.9
13670,8.5,2.3,5.0,2.4
1585242,8.1,4.9,1.7,4.1
7009476,6.3,6.3,0.7,6.5
1134897,3.3,2.6,1.0,6.6
1259302,7.3,5.6,0.2,5.4
2209396,4.7,6.4,1.5,5.0
1439715,5.9,4.1,1.6,2.9
1502795,7.2,5.3,0.0,6.0
1211504,6.8,6.5,0.6,6.6
6773333,3.5,2.9,0.2,6.7
1142502,6.7,6.0,2.1,4.5
2056618,6.5,4.7,0.7,5.2
1136245,7.3,5.2,1.4,5.1
1259854,7.6,5.7,0.2,5.4
1188827,7.8,5.6,0.0,5.5
1583942,5.4,6.2,0.4,7.5
7418511,5.6,3.4,1.4,5.9
2021017,6.2,6.3,1.9,6.0
1194290,6.3,6.2,0.7,6.3
1716326,5.8,4.3,1.5,3.2
1369832,6.8,2.3,4.4,1.4
1162756,6.0,2.6,1.2,6.1
15814,7.9,4.4,2.2,3.0
8212418,6.6,4.5,1.4,5.8
21222,5.4,4.9,1.3,4.6
18453,3.9,5.6,0.3,6.3
2400743,6.8,4.6,0.8,4.2
9833560,5.5,6.1,1.8,6.1
1126923,2.0,2.3,0.3,6.5
1222339,6.4,6.1,0.5,5.3
1136952,3.7,3.2,0.0,5.5
2174429,5.2,6.4,1.5,6.8
2291634,5.6,5.7,2.1,5.6
100024,7.3,5.0,1.1,5.4
1369439,4.7,3.7,0.5,5.3
1427292,4.4,3.8,0.4,4.8
75293,6.6,4.8,1.6,3.0
10554603,4.7,5.7,0.9,5.7
6868923,3.4,5.8,0.0,4.3
1648388,4.8,3.8,0.0,3.6
75294,6.2,4.4,1.7,3.3
2914174,7.6,3.5,1.2,4.2
4920048,6.0,6.8,1.2,4.8
1241518,6.8,4.2,1.4,1.9
3169157,5.4,5.0,0.4,3.8
56874,6.8,6.2,1.1,6.0
2568833,4.4,3.4,2.1,4.8
11310844,5.5,3.8,3.5,3.1
1787205,5.5,5.6,1.0,5.8
3991646,6.4,4.8,0.2,4.0
6923339,5.2,5.8,0.0,8.2
6719597,6.2,3.9,1.9,4.2
1293505,4.5,3.7,1.3,4.9
1104810,6.4,5.8,1.0,6.1
1864709,6.2,4.8,1.5,4.4
1932072,5.7,6.0,0.5,5.9
1719416,6.4,5.1,1.2,5.5
1506003,4.7,4.6,1.3,6.3
1381567,7.8,4.6,2.3,3.3
9040907,2.7,1.8,0.0,6.7
1160197,7.2,7.1,0.1,7.4
11079339,5.7,4.8,0.9,5.2
1669,5.5,5.5,0.6,6.3
7388633,8.3,4.8,1.6,4.6
6220617,6.1,6.0,1.1,5.6
1210710,6.5,6.0,1.2,5.8
1170158,6.7,4.9,0.0,4.7
1163515,6.6,5.4,0.9,6.1
1878598,6.5,6.7,0.3,7.4
1160443,6.8,5.1,1.4,5.5
1220070,8.4,4.3,2.4,3.3
779041,4.0,1.5,0.7,4.9
5260308,6.0,3.4,3.2,3.0
4343180,5.3,2.1,0.7,6.2
1225363,6.5,6.1,2.1,7.6
5624146,6.4,4.1,3.2,3.6
1907071,4.4,4.0,0.3,6.3
2131131,6.4,5.3,1.5,4.0
1733516,6.8,5.8,1.4,4.5
4580888,5.5,4.2,1.3,5.7
2808590,7.5,4.2,2.6,3.1
91753,5.8,7.0,0.0,8.5
1222267,6.3,3.9,2.1,4.5
6945796,5.5,4.1,0.1,4.2
1464219,6.1,3.2,2.1,3.9
4379150,8.5,4.8,0.8,4.4
2200210,6.8,6.0,1.7,5.9
1904616,8.0,4.2,2.6,3.1
79837,6.1,4.3,1.3,4.6
5782405,0.0,1.9,0.0,8.5
1219697,7.7,5.0,2.1,4.0
2005466,4.8,4.6,0.0,4.1
1138794,4.5,4.2,0.4,4.8
1186364,4.0,4.2,0.7,6.4
2423026,4.6,3.3,1.9,5.2
3893555,6.7,4.7,0.0,5.1
6328850,5.9,3.8,1.1,4.9
1157179,6.3,3.6,2.7,2.7
1314641,6.5,5.3,0.7,6.2
8929502,5.2,4.8,0.0,5.2
1800638,6.1,4.4,1.0,4.8
8658022,4.2,6.8,0.5,5.8
5323851,4.2,6.8,0.0,5.5
9147963,6.6,6.6,1.5,6.3
1156085,5.8,4.6,0.5,4.8
2301871,6.3,5.7,0.5,3.7
4255406,5.1,3.7,1.5,5.0
1191268,4.6,3.9,0.7,4.6
1588519,5.3,3.7,1.1,4.4
6207800,7.8,5.0,1.0,4.9
9177512,5.7,4.6,2.8,4.4
1133054,6.8,5.5,1.0,4.3
1181892,5.7,5.1,1.4,5.7
8997997,4.2,3.4,1.4,4.6
5361884,7.4,4.0,0.7,5.0
9138040,8.5,4.6,0.0,4.1
2224180,6.8,6.1,0.0,6.5
1443941,5.8,6.4,1.2,6.1
1497211,6.2,5.7,0.7,6.2
1634341,4.0,2.2,3.4,7.1
4572195,3.3,3.1,2.6,6.7
1243253,6.3,5.1,1.0,5.6
1282637,6.2,5.2,1.4,5.9
2102327,4.5,4.2,0.5,4.6
1281596,6.7,5.8,0.8,6.4
1794884,6.4,4.3,0.5,3.9
1185150,6.6,4.4,1.3,4.5
1168419,6.3,4.7,0.5,4.5
1692984,6.2,4.7,0.1,4.0
2426319,5.1,4.6,2.8,4.1
2239803,6.2,5.2,0.8,4.7
1631451,6.7,4.9,0.1,4.8
5459176,8.5,6.0,0.6,5.1
1162474,6.6,5.4,0.7,6.3
92507,3.4,1.9,0.4,6.9
2386451,6.8,4.5,0.3,4.2
9658,7.2,4.0,1.9,3.7
4090345,6.3,3.6,1.2,4.6
1799090,7.6,4.7,2.4,3.8
3943284,7.7,2.9,0.3,4.0
4812431,4.2,4.3,1.7,5.6
1152351,6.2,4.9,1.4,3.4
1631349,7.0,6.1,1.2,4.2
2381164,8.5,5.2,0.7,4.1
1421738,4.7,3.9,2.3,3.5
1102044,4.4,3.9,0.9,4.6
8781517,4.4,4.2,2.3,4.5
3933935,4.7,3.5,2.6,3.7
8362324,4.3,4.7,0.5,4.7
6602709,5.3,4.2,2.4,4.1
1168436,8.4,3.8,1.3,4.5
1159054,8.1,3.4,3.1,2.9
2124570,6.5,5.6,0.7,6.4
1360236,6.3,6.8,0.0,6.5
1739618,8.0,5.5,0.0,3.0
3237762,6.7,4.5,1.5,4.4
2182453,5.5,5.5,1.3,6.6
2104337,5.9,4.4,1.1,3.2
5585303,4.9,6.0,0.6,7.1
5921325,3.9,3.9,1.5,5.0
2267969,6.1,5.2,2.2,4.7
3336019,4.8,3.7,2.5,4.1
1994034,5.1,4.0,1.8,3.5
2159598,6.8,5.3,0.0,4.3
5362141,5.8,4.6,0.0,4.8
6192911,7.0,6.9,0.0,6.0
85518,7.8,4.8,0.5,5.4
2232577,5.6,5.7,1.1,5.3
1230030,7.4,5.1,1.2,3.7
1406059,6.6,4.3,1.4,4.8
1349813,5.2,4.1,1.8,3.7
3128965,6.6,4.4,2.3,4.4
76502,6.3,5.3,0.9,6.2
5825784,6.1,4.7,1.5,3.4
1213318,6.6,6.1,0.5,4.9
2126790,6.2,4.8,0.0,5.7
5843258,5.4,4.7,1.9,5.0
2748268,4.2,3.0,1.8,4.2
3026622,8.3,3.9,5.3,1.8
5275712,7.5,5.2,0.3,5.4
5778028,5.9,6.1,2.1,5.5
2035817,6.9,6.4,0.6,5.6
1186166,6.5,5.6,0.4,6.2
8061153,6.4,5.1,1.8,5.5
1702442,4.8,1.1,0.0,5.7
5960446,6.9,4.5,1.6,5.0
8710881,6.4,3.5,1.2,2.6
1364500,4.8,4.7,0.3,4.6
1188472,6.3,6.1,0.9,6.1
6312013,5.2,4.0,2.4,4.5
10260086,7.1,3.9,0.0,6.2
8468876,5.2,4.6,2.8,5.2
1128177,3.6,2.9,1.1,5.8
1371607,5.5,4.6,1.7,3.7
4860370,1.8,2.7,0.4,8.0
4381876,7.1,5.0,1.7,4.5
1194162,8.5,5.7,0.8,4.4
2491032,6.3,5.0,3.0,4.5
4972981,7.6,3.8,0.1,4.1
1895952,5.9,4.9,2.0,4.8
1516190,4.8,4.5,2.2,4.5
1752195,5.9,5.6,0.1,6.0
1528918,8.0,6.8,0.0,5.5
1779231,0.2,2.6,0.3,7.3
1411535,3.0,3.0,0.5,6.8
2282640,3.5,3.7,0.8,5.4
2317729,7.3,4.3,3.0,3.5
1727647,7.1,5.2,1.2,5.5
1635454,3.5,4.1,1.7,4.5
36174,6.3,4.6,0.7,5.3
1294813,5.1,4.3,2.1,3.6
1178098,6.8,5.7,1.2,5.9
4007052,6.0,5.4,1.2,4.9
1953054,6.7,5.0,0.0,6.3
5528788,5.4,5.2,2.4,5.0
1731562,6.4,5.5,0.0,6.1
7605486,5.2,5.1,2.8,4.7
1137405,4.7,6.0,0.5,6.4
1134525,6.3,4.3,1.3,4.7
2296284,6.8,4.4,0.3,5.0
1859431,7.9,5.8,0.4,3.6
1183297,5.8,4.6,1.0,5.2
5790065,0.5,2.2,0.3,7.2
1189684,6.0,4.7,1.1,4.9
3387131,5.8,4.3,1.5,5.5
19902,5.2,5.2,0.6,6.8
1367830,4.5,4.4,0.9,4.8
4010569,6.7,4.6,0.6,5.1
1218986,4.6,4.3,0.2,7.2
9029445,5.7,4.4,1.0,4.8
1131386,7.4,4.9,1.4,4.6
1195734,4.0,5.8,0.4,6.4
2594044,8.0,4.0,2.6,2.6
1563049,5.3,3.9,1.2,6.2
2029468,6.8,4.4,1.5,3.7
1986852,4.3,5.5,0.1,6.4
1230168,2.2,2.2,0.3,7.5
1124245,6.5,4.9,0.7,5.4
2256478,4.4,4.2,2.1,7.5
1147641,4.4,4.0,0.7,4.5
5383631,6.6,6.0,1.5,6.5
78488,0.0,1.4,0.6,8.0
1647059,6.6,4.4,1.2,3.5
1193078,5.0,4.3,0.9,6.0
2307155,4.7,3.7,1.3,3.4
1715844,5.4,5.7,0.4,7.3
22562,6.3,3.1,1.7,2.4
1142199,6.7,5.0,1.4,4.1
87654,4.6,4.1,0.8,4.8
1145338,4.5,5.1,2.8,7.4
1153933,4.4,2.6,1.9,7.8
1152575,5.9,5.0,0.3,4.3
1599480,3.7,5.3,0.9,5.7
1384904,8.5,5.4,1.6,4.3
1586363,8.1,4.9,1.4,4.1
1174444,6.6,3.6,2.8,2.3
1127078,4.3,3.8,1.2,3.3
1401324,4.8,3.9,1.1,4.5
2066652,6.4,5.1,0.0,4.5
5656407,4.9,4.6,2.4,4.7
2759336,5.4,3.4,1.5,5.6
1370177,6.3,4.9,0.6,4.7
2457337,6.7,6.2,0.7,6.4
1834154,7.5,6.5,1.8,8.0
1141175,6.2,5.2,0.0,4.8
1401715,5.4,4.3,0.1,6.4
5232107,6.8,4.2,0.5,1.8
1680,6.7,1.3,1.3,1.5
1399014,5.0,5.9,0.7,5.8
1131303,6.1,5.4,0.8,5.9
1202101,6.3,6.4,0.6,5.9
1314378,6.1,5.8,1.6,5.8
1686787,5.3,4.6,2.8,4.6
22771,6.4,5.2,1.1,3.6
99705,4.9,5.7,0.6,7.7
2140835,5.9,4.8,2.7,4.3
1509135,4.2,3.3,0.6,5.8
1260479,5.2,5.7,1.3,5.5
2177145,7.7,7.0,0.1,4.2
1173389,8.5,3.4,1.7,2.6
2334975,7.6,4.5,2.9,2.9
1903198,5.8,4.7,2.7,4.3
5437709,5.8,5.3,1.0,5.7
1136732,7.5,4.9,0.9,3.7
1250900,6.2,4.5,0.9,4.5
1207135,0.0,0.1,0.0,8.5
1278877,6.8,2.8,4.2,2.5
3952520,5.7,6.3,3.6,7.5
3791557,6.8,5.9,1.4,5.1
1745947,8.1,4.0,3.1,2.3
3595217,7.5,4.9,2.7,3.3
3945018,5.1,5.3,2.7,8.0
4346880,6.9,5.4,1.1,5.8
1134455,6.2,4.3,2.0,3.9
5282082,4.4,6.9,0.4,4.2
1646860,5.9,4.2,1.4,4.4
9213613,6.9,4.6,0.3,4.3
1236671,5.2,5.7,1.6,5.9
1999922,5.3,6.5,0.5,7.8
21081,4.6,4.7,0.4,5.1
2483206,5.6,5.0,2.5,4.4
2232570,6.3,5.2,0.0,6.6
2472449,6.3,7.6,1.2,6.9
2493443,6.3,5.7,0.3,6.2
6658164,5.1,4.9,2.1,5.1
5676524,4.8,4.3,0.4,7.3
2030285,5.2,4.8,3.5,4.9
1846376,7.1,4.9,1.4,5.0
1176403,6.5,4.8,1.1,5.0
1588509,6.2,6.2,1.4,6.2
1135671,6.5,6.0,0.5,6.3
1658806,6.6,3.4,1.0,4.1
8900170,4.4,3.6,0.7,5.3
8831079,6.6,4.5,2.9,3.8
1557064,5.7,3.5,1.3,3.2
9950217,4.1,3.6,2.4,4.3
2268061,6.5,6.3,1.0,6.0
5175914,7.7,5.4,1.3,5.1
1170267,5.5,2.4,0.9,6.6
6487614,5.0,4.7,0.8,4.1
1128682,5.0,4.1,1.5,4.1
1741371,6.4,4.9,1.5,3.6
3215,6.5,2.4,1.8,3.5
1243843,2.9,2.3,0.3,6.4
2754353,5.7,7.3,1.3,5.6
1473415,7.2,5.5,0.5,3.5
4791,8.0,4.5,2.5,3.5
2100304,6.0,4.0,1.8,3.1
7120337,7.1,4.5,2.6,6.3
1168733,7.3,6.2,0.0,4.9
4826808,4.7,4.1,1.5,5.0
1311725,6.1,3.8,1.3,3.4
1257444,6.2,4.7,1.2,3.5
6513088,4.6,2.6,1.1,7.8
5975793,6.2,7.7,0.0,8.5
2081255,6.5,4.3,2.3,2.7
1238859,6.5,3.5,1.1,2.4
1146111,6.7,5.8,1.0,6.1
7712103,1.6,0.7,1.5,4.7
8547785,2.6,2.9,0.7,6.8
5364329,5.8,3.8,2.0,4.0
1182585,7.3,5.4,0.4,5.4
15088,5.7,3.4,1.8,3.1
1148885,8.3,2.3,4.4,2.6
2017637,7.0,2.2,4.5,1.2
4291453,6.9,2.4,4.6,1.5
11890,7.0,2.3,4.7,1.3
2249996,6.6,5.4,1.1,4.5
5081000,7.9,4.0,3.1,2.7
5811554,5.9,2.9,1.5,4.7
1138572,4.6,5.7,0.5,6.0
9348311,6.4,2.1,4.2,1.6
2701692,8.5,5.3,1.6,6.1
8986901,5.0,3.8,1.1,5.0
7383570,4.9,5.9,0.8,6.1
1158166,5.7,2.4,0.1,6.6
1839480,6.6,6.2,1.0,6.7
1427985,6.3,3.9,2.2,2.5
2357808,5.1,4.2,0.8,4.5
1163379,6.7,8.5,0.0,8.5
1866027,6.1,6.1,0.6,6.3
1152905,6.5,4.8,0.1,5.4
2567411,6.5,4.1,0.4,3.3
2041645,7.5,4.8,1.6,4.6
5859535,7.4,6.5,0.0,4.0
89798,4.8,4.6,0.9,5.0
1165303,3.3,1.8,0.0,5.9
12612557,5.1,4.7,2.8,4.0
1381293,6.5,3.9,2.8,2.7
6181687,4.7,4.1,1.7,6.7
4343755,7.1,3.6,1.4,4.5
6386218,5.0,4.0,2.0,4.2
3791757,5.0,3.7,0.6,4.1
1260770,6.1,6.4,1.9,4.8
1106662,6.7,4.0,1.2,4.5
5655851,4.7,4.5,0.8,3.6
11513977,2.7,2.5,0.2,6.0
8514257,4.9,4.6,2.9,4.9
78788,6.9,6.1,0.3,5.9
1460270,6.0,7.6,0.1,8.4
77444,5.5,2.4,0.2,6.7
1739810,4.9,3.7,1.7,4.5
82952,5.5,6.7,0.8,5.7
1189356,3.4,3.5,0.8,5.6
7276693,4.9,5.4,1.1,5.4
3758153,6.8,3.8,2.3,2.2
9944599,7.0,5.1,2.5,3.8
4364843,5.4,4.3,0.8,4.5
1187040,5.2,3.4,2.2,5.2
2474876,6.7,4.2,1.9,4.3
1100210,6.8,4.5,1.5,4.5
1292924,5.4,2.9,2.3,6.4
11537962,3.8,3.6,0.5,5.5
11722,4.5,5.7,0.6,6.5
6246097,4.6,4.1,2.5,4.0
6003681,5.2,5.0,0.2,5.0
2528706,5.7,4.9,0.9,5.5
4191335,5.4,4.1,0.0,5.7
7149,5.5,2.3,0.5,6.6
1207241,6.1,7.7,0.2,8.4
1565477,0.8,2.4,0.5,7.1
11038017,6.7,5.0,0.0,4.4
10824085,5.0,4.0,1.8,5.1
9663048,6.0,4.4,1.7,5.0
1123336,8.2,4.3,2.5,3.0
6292,3.0,2.3,1.0,6.3
6120375,6.4,5.6,1.2,6.4
76284,6.5,5.3,1.4,5.8
77837,5.8,6.2,0.3,6.7
9528274,4.8,4.1,1.1,4.5
1136586,6.6,4.5,1.7,4.7
2474718,6.9,4.1,1.8,4.6
97303,7.4,5.4,0.7,5.2
6529489,4.9,4.9,1.9,5.0
1140759,5.9,4.8,1.5,6.6
6243882,3.3,2.4,1.4,6.8
2927119,8.0,6.6,0.0,5.1
1141714,5.2,6.4,1.6,6.6
1695211,6.5,3.0,1.7,3.9
1135844,7.3,7.0,0.6,7.2
2027937,5.8,4.7,0.0,6.1
1261848,4.7,4.3,1.0,4.7
1541570,2.4,2.2,0.6,6.4
7476568,6.8,4.7,1.5,4.0
1631438,7.5,5.2,1.3,5.5
4925877,3.7,3.2,0.8,8.0
98179,3.4,2.3,0.6,6.4
1560930,5.5,4.5,0.9,4.5
1517896,3.2,2.4,0.0,6.5
8737583,4.5,4.4,1.2,4.3
1382375,8.4,6.7,0.7,5.3
77420,6.1,5.1,1.3,4.9
12687,7.4,7.4,0.8,7.1
1166785,6.3,6.7,0.9,7.4
79361,6.3,7.6,0.6,7.9
67054,8.3,4.8,0.9,5.4
8183424,7.2,6.8,0.8,6.4
5764375,6.2,5.1,1.5,4.6
1752790,6.5,6.3,1.1,5.3
48994,7.2,7.2,0.8,7.1
8743671,5.4,6.6,0.9,6.5
81907,7.3,7.3,0.9,7.2
1204181,6.0,4.6,3.3,6.6
1664227,3.2,2.6,0.4,6.3
2037392,4.2,2.7,1.7,6.9
1161675,6.8,7.7,0.3,7.2
99874,6.8,5.6,1.0,5.9
88835,6.4,6.0,1.3,6.0
1166613,7.4,5.8,0.7,4.8
1378627,7.0,4.3,0.3,4.6
2414881,3.0,1.7,0.0,6.8
2521381,7.8,5.7,0.7,4.5
9072646,7.2,6.8,1.1,6.1
1734624,7.4,5.6,0.7,4.9
1550258,1.8,1.8,0.7,6.8
1173646,7.5,5.4,0.6,5.1
1142378,7.4,5.9,1.3,5.0
2454749,4.8,5.9,0.9,6.9
98621,6.9,5.3,0.3,5.3
1944490,7.6,5.7,0.0,4.6
91140,5.3,4.2,0.6,6.5
1206543,8.5,4.0,1.4,4.5
75016,6.5,5.6,1.3,6.0
7103,8.5,2.3,4.8,2.4
1152838,7.6,5.5,0.8,3.4
1724002,6.4,6.1,1.0,6.0
83357,8.5,5.5,0.9,5.3
7410589,6.4,5.8,2.5,6.6
3840090,7.3,7.3,0.8,7.2
1786290,6.7,5.3,0.5,6.1
6471360,7.2,5.5,1.7,4.3
4920918,6.8,4.8,1.1,5.2
1300451,6.7,5.9,2.3,7.6
9644390,8.5,3.3,3.0,3.7
4567498,7.1,6.8,0.4,6.3
87426,7.4,7.5,0.6,7.2
2591625,6.6,4.0,1.5,4.6
1133661,5.2,5.7,0.8,6.2
1251480,7.7,5.3,2.2,3.3
1139293,7.0,5.4,1.5,6.0
1938849,6.6,5.1,1.8,3.8
1993972,8.5,5.0,1.1,5.8
23767,6.4,6.3,0.8,6.8
1912241,1.2,2.8,0.3,7.3
3807612,7.9,4.8,1.5,5.2
7503511,8.4,5.2,1.2,5.8
1961607,6.2,3.9,2.0,4.0
1167280,7.8,5.3,0.6,3.5
1984446,7.4,6.9,0.8,6.9
1207204,8.5,5.2,1.0,5.6
1563160,1.9,2.0,0.0,8.5
1170233,6.5,5.8,0.8,6.3
31574,8.1,4.6,1.8,4.4
1179603,7.4,7.5,0.5,7.0
1249109,3.0,2.3,0.4,6.4
779873,4.5,2.7,0.0,7.5
1267148,6.9,5.5,2.1,6.4
1214838,6.3,5.2,0.8,6.2
2402916,2.9,2.3,0.1,6.6
13406,8.5,5.2,2.0,4.5
79269,7.3,7.4,0.6,7.3
6190334,7.5,4.6,2.4,3.9
1947902,5.7,6.2,0.7,7.1
1366612,7.0,7.1,0.6,6.6
1817391,6.4,5.6,0.0,6.2
736237,5.8,6.4,0.0,6.8
1191762,7.5,6.1,1.6,3.5
6021914,2.6,2.1,0.7,6.2
95444,7.3,5.6,1.0,5.3
1167795,7.5,5.8,1.1,5.3
1101191,5.3,4.3,1.0,4.5
1188750,4.5,4.4,0.5,4.9
4967552,5.9,5.1,1.4,5.5
5356762,4.8,4.7,0.0,5.1
4934532,2.7,2.9,2.4,6.1
1228358,4.1,3.4,1.7,6.7
1185504,5.3,4.4,0.5,6.6
1164787,7.4,5.3,1.1,4.4
1264991,8.2,4.8,2.3,3.3
1622384,5.9,4.9,1.3,4.2
6061557,5.7,4.8,0.9,3.8
1535476,7.0,4.7,2.0,4.3
1154408,6.1,5.2,1.9,4.9
11420071,3.7,3.7,2.0,5.9
16479,5.5,2.5,0.8,6.7
2120540,8.5,6.6,1.7,5.2
1174373,5.8,2.4,0.9,6.5
1148652,8.2,7.0,1.7,5.8
7426224,0.0,1.0,0.6,8.4
1203848,6.6,3.8,1.6,4.1
77446,6.2,7.9,0.2,8.5
1490331,1.9,2.4,0.0,6.8
1213422,2.2,2.4,0.5,6.0
5278823,2.7,2.4,1.5,5.9
75966,6.8,5.2,2.8,4.4
86869,5.9,7.7,0.4,8.3
71294,7.4,5.0,1.0,4.3
7433406,8.5,4.5,1.7,3.1
7950763,6.8,5.9,0.9,5.4
3123416,6.5,3.9,1.5,4.5
1500465,6.4,6.5,0.3,7.2
1285396,4.7,5.6,0.7,6.3
1224124,5.7,7.8,0.0,8.5
16644,6.3,7.6,0.4,7.9
9616141,7.1,5.1,1.2,5.2
5014885,5.7,2.8,1.0,6.3
3601890,4.4,5.3,0.3,6.2
4381819,4.8,5.3,0.8,5.8
11746,5.2,4.4,0.8,4.6
9209613,2.6,3.8,0.3,7.1
779475,7.1,7.1,0.5,7.0
8445783,7.7,6.9,1.3,5.8
22273,2.7,2.1,0.0,6.2
8853801,3.5,2.2,0.4,6.2
779863,5.0,3.3,0.4,7.4
1250491,3.0,2.2,0.3,6.4
4572743,4.0,3.1,0.6,7.4
2207421,2.0,2.6,0.8,7.2
2816659,4.6,4.6,1.5,7.1
2141,8.5,3.2,3.1,1.5
96979,6.3,6.0,1.9,3.5
3991910,6.3,7.1,0.0,7.6
2375223,5.8,6.0,0.2,6.8
1388887,6.2,5.4,0.9,6.4
2369892,4.0,6.0,1.1,5.0
77520,7.6,5.5,0.5,5.9
1236666,6.6,5.2,0.9,4.5
7778,6.5,4.9,0.9,5.3
1721226,6.0,7.5,0.1,8.4
1663245,6.7,4.4,1.2,4.0
1128600,7.3,5.4,1.1,5.3
1504558,3.0,1.8,0.0,6.8
9820558,3.2,5.5,0.9,5.2
1798032,6.2,5.0,0.9,5.1
2059457,6.6,5.4,0.1,5.9
4303237,4.2,6.8,0.0,5.5
2257476,6.4,5.8,0.9,5.9
2141966,6.3,3.2,2.1,3.6
12219,4.5,5.6,1.0,6.3
2918634,6.4,5.3,1.0,5.9
5985869,3.3,2.6,1.2,4.8
2509547,8.5,6.2,0.6,4.9
4133094,3.7,5.3,0.3,5.6
10922215,6.2,4.7,1.0,6.1
1219256,5.0,3.8,2.2,4.7
1597138,4.2,5.8,0.4,6.5
6188333,7.1,4.5,0.2,5.2
1453418,6.1,5.7,1.7,6.0
1105395,5.2,6.3,1.2,6.6
15143,5.9,2.7,0.9,6.5
1838039,6.3,4.8,0.5,5.4
3046974,5.9,4.3,0.0,4.4
6819078,3.0,2.9,1.0,6.2
2334050,4.9,4.3,0.8,5.2
9787667,6.5,4.3,0.8,5.3
7042918,7.4,7.5,0.3,7.3
19445,6.2,3.3,1.8,3.8
1428377,6.6,6.0,0.9,6.2
2383155,8.2,5.0,1.3,5.3
2084163,6.2,3.5,2.6,2.4
2396959,8.0,8.5,1.4,8.0
1165047,7.4,5.4,0.5,5.2
6629718,0.6,3.1,0.7,7.2
3097008,5.8,4.0,2.1,3.8
1712769,6.3,4.7,1.3,3.6
4072162,4.9,4.4,0.5,4.9
2493032,5.5,2.4,0.0,6.9
22571,6.7,4.3,1.0,3.0
1171337,6.0,4.1,0.8,2.9
22570,6.0,4.4,1.2,3.6
1515770,5.9,3.4,1.7,2.2
7068285,5.9,4.3,0.0,7.3
1151307,7.7,4.6,1.5,4.3
72494,4.9,3.6,1.6,5.4
1208289,6.2,3.7,2.1,4.1
1179299,6.8,6.2,1.4,5.1
1142594,7.4,7.8,0.8,7.2
1243822,4.6,5.9,0.1,6.2
77512,6.2,6.3,2.0,4.6
1721362,5.1,4.5,0.6,4.9
6302004,4.6,4.0,0.4,5.6
7493,6.7,6.2,1.0,6.1
2408552,6.3,5.3,0.8,5.6
1102165,8.5,5.0,1.1,5.5
1204753,6.0,4.4,1.5,4.1
96193,7.4,7.2,0.7,7.3
7311113,6.3,5.7,1.4,5.7
1136193,7.4,5.6,0.8,5.1
86705,7.2,5.5,1.0,5.2
1514153,6.7,5.4,0.6,6.1
2201004,2.4,2.4,0.5,6.5
78642,6.1,7.0,0.3,8.3
20649,6.4,5.1,0.9,4.6
10014228,6.7,7.8,0.0,8.5
4173444,3.8,2.2,1.3,5.5
74856,5.1,6.0,0.8,6.5
1100250,7.4,7.7,0.3,7.4
5290564,6.0,5.4,0.5,5.8
80191,7.2,5.4,0.5,5.0
3059829,4.2,5.0,0.4,6.7
1182814,7.0,5.0,2.7,3.8
13305,7.9,5.5,1.1,4.4
1266898,6.7,4.7,2.1,4.2
1223548,5.1,5.8,0.7,6.4
1913526,4.9,2.2,1.9,4.5
1426442,4.5,6.1,0.0,6.1
1126221,6.4,5.9,1.2,5.9
1253962,5.7,6.4,1.0,6.3
1202407,5.1,5.4,0.0,6.9
1150901,6.3,5.9,0.5,6.3
8619,5.9,6.0,0.8,6.0
1591136,6.0,3.9,0.4,4.7
1194669,6.6,6.4,1.0,6.0
1200000,6.9,5.7,0.4,5.3
1151247,6.8,4.0,0.0,4.2
1991696,6.0,5.2,0.9,5.3
1568183,6.1,6.2,0.9,6.6
1158837,6.3,5.9,0.1,6.1
1117348,5.7,5.7,1.2,5.5
1576642,6.2,5.8,0.9,5.9
1522975,7.0,5.2,0.7,4.7
1387557,6.1,6.8,1.6,4.7
1630232,6.6,4.5,0.3,4.7
10249,6.5,6.4,0.7,6.2
3188948,6.0,6.1,0.3,6.5
7149856,4.3,4.2,1.7,4.2
1406998,6.1,4.0,1.9,4.5
77250,8.4,6.1,1.0,6.6
3552489,7.0,5.9,0.7,6.0
2038639,5.5,7.1,0.0,5.7
1740069,2.1,2.4,0.9,5.8
2136710,6.6,2.7,4.6,1.6
1419392,6.5,5.9,1.3,6.2
1100889,5.8,6.7,0.7,8.2
99745,6.1,7.9,0.0,8.5
2806,3.1,2.8,0.6,6.4
1290652,8.5,5.0,2.0,5.3
1598882,5.6,3.9,4.0,5.8
1129392,5.8,6.0,0.7,5.9
9805777,5.6,4.6,2.8,4.9
78486,8.1,4.9,0.0,2.7
39664,6.5,4.4,1.1,4.3
1983760,7.5,5.2,1.5,4.0
9202735,6.3,4.0,1.6,5.3
49644,6.3,6.0,0.8,5.9
1829321,6.7,4.6,2.0,4.5
1686471,5.7,4.6,1.3,4.9
8713358,5.8,5.3,3.0,5.0
5707026,5.7,4.8,2.8,4.1
10788793,6.5,4.2,1.5,4.2
1660906,6.6,6.4,0.0,6.5
1124993,5.0,4.4,1.1,7.8
2318371,6.2,7.1,0.6,8.5
5441625,6.1,7.2,1.4,8.5
1184194,7.4,4.7,0.5,5.5
4338962,5.8,5.9,0.3,4.9
2293135,4.3,4.0,1.6,6.4
2591579,7.8,6.1,1.0,6.7
1424455,6.2,5.7,1.0,5.8
1664699,8.5,5.7,1.1,4.2
1209244,6.3,6.3,0.7,7.1
10575558,4.3,3.2,0.8,7.0
2792668,7.9,5.2,2.5,3.8
7537088,2.7,4.1,0.3,6.5
1146088,4.9,4.3,0.8,7.4
5029634,7.4,7.6,0.6,6.6
1378973,7.0,5.7,0.1,5.3
1212810,0.8,2.3,1.6,7.4
1480898,3.0,2.5,0.3,5.8
1393195,7.6,5.3,0.7,3.7
1158243,7.3,5.5,1.0,5.1
3326797,6.0,3.9,1.2,4.5
76810,6.2,4.8,1.5,4.4
2830262,5.8,4.1,1.0,4.6
98918,6.6,3.4,0.9,2.3
2679007,5.0,4.0,0.2,3.9
1183200,4.2,5.5,1.8,5.5
2037026,3.7,4.4,3.2,3.8
5419918,8.0,3.7,3.4,2.7
4075513,8.2,4.2,0.8,4.6
8919213,7.1,5.9,2.7,4.3
1878302,7.1,4.7,1.8,4.8
12742008,4.1,4.4,3.5,4.6
2685365,5.5,3.6,1.1,4.3
7175987,8.2,5.7,1.2,4.7
1218869,4.4,3.7,2.5,3.4
7482504,6.3,4.3,1.3,4.4
4119837,3.0,2.9,0.0,6.4
1139242,6.2,5.1,0.4,5.6
2607459,6.1,6.0,0.0,6.2
2600822,5.5,6.2,1.9,5.3
3246625,5.4,4.7,2.3,4.7
10008811,3.5,6.4,0.4,5.5
1120172,5.4,3.4,1.7,2.0
1764825,6.4,6.2,1.6,6.1
14895,7.6,5.0,0.8,3.2
1748909,4.4,5.2,0.4,5.6
1811702,7.1,3.9,1.1,3.8
1120174,5.4,5.1,1.1,3.2
2872419,6.0,5.8,0.7,5.9
4724193,6.1,4.9,0.5,4.6
1561676,8.2,4.3,2.3,4.6
1138914,5.9,6.0,1.0,6.1
1139538,6.7,5.6,0.0,6.1
14498,4.1,5.9,0.7,6.1
2388332,6.3,3.2,3.1,3.2
77142,4.1,3.2,1.3,5.6
1226456,7.2,4.4,1.6,5.1
7166136,4.7,5.6,1.3,5.2
1188530,6.3,4.0,1.5,4.2
1218881,7.9,3.9,1.6,4.5
7762900,7.0,4.3,1.8,4.1
9578205,5.8,3.5,0.9,4.1
9663041,6.1,4.3,1.9,4.4
1164191,6.2,6.3,0.7,6.2
1242059,5.6,4.4,1.2,5.0
1808511,5.3,4.3,0.5,6.5
1841728,4.2,4.2,0.5,4.2
7562727,6.5,5.6,0.2,6.2
4672771,4.3,4.8,1.3,5.4
9855254,6.1,5.9,0.0,6.6
1210435,8.2,5.0,1.4,5.3
1616,6.1,4.4,1.5,4.5
12968528,6.0,5.3,1.3,5.1
1128845,5.6,5.8,1.3,5.7
1549317,6.9,6.0,1.9,5.7
98956,7.9,4.9,1.4,5.7
7229061,6.6,5.0,1.2,4.0
1162928,5.3,3.4,2.5,3.9
1479859,6.7,3.5,2.1,2.3
11921789,5.7,4.0,3.7,3.7
1552223,6.2,4.5,1.9,4.7
2258843,5.1,4.2,0.7,4.6
11205,5.3,2.5,0.0,6.8
4248496,6.1,5.4,1.0,5.8
1234768,7.7,5.1,0.7,3.7
1215029,5.8,3.8,0.9,3.9
2054820,5.5,4.4,1.8,4.6
3674494,6.4,6.4,1.1,5.9
9228900,4.9,4.8,2.6,4.7
8375725,6.4,5.4,0.2,5.6
6328686,5.0,3.6,0.7,4.5
9602539,5.8,4.7,2.1,6.2
4809734,4.3,4.0,0.9,4.9
2026479,5.7,6.6,1.1,6.2
1445814,5.9,5.0,1.9,5.8
3994366,6.3,4.7,1.4,6.1
1138906,6.4,5.2,1.2,5.5
2257554,4.7,5.2,1.1,5.2
1622020,5.0,3.3,2.1,5.3
1174557,7.3,7.0,1.0,7.1
1126590,8.5,6.5,1.8,4.9
4031091,7.4,6.8,1.1,6.6
1404492,6.2,5.9,1.5,6.0
2269467,5.5,3.9,2.4,3.1
1301112,7.0,4.8,0.8,5.1
4604187,7.0,5.7,1.1,4.3
1546647,8.5,3.6,0.0,4.1
1219007,6.4,6.4,0.8,6.2
9446661,5.9,4.5,2.5,5.0
5769769,8.2,4.2,5.0,2.6
3534054,5.7,5.0,2.0,5.2
10845337,6.5,4.8,1.8,4.9
5402116,1.9,2.5,0.4,7.1
9611627,4.6,5.7,1.3,6.3
2552079,6.6,4.7,0.5,4.3
3316230,7.2,5.2,0.4,5.1
10929174,4.1,4.0,4.0,3.9
1141992,6.5,5.0,0.5,5.2
8958138,5.1,3.8,2.8,3.9
2185794,6.8,4.2,0.9,4.3
2675664,5.6,6.7,2.2,5.2
12051744,4.3,4.2,3.0,4.9
5530663,6.5,7.2,0.3,6.1
8905062,6.5,5.1,1.5,3.2
1653385,4.2,6.8,0.0,5.5
2004137,6.4,4.7,1.3,4.4
2054966,0.2,2.4,0.0,7.1
1799957,5.7,4.1,1.7,4.4
2346768,5.7,3.8,1.5,4.3
1496062,6.4,6.4,0.5,6.1
2363186,7.0,4.7,1.8,5.1
8047195,6.3,4.6,0.8,4.7
8630740,4.8,5.1,3.1,4.8
4835339,4.4,4.0,0.3,4.8
6800666,7.6,4.0,3.0,2.9
88730,6.4,5.7,0.8,6.2
97199,8.5,4.0,2.7,2.8
6816776,6.1,5.2,2.4,4.2
10949389,6.7,4.7,1.9,4.9
2399002,0.0,1.1,1.5,8.2
84026,6.0,6.0,0.0,5.9
1931412,4.1,3.5,1.4,5.2
4736576,4.9,3.6,2.5,4.2
4781778,6.2,5.6,1.2,6.1
1199214,4.1,5.5,0.2,6.0
2333833,5.9,5.8,0.0,6.8
14953,4.8,4.1,1.7,4.0
1551962,0.1,2.2,0.6,7.2
5483700,6.8,3.8,1.0,4.3
5895119,5.7,5.0,0.5,5.0
8100305,7.9,4.2,0.8,4.8
5653113,4.8,3.5,2.1,4.3
7164424,6.4,4.4,0.9,5.1
1306938,5.3,4.1,1.0,6.2
4925840,5.4,4.3,2.5,4.9
12152277,4.3,3.8,3.5,4.5
12810247,5.9,5.1,2.9,5.1
1196802,6.0,6.0,1.7,6.2
7996217,6.4,5.2,2.3,5.1
12619983,4.6,4.3,1.6,5.5
86154,6.7,5.5,0.9,6.3
2288640,4.9,5.1,0.1,6.3
5641480,6.8,6.8,0.5,4.9
1395942,4.5,3.7,1.2,6.4
1147628,5.5,2.9,2.2,3.8
1660562,5.9,7.0,1.1,5.5
6691245,6.1,6.2,1.4,6.3
1885785,5.8,6.8,1.1,5.4
11383875,6.6,3.5,0.0,3.6
2191984,5.6,4.7,2.5,4.6
1212807,6.1,4.8,0.0,4.5
1170367,7.4,7.1,0.6,7.3
1821968,5.0,4.4,1.9,4.9
1742507,6.2,5.3,1.5,5.5
6675492,6.7,3.8,3.3,2.9
6776356,6.7,3.7,2.3,2.3
1213653,6.2,4.3,2.0,4.8
11173,5.3,2.7,0.1,6.4
9738363,6.5,4.9,0.1,4.6
6852658,7.3,4.6,2.3,2.8
5533069,6.5,1.7,3.5,1.2
2426739,4.2,3.2,1.0,2.8
2169229,5.4,3.9,2.0,3.3
8456822,7.0,5.2,0.9,4.7
2020297,7.2,6.0,1.0,5.8
1901138,7.7,5.7,1.1,3.6
11190865,4.2,3.8,3.0,4.7
1992036,6.2,3.7,0.2,4.9
2026604,6.6,5.9,1.2,5.8
5882139,4.9,3.7,1.8,4.4
98589,6.1,4.6,1.8,4.8
1276543,6.3,4.7,1.2,4.8
4418279,7.4,5.8,0.5,3.6
1211850,7.4,5.3,0.6,3.9
1127790,4.5,3.7,1.7,3.4
5903001,5.9,4.1,1.9,4.7
10057847,5.1,3.7,1.9,3.7
2274751,7.3,4.1,3.8,3.1
7420635,4.6,3.7,2.1,4.1
3344301,6.9,4.6,1.7,5.0
1650763,7.4,5.2,1.4,4.2
1731440,7.3,5.4,0.5,3.9
1245480,6.6,6.0,1.2,6.1
1903267,6.1,2.5,3.6,2.4
7430226,7.2,5.4,0.0,5.5
6467972,6.8,4.3,3.6,3.5
4915032,7.2,4.0,2.6,3.3
1938996,5.1,4.7,2.6,4.7
4217603,6.4,5.1,0.9,5.9
1435742,6.3,5.7,0.0,5.0
13479,6.2,4.2,0.8,4.5
7291531,5.2,3.6,2.2,3.5
5215947,6.6,4.8,3.6,4.0
6182231,6.2,2.4,4.1,3.1
1997431,4.6,4.6,3.2,4.7
1202127,6.8,5.7,0.8,6.0
4904331,7.2,3.5,2.5,2.2
76808,6.3,4.2,1.5,4.6
76809,7.5,4.6,0.6,5.3
1321228,7.2,7.2,0.6,7.2
1237545,7.3,4.8,0.7,5.6
1527556,3.3,2.5,0.0,6.8
1458564,7.2,7.2,0.0,7.2
1198583,8.3,4.3,0.9,4.4
7007717,4.7,6.3,0.4,6.4
1529469,3.3,2.2,0.2,6.7
10533143,6.1,5.3,0.0,4.7
94966,7.0,6.9,0.9,6.9
4113,6.2,5.6,0.5,6.2
1640225,7.5,7.6,0.4,6.6
82728,6.0,5.6,0.7,5.1
1195642,7.3,5.6,1.0,5.0
5532923,6.9,5.0,1.7,4.8
21929,8.5,2.4,4.8,2.3
1419334,7.2,5.7,0.9,5.2
1660212,8.5,4.5,1.8,4.2
1164137,8.0,4.1,0.7,4.8
1527591,6.9,5.4,1.2,6.0
1292564,6.3,4.6,1.2,4.3
6649005,8.5,5.4,1.3,5.6
4873214,6.4,7.7,0.6,8.0
778823,6.4,6.4,0.5,7.2
1780829,3.9,3.4,0.3,6.4
4907265,3.5,3.0,0.0,6.9
1690612,6.6,4.1,2.4,3.0
5102512,8.5,4.9,2.1,3.4
1112310,8.0,5.5,2.1,3.7
6936435,7.8,4.7,2.7,3.5
9644074,7.9,5.2,0.3,5.5
73628,5.4,2.4,1.4,6.5
17998,8.1,4.5,3.0,2.8
1880180,3.0,1.8,1.1,6.7
90134,6.4,7.7,0.3,8.5
5262091,7.4,4.5,1.8,4.2
92537,8.3,2.4,4.8,2.6
1254128,6.8,5.3,0.8,4.1
1163903,6.4,5.9,0.9,5.9
2214910,2.9,2.3,0.3,6.4
1925975,5.4,4.8,1.1,7.6
89624,7.5,5.7,0.7,5.2
76305,6.6,6.1,0.7,6.1
12264,6.5,5.5,1.3,5.9
768734,7.3,5.5,1.0,5.3
1112219,7.5,5.6,0.5,5.0
1166658,4.3,3.2,0.8,6.5
18017,8.4,3.9,0.7,4.4
1100955,5.6,3.9,1.2,4.5
1107363,5.3,4.1,1.3,4.5
1551996,6.7,5.5,0.8,6.0
779952,7.3,5.2,1.1,5.1
4424480,6.7,4.4,2.0,4.0
1321081,6.7,5.2,0.9,4.5
1986727,4.5,4.5,2.7,7.2
2165446,8.5,5.8,0.5,4.4
10669130,0.0,1.8,0.0,7.8
3679367,6.5,4.7,0.5,4.0
73258,3.5,2.5,0.7,5.8
2325371,4.3,4.0,2.0,5.0
1127175,3.2,2.5,0.6,6.3
1190058,6.4,5.8,1.3,6.3
779305,4.2,3.6,0.6,7.2
8974,7.4,5.4,1.0,4.3
6250445,4.8,5.2,1.6,8.0
1128905,1.0,1.8,0.9,8.0
1988346,5.1,4.5,2.8,7.3
86362,6.5,6.3,0.7,7.1
79519,3.8,3.0,0.5,6.5
100372,6.2,7.8,0.3,8.3
1202763,6.5,4.9,0.7,4.9
9065894,4.7,4.7,0.2,4.6
1654976,6.4,8.0,0.5,7.8
6891217,6.3,5.4,1.5,5.5
6443159,1.4,1.8,0.0,7.2
1151306,6.5,3.8,1.0,2.5
1136300,6.5,6.4,0.4,7.1
1996235,7.5,5.5,0.9,5.3
4006169,6.3,5.3,0.7,4.2
1145413,7.3,7.1,0.5,7.2
1105857,8.5,5.4,0.9,5.5
4126690,6.2,7.8,0.6,8.1
79876,6.2,6.3,0.4,7.2
4953941,1.3,3.0,0.3,6.9
1136983,4.9,5.6,0.9,6.3
1146815,6.1,7.7,0.3,8.3
1100211,6.7,6.5,1.6,4.7
6811527,4.8,4.4,0.4,4.7
1789305,6.6,6.3,1.8,5.9
1674623,8.0,4.5,0.7,4.7
1157964,7.7,5.5,1.7,4.5
2355320,6.6,5.3,0.9,5.9
2475360,3.8,3.2,0.7,6.9
2122072,3.9,1.3,0.7,5.6
6755968,8.3,3.9,1.6,4.5
1126809,7.3,7.5,0.6,7.2
1137707,4.9,5.9,0.9,6.4
43974,6.8,3.7,2.2,3.3
1721127,6.8,5.7,1.3,6.0
1256129,5.8,5.7,0.4,6.5
90133,5.8,8.0,0.8,8.2
1524568,7.0,4.6,0.8,4.4
1366255,3.6,4.4,0.0,6.5
8950197,7.1,3.6,3.3,2.7
2716561,7.7,5.5,1.5,5.8
2786323,5.4,2.6,0.6,6.7
2557266,0.9,1.8,0.7,8.2
7037735,5.3,6.0,1.2,4.2
2042514,6.7,5.4,2.1,6.0
4403313,4.2,2.5,2.5,4.8
1215716,8.0,5.3,1.7,5.0
2530402,6.4,4.1,0.4,4.5
1770338,7.3,4.2,0.5,1.8
1290751,6.6,6.9,0.9,6.2
7748029,7.5,5.0,2.1,3.6
4544612,5.7,5.5,1.7,5.8
4498077,6.7,5.4,0.1,5.4
7287938,0.8,1.9,0.8,7.3
3827352,6.0,4.4,1.6,4.1
6372216,5.2,5.1,0.4,4.6
5259861,6.6,4.7,1.3,4.9
5496921,3.9,4.2,1.3,7.9
9057,8.5,5.8,1.3,5.5
3144437,7.2,2.4,4.6,1.7
1608850,3.6,3.5,0.0,6.7
1995367,4.5,3.4,0.6,4.7
1209249,7.2,5.9,0.4,5.3
1169533,5.2,4.9,0.7,5.9
1149392,6.5,4.2,0.5,4.7
4144183,4.2,6.8,0.0,5.5
2417995,5.8,5.7,1.9,5.1
3091169,7.0,7.2,0.2,6.2
1384844,7.2,5.0,0.0,5.0
2092712,8.5,6.0,1.1,4.1
2847009,6.3,6.2,0.0,4.9
1542957,6.7,4.0,2.3,4.2
1892109,6.9,4.6,1.0,5.4
1127470,6.9,4.9,1.1,4.0
3191182,7.7,4.0,0.6,4.1
1361671,4.2,6.8,0.0,5.5
5257031,6.1,4.6,0.3,5.2
1491225,7.0,4.3,0.6,5.3
5528803,6.7,5.6,0.5,6.4
5920979,6.4,4.1,2.8,3.6
1220748,6.7,3.6,2.0,4.0
1998864,5.7,4.4,1.1,5.1
22690,5.3,5.6,0.3,6.5
8910560,5.3,5.1,0.8,5.4
1241744,6.4,6.3,0.8,5.4
1128211,3.3,2.6,0.5,6.2
1212282,6.4,5.8,1.2,6.0
9618006,2.7,2.5,1.2,5.2
2063980,6.3,6.1,1.1,5.7
1621238,6.7,4.8,0.9,4.8
6002085,7.0,4.7,1.1,5.3
1610063,4.3,4.3,0.5,7.8
4779329,5.7,5.0,2.5,6.6
1495307,4.7,4.2,1.3,7.4
1137300,7.0,6.9,0.5,6.7
6613179,6.8,4.2,2.1,3.8
95214,3.4,2.2,0.0,6.3
1126092,6.3,7.1,0.6,7.5
23983,2.2,2.2,0.5,6.1
6858808,6.4,5.5,1.7,5.5
1529357,6.1,6.2,0.6,6.4
1142876,6.6,6.1,0.5,6.0
2875076,6.4,5.2,1.4,5.0
5450140,6.4,4.4,1.4,5.2
1198249,6.7,7.5,0.0,6.5
1100818,6.9,5.5,1.3,6.0
779525,4.7,4.5,0.5,4.9
2070191,4.8,4.4,1.1,4.5
2450701,6.2,5.3,0.6,5.1
1525228,7.3,7.1,0.8,7.3
2457598,5.7,4.6,1.1,4.9
16227,6.1,5.3,1.3,5.9
1198036,5.5,5.0,0.5,5.2
1232796,6.1,7.4,0.8,8.0
7490310,8.5,4.3,0.0,5.2
1942650,3.5,2.4,0.3,6.9
1250391,1.1,1.9,0.7,8.2
65134,5.1,4.4,0.9,4.7
2138441,1.2,2.0,1.1,6.4
1267706,5.3,7.2,0.2,7.8
1108064,8.5,8.3,2.0,7.2
1568723,5.7,4.3,0.1,5.0
1177155,7.4,8.0,0.7,7.3
8792,6.0,7.7,0.4,8.3
9440015,5.2,6.9,0.8,4.5
1187141,6.6,4.9,1.3,5.3
1708656,7.7,7.5,0.0,7.8
1216358,6.8,6.3,0.8,7.3
1931927,7.1,5.6,0.4,5.1
1218440,6.8,5.9,2.0,7.5
93869,7.4,7.6,0.5,7.0
1202999,8.3,4.1,2.4,2.6
1194187,5.6,5.1,0.9,6.0
6325341,4.5,3.6,0.7,6.2
73216,6.7,5.7,1.3,6.2
4127219,5.5,6.1,1.1,6.3
1786245,4.7,3.2,0.3,6.3
2716704,3.3,3.7,0.5,6.4
1542047,6.8,5.5,0.0,5.0
1241608,6.6,7.6,0.0,5.5
20658,8.5,5.1,0.7,5.5
97272,7.4,7.5,0.5,7.3
1308697,8.0,5.8,1.3,4.4
3869419,8.0,5.0,1.1,5.2
1401373,6.7,6.3,0.9,6.3
1193807,6.2,2.9,1.4,4.6
5272397,6.0,4.3,0.8,5.6
1744450,2.4,2.4,0.7,6.3
8192,6.3,3.2,1.6,2.1
1128000,8.5,2.3,5.0,2.3
23751,6.3,6.4,0.3,7.2
1158237,8.5,2.7,4.9,2.4
1123739,4.9,4.2,1.1,7.2
2707958,4.1,4.2,0.8,8.1
1186566,7.3,6.4,0.1,6.6
1188471,7.3,5.5,0.8,5.3
2864731,5.9,7.5,0.1,7.9
1939347,6.6,7.8,0.7,7.6
7618899,5.7,4.3,1.0,4.2
88942,6.4,5.8,1.8,5.9
2021523,7.1,5.7,1.2,6.0
2338962,7.4,4.0,1.4,4.9
1219690,6.0,4.6,1.5,5.3
1233769,3.7,4.0,0.4,5.1
94867,3.1,3.2,0.0,7.8
2066279,6.7,5.8,1.2,6.0
4964645,5.5,7.1,0.2,7.8
1194277,4.9,5.4,0.6,6.4
5529189,7.5,4.5,1.4,5.2
1310063,2.7,2.1,1.0,5.7
1100988,7.1,7.3,0.5,7.2
2277346,7.5,5.7,0.5,5.4
79614,3.4,2.4,0.1,6.0
94978,7.5,7.4,0.3,7.3
7866,5.4,4.8,1.3,4.7
1103724,2.4,1.9,0.5,5.6
1136286,7.2,7.1,0.8,7.0
28284,5.6,6.0,1.2,5.3
1229216,5.7,4.7,1.6,4.8
1205577,6.8,2.2,4.3,2.0
1108666,3.6,3.0,0.4,6.1
1211388,6.2,7.5,0.2,8.2
1126470,7.1,4.5,1.2,4.3
1103723,2.5,2.4,0.1,6.4
3788438,8.5,5.6,0.9,5.6
83380,6.4,6.4,0.8,7.2
8709986,7.0,7.9,0.8,7.2
75871,6.3,4.7,0.6,5.3
1933752,6.5,5.9,0.8,6.0
1470329,6.6,5.4,1.2,5.3
1174834,7.3,5.2,0.4,5.2
8713239,6.0,5.6,1.3,6.4
1779648,6.3,5.8,0.5,5.9
89192,4.9,5.2,0.2,5.4
1245654,6.5,5.7,1.0,4.6
4438952,3.2,2.0,1.1,5.9
84287,8.3,3.8,0.8,4.5
77445,5.7,2.5,1.1,6.4
6961903,8.0,4.2,0.2,4.8
1194042,7.0,7.2,1.0,6.0
1192654,2.7,2.4,0.7,7.0
2798,3.1,2.6,0.3,6.0
16455,5.5,5.1,1.7,4.7
11448047,5.0,4.7,0.8,5.1
14623,7.2,5.1,0.3,5.4
1919080,3.3,2.3,0.4,6.1
1690371,8.5,5.9,2.3,3.6
1107386,8.4,4.7,0.9,4.8
2657507,7.4,5.8,0.9,5.3
1595260,4.8,3.4,0.3,4.6
86250,2.6,2.2,1.0,6.2
1138658,6.5,5.8,1.1,6.0
3870182,6.5,4.6,1.5,4.4
61144,5.7,6.6,0.2,8.4
1177527,3.5,2.4,0.6,6.3
1525195,6.5,4.6,0.0,4.7
1575353,6.5,6.2,0.9,6.1
1538279,7.4,4.8,0.4,5.5
16566,7.4,5.9,0.5,5.4
1241308,6.9,6.0,1.5,6.4
1128509,2.5,2.6,0.5,6.6
2346717,6.4,6.3,1.1,4.7
1417748,6.5,3.1,2.2,3.7
2391085,6.7,4.6,0.8,4.2
1135848,6.3,5.9,1.1,6.0
3199634,6.0,6.5,0.6,6.3
1135616,8.5,4.0,0.7,4.5
4527291,6.4,4.9,1.8,4.3
6182719,5.0,6.2,0.1,6.8
14284,8.5,4.2,1.3,4.4
2165852,6.8,5.7,0.0,6.4
16221,6.5,4.9,1.1,5.9
1478597,3.2,2.0,0.8,6.0
5630716,6.6,4.9,3.1,4.5
2283462,6.2,6.8,0.4,6.1
7640051,6.6,6.3,3.0,5.3
1144198,7.8,4.8,1.2,3.4
21006,4.2,3.8,0.5,4.5
1147887,6.7,4.1,1.2,4.4
5558255,7.5,6.1,2.0,8.0
9755709,5.2,4.9,2.9,4.8
6276504,6.0,5.8,1.2,6.1
4420075,6.2,4.9,0.9,4.5
2438539,6.1,5.6,1.0,5.7
1299497,5.5,4.0,1.2,4.7
11219845,5.9,6.0,1.6,5.6
6833304,8.3,4.6,0.8,4.8
1162252,6.3,5.7,0.9,5.4
10058393,6.7,5.8,1.2,5.2
10629473,5.3,5.1,0.8,6.4
8098666,6.0,5.3,2.6,5.5
2133148,6.1,4.6,1.3,5.0
1563327,6.9,4.9,1.2,4.9
1162566,6.2,4.3,0.4,4.6
6360354,4.0,3.8,3.2,4.8
21978,4.9,3.3,1.6,3.5
5741946,8.4,3.6,3.3,2.4
2369290,7.5,3.7,2.8,3.6
2032741,4.1,3.2,1.2,5.0
1489058,5.5,4.4,1.5,4.7
79853,5.8,4.4,1.4,4.5
5086607,5.6,4.7,1.3,5.2
5748100,8.5,4.1,1.2,4.6
9795755,5.8,5.7,1.4,5.5
3270062,5.9,5.9,1.3,5.7
1510608,6.6,5.1,1.0,4.9
2278842,7.0,5.5,0.9,4.3
1133198,6.2,6.1,0.7,6.1
1415726,5.3,2.4,0.4,6.4
1606600,6.2,5.6,1.0,5.9
7605202,7.5,3.6,3.8,1.8
6663622,4.8,3.3,2.6,3.8
5851419,6.1,2.8,1.7,3.8
10367660,4.7,4.4,3.0,4.6
1137255,7.3,4.9,1.5,6.1
1585431,8.0,3.7,0.9,4.6
1164643,8.5,5.2,1.6,5.3
1787850,6.5,4.8,0.0,4.8
7294741,7.6,4.3,2.1,3.2
7948089,5.6,3.6,4.4,3.8
8146004,7.9,3.2,3.4,2.0
12360136,3.9,4.7,1.6,5.9
51824,5.6,3.3,2.0,3.8
6429526,7.2,4.0,0.9,5.3
2009,8.5,4.8,1.2,4.3
1915135,6.5,4.4,1.1,4.7
6310135,6.9,4.9,0.3,5.5
1784470,5.8,6.5,0.9,5.6
4421885,6.8,4.7,1.5,5.4
2011418,6.6,4.6,2.7,5.9
5821608,7.9,3.9,4.0,2.7
9304385,8.4,3.8,3.8,2.5
1250095,6.3,4.6,1.4,4.5
10973181,6.2,6.6,1.8,6.3
1589025,7.5,5.5,1.6,3.9
1938826,6.8,5.4,0.5,6.2
2850629,6.0,5.3,0.8,5.9
4600786,6.9,5.4,0.7,4.8
1902683,6.5,4.5,0.4,4.7
6210913,5.6,5.5,0.4,5.8
1193795,7.1,4.7,1.0,4.5
1719686,7.4,4.9,0.6,3.5
1235996,7.8,4.3,1.6,4.7
3298660,7.3,4.0,2.7,3.0
1177102,6.3,4.8,1.5,4.8
9648259,6.3,4.3,0.9,4.0
3809961,7.0,5.1,0.3,5.0
1730288,6.1,4.3,1.5,4.5
5869846,5.3,6.7,0.7,6.1
16130,7.0,3.8,0.0,2.4
4467113,5.9,5.4,1.5,5.4
7795237,5.9,6.2,1.4,5.7
5210431,5.6,4.6,1.5,5.9
1167440,6.5,4.1,1.0,4.3
5545219,6.1,5.6,1.1,5.5
1208375,5.0,2.5,0.2,6.2
1859717,4.7,3.2,0.8,4.6
10246547,0.0,1.8,0.8,7.9
1240180,7.7,4.4,0.2,5.3
5210948,4.4,5.2,1.1,5.8
6858520,7.5,5.7,0.6,3.7
5788631,4.3,6.4,0.0,6.8
1147670,6.2,5.4,1.3,5.9
1143925,6.0,5.3,0.8,6.1
7090,5.8,3.3,1.7,2.7
2608984,5.8,4.8,1.9,3.3
1692307,6.5,4.8,0.3,4.6
22913,4.4,3.6,0.8,4.3
1134541,7.2,5.2,1.5,3.7
17967,7.3,4.0,2.6,3.3
1210509,6.1,6.1,0.7,6.1
11571930,4.9,4.7,2.8,4.7
1437498,6.9,4.3,1.3,4.9
5731154,6.4,4.2,1.8,4.8
4611406,6.7,4.7,0.4,3.3
1142380,6.5,4.8,1.1,5.0
10448073,6.0,5.5,1.3,4.9
7668025,5.6,4.2,1.9,3.2
4929011,6.7,3.7,2.5,2.2
1726419,5.6,4.9,2.5,4.5
1225578,5.9,5.4,0.9,6.0
76947,8.5,6.0,1.2,6.5
1838835,6.0,4.8,0.8,3.7
5658589,5.6,4.8,2.1,5.0
1174117,6.4,3.6,3.4,2.2
5199154,5.3,5.3,2.1,5.3
4757093,7.9,3.8,3.3,2.5
3783716,5.7,3.4,2.3,2.7
12776937,4.9,5.0,3.4,4.0
6312499,4.5,5.3,0.6,5.7
1605256,6.1,4.2,2.6,4.5
9394500,6.5,6.1,0.0,6.9
1238861,7.6,6.4,0.5,8.1
1690234,5.9,5.4,1.4,6.0
9481560,5.5,4.2,0.0,3.0
7587266,5.2,6.3,1.6,6.1
5660787,7.3,5.1,1.0,5.5
14956,6.0,4.2,2.8,3.6
7623096,7.2,4.5,2.3,4.4
1634075,3.7,3.7,3.8,4.1
1225925,6.0,5.9,0.9,5.9
5246862,6.5,6.5,0.0,6.3
1484056,6.1,4.7,0.5,5.2
1764980,0.8,0.8,0.0,8.2
1142921,6.4,4.4,1.5,4.3
4580353,8.5,4.1,3.2,2.8
1565434,4.5,5.5,0.8,5.9
1198257,6.9,4.4,1.7,4.1
3085041,6.2,6.3,0.0,6.4
6891988,7.4,4.9,3.0,3.7
7908549,5.4,5.1,0.0,7.6
1240173,5.2,4.2,1.1,4.2
1532215,5.1,4.5,0.5,5.7
2809058,5.8,4.7,1.2,5.5
1159651,6.6,3.5,2.3,2.3
5453887,7.1,5.3,0.0,3.4
1186387,5.3,4.1,3.7,3.0
1237446,4.3,3.2,3.6,3.3
6397350,5.4,3.4,3.2,3.5
1584780,7.4,4.7,2.2,3.3
4462873,5.1,4.2,0.9,4.7
2057518,5.1,4.2,0.4,5.9
1585752,4.2,3.2,1.3,4.5
1847566,8.1,2.8,3.8,1.3
4781840,4.2,6.8,0.0,5.5
1159307,6.2,4.4,1.4,4.5
7725109,6.2,4.0,2.7,2.4
6457155,4.5,4.4,3.6,4.5
1890,6.3,2.5,1.8,3.5
1912723,5.6,4.5,2.5,5.5
5279200,5.5,4.3,1.0,5.8
1849633,4.2,0.7,0.5,4.4
3191592,5.6,4.6,1.2,3.2
5279197,4.8,4.4,0.8,6.0
1490673,6.7,5.6,0.8,4.5
7195644,6.1,5.3,0.5,5.7
1142420,6.6,4.6,1.2,4.7
1153144,6.8,5.0,0.0,4.8
82640,4.7,4.3,1.0,7.4
1854855,6.6,5.3,1.2,5.2
1176407,7.7,3.8,2.9,2.8
5016412,5.3,4.6,0.0,6.8
10401221,5.7,4.7,2.1,4.9
1725394,5.7,4.3,1.3,5.2
1888393,7.5,5.3,1.5,3.9
4553420,6.6,4.7,0.9,5.6
10227774,5.3,4.4,0.6,5.9
5320333,6.1,3.8,2.0,3.7
4978094,5.1,3.9,1.7,3.7
1633909,6.2,5.5,1.2,5.8
2132931,6.7,5.7,0.0,6.0
99554,6.1,4.1,1.2,4.7
8776020,7.6,4.3,1.3,5.5
7366338,6.1,4.8,0.5,5.3
6527774,4.9,4.1,1.2,4.9
6783284,6.2,5.6,0.7,5.4
1188572,7.4,4.8,0.7,5.2
6696823,7.9,4.2,3.3,3.1
2019358,6.3,2.5,3.9,1.9
1237032,6.7,6.4,1.1,6.6
8088417,6.4,2.2,3.0,1.7
3955649,7.6,3.4,3.5,2.4
1217520,4.9,3.9,1.5,4.6
1973766,7.3,3.9,3.2,2.8
6700125,7.5,4.2,3.2,3.3
1228331,5.0,2.8,2.7,3.7
1141811,5.8,5.1,1.9,4.3
1648378,6.2,3.8,1.3,4.1
6666536,4.9,3.9,1.8,3.9
2302992,6.7,4.5,1.1,5.3
6447577,6.0,4.7,2.0,4.5
10034860,6.4,6.6,0.0,6.4
6675548,3.9,3.1,1.9,5.1
1256184,6.8,2.6,3.8,2.0
6184734,5.7,3.4,3.6,2.4
5923239,8.4,5.1,0.8,5.6
80013,1.3,2.8,0.7,7.4
2317863,6.6,5.6,1.1,6.0
50974,7.4,5.5,0.6,5.3
7973,6.3,5.7,0.9,6.0
53034,7.2,7.2,0.4,7.2
1862790,3.4,2.2,0.4,6.3
1144510,8.5,5.2,0.9,6.2
98536,7.3,5.4,1.2,5.3
1177105,8.5,4.0,1.6,4.5
1128618,7.3,5.8,0.6,5.3
1181392,7.1,5.2,0.4,4.7
1199549,4.0,4.4,1.6,7.8
1126801,8.4,4.0,1.0,4.5
1643852,4.9,4.3,2.7,7.0
1395973,6.0,6.2,0.2,7.3
2388758,6.8,4.5,1.2,4.2
1247692,6.8,3.7,2.3,3.5
77872,6.1,6.1,1.3,5.9
1141425,4.7,5.6,0.5,6.3
83279,6.2,4.6,0.9,4.6
5070286,5.3,6.8,0.3,6.3
1987072,6.0,6.0,0.2,7.0
1532694,4.2,4.6,0.8,7.6
20978,4.9,5.4,0.9,5.7
5796944,6.0,3.9,0.7,5.3
1100254,7.7,5.6,1.2,5.2
77471,4.6,5.5,0.7,6.2
1129305,7.0,7.0,0.6,7.1
1853346,8.3,4.9,1.7,4.5
7512970,5.5,4.2,1.6,7.0
67074,8.0,4.8,0.8,5.4
4990989,7.0,4.5,1.5,3.8
1605424,6.8,4.5,0.5,4.6
1218942,7.9,6.0,1.1,4.6
1261821,5.8,5.8,1.0,6.0
1231322,7.5,5.9,1.5,4.2
1402078,5.3,4.5,1.3,4.6
95782,7.0,4.7,0.4,4.7
1387012,6.2,5.5,0.9,6.0
1584036,4.6,5.5,1.6,6.2
3327568,6.6,4.8,1.6,4.3
1251,8.5,4.7,1.0,4.4
5167680,7.6,4.5,0.5,4.9
1161699,6.5,7.6,0.9,6.8
1171671,6.3,6.3,0.2,7.3
1279059,5.5,6.2,1.2,5.8
1220320,6.8,5.3,1.4,5.4
1277716,7.4,5.2,0.3,5.2
1541481,4.9,3.5,0.8,4.4
1145410,7.0,5.6,0.8,5.2
1101362,7.4,7.5,0.4,7.2
15150,6.0,2.7,1.7,6.4
1260259,8.5,3.9,1.3,4.3
2672545,7.6,8.1,0.0,7.8
1137722,7.2,5.6,0.5,5.0
1230298,7.6,8.5,0.9,7.0
4285,4.6,5.7,0.0,6.2
19265,6.2,7.1,0.4,8.5
1084597,6.6,5.1,1.3,5.1
1207501,5.4,5.6,0.4,6.6
1145771,4.3,5.3,0.3,6.5
1225001,6.2,5.7,1.2,6.1
14515,7.2,5.3,0.9,5.0
1134803,8.3,4.0,1.1,4.5
1153630,7.4,7.5,1.0,7.4
18441,5.1,4.5,1.0,5.0
1675958,2.4,2.4,0.7,6.7
6124938,1.8,1.9,1.0,6.1
11677500,4.5,5.0,3.1,4.8
1513447,8.4,5.0,1.4,5.5
1800761,6.4,7.8,0.5,8.2
1103261,5.4,6.0,2.1,6.4
1105859,8.5,5.2,0.9,5.7
3311947,5.0,5.9,0.4,6.6
1154417,8.3,5.3,2.1,3.7
1101459,6.5,5.8,0.3,6.4
1153828,7.1,5.4,0.9,5.3
85205,4.9,5.8,0.9,6.4
1226563,4.7,6.0,0.0,6.6
1165543,8.5,6.3,2.4,5.0
3547558,6.1,5.9,1.3,5.8
3074412,6.0,5.4,1.3,5.6
76322,6.3,6.1,0.3,6.1
1177979,7.3,5.0,0.7,3.2
1172025,8.3,5.0,1.1,5.3
2174754,6.2,6.2,0.9,6.3
2064350,6.3,5.4,1.1,5.9
96701,4.9,4.2,3.0,7.1
4538158,6.0,7.4,0.1,8.0
1530910,4.9,4.3,2.6,7.0
1241474,5.1,5.7,0.5,6.5
1450188,4.9,4.7,2.7,7.6
17969,7.9,4.3,2.5,3.0
86936,2.2,2.3,0.8,7.6
87571,7.7,5.3,0.9,5.2
1192489,5.8,7.3,0.7,7.9
1134472,5.7,6.9,0.3,8.1
1197229,6.7,5.7,1.4,5.9
1774819,6.5,5.6,0.1,5.8
94045,4.8,4.5,0.7,5.2
6751980,7.0,4.0,1.4,5.1
77546,6.5,8.1,1.1,8.3
79604,2.7,2.4,1.1,6.3
41854,3.5,2.5,0.7,6.3
2834,3.8,3.1,0.3,7.2
1155257,4.8,6.0,0.9,6.4
13633,7.6,3.5,1.7,4.0
1183273,6.2,7.4,0.8,8.2
1130954,4.5,3.0,0.0,7.6
7408181,3.0,1.8,0.0,7.0
75854,8.2,4.1,1.8,4.5
4582767,3.3,3.6,0.0,6.5
1387009,3.0,1.7,0.0,6.2
15225,3.3,2.5,0.5,6.7
1186471,4.3,3.0,0.7,6.9
19713,6.7,7.8,1.3,8.2
2739376,8.2,2.7,4.9,2.8
1185612,4.8,3.6,0.5,4.9
5120384,4.2,2.9,0.0,7.6
1247694,5.7,3.8,2.1,4.2
33744,4.8,5.9,1.2,6.5
1165266,8.2,2.5,4.4,2.7
1239528,5.0,4.1,0.6,4.5
1203206,4.9,5.0,0.7,6.1
2623913,6.7,5.5,1.8,4.2
10358014,7.5,4.2,2.5,2.5
1197757,6.5,5.4,1.0,3.9
91025,6.2,4.1,2.1,3.1
1196664,6.6,5.8,2.3,5.2
1689520,5.8,4.6,1.7,3.1
1614087,8.3,4.9,1.5,2.7
1540779,5.6,4.3,0.1,4.3
9350526,7.6,5.5,1.5,4.6
1162473,5.4,3.9,1.0,4.7
1175822,4.8,6.0,1.5,6.7
1168066,3.2,2.1,1.2,6.4
84064,5.9,3.8,2.0,3.1
4362082,8.5,4.2,1.8,1.6
7950511,5.3,3.2,2.4,4.2
2642198,6.3,6.0,0.4,6.9
1725438,6.6,7.8,1.0,8.1
1204684,7.1,5.6,1.3,6.2
1166294,7.0,5.7,1.2,6.0
1154997,6.7,7.9,2.1,7.7
1180853,1.5,3.2,1.5,6.7
4806971,8.4,6.8,0.0,4.0
7322158,7.7,4.4,2.2,3.5
1434500,7.0,4.6,2.3,4.0
11100367,4.7,4.7,3.7,4.4
3227818,8.3,5.7,1.0,6.2
8029511,6.5,4.5,0.8,5.5
1184728,8.5,5.0,1.1,5.4
2952,4.5,3.4,0.1,7.4
7976423,7.3,4.1,1.3,5.9
10623915,6.1,6.4,1.6,6.3
11171,6.7,4.0,2.1,3.4
1159387,6.7,4.1,2.6,2.9
10437503,2.5,1.8,0.0,7.0
1206641,8.5,2.6,5.3,2.2
83175,4.3,4.1,0.8,5.1
1219477,8.5,5.9,1.1,6.4
7301412,5.6,6.2,0.7,6.6
7268603,5.4,6.0,0.3,6.0
24056,8.5,4.7,1.2,4.3
1415247,6.6,5.6,1.1,5.9
2224956,6.4,7.5,0.4,7.8
23193,8.1,4.9,2.0,3.3
5376599,2.5,1.3,0.0,6.3
1491557,4.0,3.1,1.4,6.8
1153455,7.2,4.6,1.0,4.5
1646687,6.7,2.3,2.9,4.4
8000045,4.0,1.6,0.0,6.9
3175920,6.5,5.7,2.1,6.3
8117375,5.7,7.5,0.8,7.1
1171018,4.1,3.2,0.5,6.9
4289758,4.2,3.4,0.0,6.9
6170336,4.2,6.8,0.0,5.5
1171416,6.3,4.7,0.5,4.8
68744,6.8,3.0,2.2,3.4
12028143,5.9,4.0,2.1,4.1
1998608,0.2,1.2,0.7,8.3
6202262,6.6,3.8,2.4,2.4
11735,5.7,4.4,1.3,4.5
7707536,6.1,7.7,0.4,7.9
82549,4.1,2.8,1.1,8.0
5314737,7.9,4.2,0.5,4.8
1129186,8.3,2.9,4.5,2.7
10019090,0.1,2.6,0.0,7.3
5649809,6.3,5.1,2.4,4.5
8128292,3.6,3.1,0.0,7.0
1212505,2.6,2.6,0.0,6.0
1919899,3.2,2.0,0.4,5.6
96456,6.6,4.4,1.4,3.3
1239513,3.0,1.3,0.5,7.0
1661523,8.5,5.0,2.6,4.5
8332751,7.1,4.4,1.7,3.9
2296530,4.1,2.1,2.6,5.1
53364,4.2,3.7,0.8,7.0
1865875,3.6,2.7,0.6,6.2
1395058,6.4,4.9,2.0,5.5
1785371,8.5,6.1,1.0,6.3
1238261,5.3,3.9,0.2,7.0
1101361,4.9,5.4,2.2,6.6
94767,4.8,5.6,1.0,6.4
1152417,6.9,5.5,1.4,5.3
2152316,4.0,2.9,0.6,6.9
1473611,7.0,6.6,1.0,6.4
1308780,4.0,3.0,1.3,6.6
1877712,7.8,6.0,1.5,4.4
1179539,7.2,5.6,1.4,5.2
24098,4.3,3.5,1.0,6.9
779852,6.5,5.4,1.3,6.0
100674,3.8,2.9,1.5,6.6
1100243,4.1,3.2,0.8,6.9
1204880,7.3,5.4,1.1,5.1
1512848,4.3,3.1,1.5,7.0
1181825,4.5,3.5,1.2,7.1
1208833,3.3,2.2,1.6,5.1
1890669,4.0,3.1,0.6,6.8
1489541,4.6,2.8,2.3,5.9
1241525,4.1,3.3,0.9,6.8
1512756,4.7,3.9,1.4,7.1
83446,4.2,3.3,1.1,7.0
2162093,8.3,5.1,1.4,5.3
24101,4.5,3.0,0.3,6.6
1836162,4.5,2.9,1.0,6.7
8117524,8.5,4.9,0.8,4.9
53304,4.5,3.2,2.3,7.1
20640,8.2,6.9,1.0,5.6
1197525,8.5,4.4,1.6,4.4
23793,7.1,6.8,0.8,7.0
1150484,6.7,5.7,1.1,5.5
2841,4.3,3.7,0.9,7.4
36044,8.5,4.1,1.9,4.5
16426,6.0,7.8,0.7,8.1
1701024,6.9,5.8,0.7,5.4
36464,8.3,7.0,1.3,5.6
4347148,7.3,4.6,1.2,5.5
91143,5.2,4.2,1.0,6.2
1214948,4.3,3.3,0.9,7.1
98838,6.8,6.0,1.2,5.7
45944,3.9,3.1,0.9,6.5
2293982,4.4,3.4,1.1,6.9
84732,4.2,3.4,1.1,7.2
7137912,6.4,7.6,0.1,7.8
4437233,7.9,2.9,4.4,2.5
79963,6.3,7.7,1.0,8.1
84065,8.2,2.5,5.0,2.7
4216785,5.8,7.1,0.7,8.3
1386095,8.5,5.5,1.2,5.7
66224,6.7,4.6,1.9,2.9
2801394,3.8,2.5,1.2,6.3
1175426,6.1,6.0,1.0,5.8
7398083,5.4,6.7,0.6,6.5
8206137,6.1,6.9,0.0,8.3
1410796,4.6,3.7,0.6,7.2
1799573,8.3,5.3,1.0,5.1
6892,8.5,6.3,1.2,6.2
1400893,4.3,3.5,1.1,6.9
1605285,7.2,7.3,1.1,7.2
2738226,5.1,5.7,0.6,6.4
75979,7.6,5.2,1.3,4.1
5078,6.2,6.4,1.0,5.5
5107190,6.7,3.6,2.2,4.4
77304,6.5,7.9,1.0,8.4
1684223,6.9,7.0,1.1,6.9
1127313,3.1,1.8,0.0,5.8
23795,7.2,7.0,0.4,7.1
1822,6.9,4.5,0.0,5.2
1134169,3.0,1.7,0.0,6.2
1631901,6.7,5.8,0.8,6.3
1155549,4.0,3.2,1.3,7.2
1241163,6.5,6.1,0.2,6.5
82984,3.9,3.4,0.3,7.2
16431,6.0,7.7,1.2,8.1
1596968,4.6,2.9,1.0,5.9
1207714,3.1,2.2,0.5,6.4
1835,8.3,2.6,4.5,2.6
1164181,4.2,3.8,0.7,7.4
3208671,3.1,2.1,0.0,6.9
1580824,6.6,4.8,0.3,5.1
1381424,8.5,4.2,2.0,4.2
7569970,5.2,3.8,0.2,8.0
4439716,4.1,3.5,0.5,7.2
7971,6.3,5.9,1.0,6.1
77305,6.3,8.0,1.0,8.4
1928310,4.8,3.9,1.3,7.2
22954,8.3,2.6,4.6,2.6
32114,5.1,4.0,2.0,7.2
7418524,4.7,2.3,0.3,7.2
86251,4.3,3.7,0.8,6.5
3230021,4.1,3.3,0.3,7.2
3741360,5.8,4.0,0.2,7.6
2929959,8.5,5.0,0.0,5.5
7311,4.2,3.1,0.8,7.2
7251,4.3,3.8,1.0,7.1
72524,8.5,2.6,4.8,2.4
1195406,0.4,1.1,0.5,8.4
2699182,3.9,4.0,0.0,7.5
5296468,5.1,3.8,0.5,4.2
2835094,4.2,6.8,0.0,5.5
11235960,5.4,4.2,1.9,3.0
1238211,4.3,6.0,0.6,6.9
1253619,7.5,4.4,1.9,4.3
5678643,6.4,4.2,0.3,3.6
1112386,6.8,4.9,1.3,4.3
1227784,7.4,5.1,0.5,5.5
1205686,8.5,4.1,4.0,1.9
1228702,6.2,5.7,1.6,5.9
7833491,6.4,5.8,2.9,5.6
5920850,6.1,2.2,0.5,4.5
7936,6.1,5.4,1.3,5.8
2615644,7.3,5.1,1.2,5.5
1195177,5.9,4.8,0.3,5.5
2394146,6.8,6.8,0.0,6.8
1276374,8.5,4.9,0.6,5.5
2570269,4.8,4.0,0.9,7.6
4122450,1.6,2.0,0.4,8.0
1228934,7.0,6.1,1.5,6.1
1954914,6.7,6.8,0.6,6.4
1215162,6.7,4.3,2.0,3.9
1201068,5.6,2.6,0.5,6.7
20983,4.6,5.7,0.4,6.4
1525045,5.6,5.8,1.1,5.7
5217637,5.7,4.9,2.2,4.8
10238145,5.5,2.6,0.1,7.1
7104549,5.9,4.4,0.1,4.9
1253802,6.4,5.1,1.5,4.7
27314,7.8,3.9,2.5,3.6
76165,7.6,4.6,1.0,5.2
1726554,6.4,5.7,1.9,5.9
6869196,6.2,4.0,2.1,3.0
1650336,0.8,1.6,0.9,8.1
1718219,6.6,5.6,1.9,7.2
22953,6.1,3.3,2.0,3.0
1225018,6.4,6.3,1.4,5.9
2459031,5.8,3.9,0.9,4.2
1188137,6.1,7.0,1.4,8.0
7142713,6.8,4.9,1.8,4.8
5982518,5.5,4.9,2.4,4.1
22910,4.6,3.8,0.7,4.5
1415117,6.3,5.2,0.4,6.3
1687423,8.5,5.6,2.7,2.3
10129679,4.2,6.8,0.0,5.5
5006161,7.3,5.2,1.1,4.4
1625958,4.3,4.5,3.1,8.0
1142329,5.5,5.3,1.1,5.9
9578660,6.2,5.7,1.0,5.1
11078630,6.8,5.3,0.8,4.6
4739785,7.3,5.8,1.0,4.5
8280073,4.2,2.5,2.4,4.0
1136764,6.7,5.8,0.6,6.2
2302333,6.6,4.4,1.4,3.9
2658078,6.8,3.9,0.0,4.2
4953558,5.0,7.3,0.7,8.4
1188871,6.7,4.4,1.2,4.6
1960378,6.7,5.5,0.0,6.9
84515,7.7,5.5,0.8,3.5
1117354,6.3,6.5,1.5,6.3
1112517,0.7,2.0,0.5,8.2
1130215,6.2,4.3,1.3,3.8
1112521,0.9,2.1,0.3,8.5
5312845,4.4,5.9,0.6,6.5
21948,6.4,3.8,1.8,2.8
1604791,5.4,4.6,1.6,5.2
86847,8.5,8.3,1.8,7.7
1182049,3.9,4.0,1.3,5.1
1478534,7.6,5.5,0.9,4.5
6167,8.5,4.9,1.4,4.7
4953,5.0,4.3,0.1,4.8
2672511,6.9,5.3,1.5,4.4
21813,4.6,3.2,2.6,8.1
1308125,5.9,2.7,0.9,6.3
2120027,5.3,5.0,1.3,5.4
1159195,7.2,7.3,0.5,7.2
1227022,5.7,2.7,1.2,5.9
1192025,6.4,4.5,2.0,3.7
1497308,4.2,2.0,1.0,5.3
18439,4.5,5.9,0.6,6.5
4573332,0.0,1.6,0.5,8.5
20124,4.3,4.4,2.1,7.9
73631,5.5,2.3,0.0,6.7
11283563,3.9,4.6,0.0,5.3
2652179,7.7,5.6,0.7,5.4
7274855,8.2,7.0,3.0,4.6
3157619,6.6,4.3,1.2,3.0
2123227,6.8,4.0,1.4,2.8
9474703,2.5,3.9,0.3,6.6
65994,6.1,3.2,1.9,3.6
3075581,4.5,3.4,0.6,5.9
10225184,6.8,5.8,0.5,5.5
6656276,4.2,4.2,1.6,4.4
2244783,0.2,1.2,0.9,8.3
10122371,6.0,4.4,0.0,5.1
82472,6.5,5.7,1.0,6.3
1108476,0.0,0.5,0.0,8.5
13145,4.8,5.6,0.6,6.3
2391054,4.6,3.9,0.0,7.9
1451527,2.9,1.8,0.0,6.7
1191673,7.2,5.3,0.1,5.4
2642047,7.6,6.7,0.7,6.3
1142004,6.6,4.4,3.1,2.6
1193657,3.4,2.5,1.6,5.3
1183159,8.4,2.1,5.3,2.4
98196,4.4,3.1,1.0,6.0
12008552,4.6,4.6,3.5,4.5
1143764,5.0,5.7,0.2,6.3
100750,4.4,3.2,0.6,7.2
9176420,7.6,6.6,0.0,4.1
1184093,4.5,3.4,0.7,6.5
1196472,8.3,2.7,4.8,2.9
11145181,7.6,5.4,0.0,4.1
3166883,5.3,4.5,0.0,7.5
6045215,5.8,4.7,2.7,3.2
2410272,6.6,7.5,0.6,7.5
1270195,3.5,2.4,0.4,6.0
88446,8.3,4.8,2.7,3.3
1108374,6.9,4.9,2.3,3.8
5678192,3.5,2.7,1.2,8.0
25764,7.2,6.5,0.3,6.5
4387135,6.9,5.5,2.1,4.2
10122726,6.0,7.1,1.0,6.6
1425054,3.3,2.3,0.4,6.4
1905892,2.9,2.2,0.0,7.0
8686159,2.4,2.0,0.3,6.5
1177851,4.6,5.7,0.6,6.6
1242319,6.7,7.5,0.8,8.0
7538707,2.8,3.7,0.9,6.6
1206659,6.2,7.9,0.9,8.2
1206028,5.8,7.6,0.5,8.3
4670172,4.7,5.3,0.8,6.0
2528012,6.6,4.4,1.7,3.3
5032271,5.3,5.4,0.8,6.2
1109396,2.2,2.5,0.0,6.5
7304748,4.1,2.9,0.1,5.9
88392,6.3,4.5,1.7,4.5
1207218,5.7,2.6,0.9,5.9
6537113,6.8,3.7,0.6,3.5
1392313,7.0,5.8,0.5,6.7
1127719,5.2,4.0,1.3,7.4
1931968,3.9,3.8,1.3,7.3
1751998,8.2,3.6,3.7,3.4
2008310,6.9,5.7,1.5,4.4
6334246,5.5,6.8,0.5,6.8
22682,3.4,2.3,0.3,6.5
4500694,5.8,4.2,0.5,5.7
1220758,8.5,8.5,0.5,8.0
24155,2.7,2.1,0.6,6.6
5247944,4.4,3.7,0.2,7.3
1101323,3.8,3.4,0.9,7.3
4054408,4.3,3.1,0.0,7.4
1135006,2.7,1.6,0.0,6.8
1666753,3.6,3.2,0.5,7.1
1423115,5.6,5.0,0.9,7.9
79531,3.4,2.5,0.7,6.5
1189917,3.5,2.5,1.8,6.4
45624,4.2,3.5,0.6,7.3
45654,4.2,3.3,1.6,7.3
1514484,3.2,2.8,0.0,7.1
1291898,3.6,3.2,1.0,7.4
1283060,7.8,5.9,0.4,5.3
85439,8.5,5.6,1.3,6.2
8559247,1.3,2.5,0.0,7.9
3053,3.4,2.9,0.8,6.5
10491085,5.6,4.8,0.8,5.1
1123953,6.0,5.7,1.5,6.3
2243306,5.2,6.6,2.1,7.9
24132,4.0,3.1,0.6,7.2
2872937,3.3,2.3,0.5,6.1
1127388,4.0,3.3,1.6,7.2
1859604,4.1,2.9,1.5,6.5
1169848,4.4,3.3,1.7,7.0
2001541,2.9,2.1,0.7,5.9
1301872,4.5,3.3,1.7,7.8
1128236,7.0,7.5,0.9,6.6
10443811,5.1,5.6,0.0,6.6
22336,3.2,3.4,0.0,6.3
1222951,3.9,2.2,1.8,6.7
78654,7.6,5.7,1.2,5.4
14295,7.9,4.0,1.5,4.5
3781108,7.5,5.8,0.2,5.0
1209881,3.8,3.9,1.3,7.2
4611912,4.3,2.9,0.9,7.1
7385,4.3,3.5,1.3,7.0
1499928,5.0,4.6,0.5,5.5
2047824,4.5,3.5,0.9,4.5
1098914,5.2,5.9,1.1,6.4
1184962,8.3,5.2,1.8,4.5
1127385,4.5,3.6,1.1,7.1
1456299,3.4,2.9,0.7,6.6
736459,7.4,5.0,0.8,4.9
5953599,6.6,6.4,0.8,6.5
1208876,8.5,4.3,1.5,4.6
94855,8.5,4.0,1.5,4.5
1126576,3.6,2.5,0.9,6.4
5811659,8.5,4.1,0.6,4.6
12733197,4.9,5.5,1.8,6.1
1159641,6.5,4.8,0.8,5.2
9279254,6.1,7.4,0.8,6.3
74902,5.7,6.2,0.9,6.2
93035,4.9,3.4,1.6,3.0
1966435,3.5,3.2,1.0,4.4
1198083,7.4,4.5,1.0,5.3
1679766,6.2,3.8,1.7,4.5
3677760,5.3,5.4,1.1,5.9
7763732,4.8,4.0,0.4,7.2
1244607,4.9,3.9,0.3,4.8
3111111,4.2,3.5,0.4,3.7
1798788,5.5,4.4,0.6,6.5
1601815,6.0,6.0,0.0,4.8
2223346,0.5,2.0,0.4,7.3
2229674,6.1,6.2,1.0,6.1
1424395,6.2,6.5,0.8,6.2
1163624,0.8,2.2,0.6,7.1
7820734,1.1,2.2,0.7,7.1
1160688,4.3,4.1,0.9,4.7
1139002,6.4,3.8,1.4,4.5
1316085,5.4,3.9,0.7,4.5
9332379,4.7,4.5,0.9,4.9
92492,6.3,5.5,0.7,6.0
1676675,5.3,3.8,1.7,3.6
1133215,6.5,4.8,0.6,5.8
3671320,4.3,5.1,0.5,5.9
1805540,6.4,4.9,0.0,6.5
1107875,5.3,4.2,0.3,4.8
1193740,4.8,4.0,2.4,7.2
1443599,7.1,7.3,0.2,6.7
1663193,7.4,6.9,0.4,7.2
2046,8.5,4.9,1.3,4.4
1149376,3.5,4.1,0.8,6.3
1283211,5.6,4.0,1.1,3.5
1949019,6.3,5.4,0.0,6.9
5403110,6.5,6.3,0.0,6.2
1257987,0.6,2.3,0.7,7.0
92171,8.5,4.5,0.7,4.5
1166955,7.1,6.8,0.6,7.2
1672,4.6,4.1,0.9,4.9
7477260,6.2,4.7,1.2,4.3
2466294,6.1,4.0,1.5,3.6
1296196,4.3,4.2,1.0,5.7
1127090,3.1,2.6,0.5,5.8
4508508,5.0,4.3,2.2,5.7
1140791,5.0,5.3,1.6,6.7
97975,5.3,5.8,0.6,7.4
1516856,8.0,4.0,2.5,2.9
82615,7.3,7.1,0.8,7.1
1147627,6.6,4.1,1.5,4.9
10403979,8.3,6.1,0.0,2.6
1502002,8.5,6.8,0.5,5.7
2051587,5.8,5.1,2.0,5.9
77891,7.1,4.4,0.9,5.3
1610234,6.3,4.6,1.5,4.4
2149408,5.7,5.9,0.3,6.1
15139,5.1,5.6,0.9,4.6
1562633,8.5,7.8,1.3,7.7
8346956,6.2,5.2,0.5,5.9
1870584,2.8,2.6,0.1,5.7
8211867,1.8,2.1,0.4,7.2
1612447,5.5,4.1,0.4,4.4
1430316,6.1,4.4,1.1,5.6
1660459,6.5,5.1,0.4,4.5
6527689,7.3,4.3,0.3,4.8
1181021,8.1,5.0,1.6,5.1
5872767,8.5,6.1,1.4,4.2
7030834,5.6,6.1,0.3,7.8
1879376,6.0,5.7,1.7,5.4
2406127,6.2,5.5,1.1,5.3
1787322,4.3,3.9,1.3,2.7
3887428,6.1,5.3,0.7,5.3
1633874,5.7,5.6,0.9,5.3
1233914,7.3,5.9,2.0,3.5
1423936,5.9,6.1,1.6,6.4
2167599,6.5,7.6,0.0,6.8
13925,4.7,6.2,0.3,6.7
2445932,3.7,3.4,2.0,5.2
1249802,6.6,3.5,0.0,3.2
1681959,7.5,4.9,0.3,5.0
1627120,7.8,4.8,1.0,5.3
1550662,3.2,3.3,0.0,7.0
1124671,8.5,4.3,0.5,4.8
4058179,6.6,3.1,2.8,2.1
2187606,2.3,3.5,1.2,6.7
1493684,5.4,5.3,0.6,6.7
1522473,7.2,5.3,1.1,4.9
4558817,3.9,3.6,0.5,4.9
1915995,0.0,0.5,0.0,8.5
4306529,7.7,4.4,2.3,3.5
80080,5.9,2.9,2.0,3.7
3637534,6.6,4.0,0.7,4.1
5383726,3.6,5.3,0.5,5.2
1602282,7.1,7.3,1.5,6.9
4593179,8.5,4.3,2.9,1.8
1421478,6.4,7.2,0.0,6.2
1100693,5.9,4.7,1.0,2.7
1187261,5.6,5.8,0.1,5.8
1394161,4.9,4.2,0.8,4.4
4198927,4.8,6.0,0.5,7.1
1126667,2.0,2.3,0.3,7.5
6745332,5.4,5.3,0.9,5.9
4377264,5.4,4.0,2.6,4.0
4186311,1.0,3.1,2.1,7.8
8565071,4.7,4.2,1.4,4.9
76957,6.5,3.6,1.7,4.7
98255,6.3,6.1,0.9,6.3
6062673,8.1,3.5,4.4,1.9
2793189,6.3,5.6,1.5,4.3
4263076,6.9,4.0,2.8,3.6
10316633,6.6,8.5,0.0,8.5
1987400,6.7,4.5,1.2,3.7
1320179,6.3,6.9,0.1,6.3
4498217,1.8,2.0,1.5,7.2
2109445,6.8,5.3,0.0,6.1
4263144,6.8,1.8,3.3,1.1
1817876,6.8,5.3,0.2,4.6
1842671,5.4,4.1,1.1,4.3
1145023,5.5,2.7,0.0,6.8
92909,7.0,3.9,2.9,3.2
1167657,6.3,3.8,1.7,3.2
9095807,6.7,6.3,0.4,6.3
5437585,6.2,2.2,1.6,3.9
2319255,5.0,4.3,1.3,7.7
1435799,4.2,4.5,0.0,8.0
1454953,4.4,6.1,0.2,6.6
1939184,6.2,5.2,1.5,5.7
7711896,6.2,5.2,0.5,5.6
1513332,6.3,3.8,0.3,4.3
16171,4.6,2.5,2.1,7.9
1126966,6.2,4.7,1.0,5.0
3503081,6.8,5.1,2.4,4.0
6264432,6.2,4.9,3.2,4.3
2309549,6.4,3.8,1.3,3.9
1785190,3.2,2.6,1.4,2.4
5576832,5.2,5.3,1.3,6.9
2891785,5.8,4.6,1.1,6.4
1311275,6.3,6.1,0.4,6.1
3415179,7.0,2.6,3.4,1.7
1214898,7.0,4.4,1.9,4.2
1519408,5.2,4.6,0.6,4.5
1846191,6.3,5.3,0.5,5.2
3081131,3.9,3.2,0.9,4.6
3132999,5.4,4.7,1.5,3.1
4540522,4.7,4.0,0.0,5.9
1257545,6.5,6.0,3.9,4.6
1167990,7.9,4.2,2.5,3.3
73554,7.0,7.4,1.2,7.3
1392761,4.7,3.8,1.8,4.5
2417800,0.7,2.7,0.3,7.4
5886296,6.3,6.7,2.6,4.9
1478235,8.2,4.9,1.5,5.6
1235672,5.2,3.7,0.4,6.2
4440917,5.8,6.4,0.5,6.1
1500923,5.9,4.1,0.8,4.4
1298077,7.4,4.3,2.3,3.5
5924941,6.3,4.9,1.8,4.9
10428038,7.4,5.1,0.8,5.5
1150450,6.6,3.9,2.9,2.6
75781,6.3,4.4,1.4,3.2
1314514,4.8,3.2,2.5,5.6
2252067,4.7,4.6,0.9,5.2
2310273,5.3,2.2,0.0,6.3
7773,6.5,4.8,0.6,5.3
1126792,4.2,5.9,0.0,6.7
5544720,7.2,3.1,4.5,1.8
1197746,5.5,2.2,0.1,6.4
1243913,4.6,4.4,2.5,4.0
1165806,4.3,4.0,1.2,6.0
86730,6.4,2.9,2.0,3.5
6051267,5.9,4.2,1.4,3.6
96700,5.5,5.6,0.7,7.1
2691772,4.9,2.9,0.8,5.8
6100284,7.1,5.9,0.2,3.7
2152427,7.8,5.6,1.3,6.1
6334626,6.8,6.0,0.9,4.6
3949815,5.7,5.7,1.2,5.6
1767559,6.2,5.9,1.0,5.2
1885887,5.8,4.3,1.2,3.8
4907854,6.7,7.0,0.2,6.3
3821293,5.0,2.9,2.1,4.7
97795,6.8,4.7,0.6,5.3
1166805,7.5,5.5,0.3,4.9
2261684,5.0,3.8,3.2,7.6
1549368,4.1,3.5,1.7,4.1
1386193,6.6,6.1,0.8,6.5
10407813,6.5,4.6,2.3,4.3
1597594,5.2,4.1,0.5,6.6
5282020,6.0,6.7,1.6,5.3
4287,5.0,3.8,0.9,4.5
1128204,6.3,4.2,1.4,4.7
1136769,7.3,5.4,1.3,4.0
7796041,6.5,4.6,2.2,4.7
1255382,3.9,3.5,1.4,5.9
1163499,6.8,6.2,0.3,5.9
1172721,7.2,5.5,0.8,5.2
3293983,5.2,4.1,0.0,6.8
3148888,4.5,1.9,0.0,5.5
1127704,8.5,2.5,5.0,2.4
2343443,7.8,5.3,0.8,6.2
9961,8.5,5.5,1.1,6.3
1483182,5.6,7.9,0.8,8.5
8464709,3.8,3.7,0.3,6.6
1117019,2.5,2.5,1.3,6.8
1107336,8.5,5.0,0.8,5.2
2373036,4.9,5.8,0.9,6.3
1650786,5.9,5.7,1.2,6.2
18766,4.7,2.1,1.0,5.2
1146705,7.3,4.4,1.5,4.5
1102055,5.6,6.1,0.4,6.4
2477107,7.6,6.6,0.3,6.6
92521,5.0,4.1,1.3,3.7
1179757,4.0,3.7,0.0,7.0
1161027,5.0,3.6,0.6,4.7
50934,7.6,5.9,0.9,5.6
41834,2.8,1.7,2.3,6.9
5584852,0.9,2.7,0.3,7.3
1898604,6.2,5.7,0.8,4.5
2200198,2.6,2.3,1.0,6.4
20985,5.4,4.0,2.4,4.5
1733875,3.2,2.1,0.0,7.0
4562074,4.4,3.5,0.6,7.4
2747659,3.5,2.9,0.4,5.8
89195,8.5,5.4,0.9,5.8
1842493,4.3,3.3,0.4,6.7
7387,3.9,3.5,0.6,7.0
5938319,3.7,1.8,0.0,6.2
9775165,7.1,5.0,1.9,3.9
1529044,3.9,3.3,0.2,7.5
1145682,6.3,4.5,0.4,4.6
1127383,4.3,3.3,0.9,7.3
1108053,3.9,3.6,0.3,7.0
3989596,6.5,4.1,1.5,3.5
1101423,4.1,3.3,0.8,6.2
1166870,5.7,3.7,2.0,3.8
7360039,3.0,2.6,0.0,6.5
4170949,4.2,3.7,1.1,7.1
2839,3.6,3.1,0.0,7.5
1127835,7.2,5.6,0.8,5.1
2148779,8.5,4.2,2.0,4.4
86259,4.0,4.2,0.6,7.6
1244947,4.4,3.5,1.0,7.0
4923228,5.6,7.5,0.4,7.5
63954,1.4,2.8,0.8,7.5
1099093,4.1,3.2,1.6,6.7
4150161,2.8,2.6,0.0,8.1
1127380,4.0,3.1,0.8,6.9
1790438,5.7,7.9,1.8,6.8
1173363,4.5,5.9,0.8,6.3
11657414,4.4,3.8,1.6,6.7
5412424,1.2,2.5,1.3,6.8
4166715,8.0,5.5,0.0,5.5
1128874,4.0,3.3,1.0,7.0
1677391,5.0,5.5,1.2,6.1
3192787,3.2,5.2,0.0,4.6
2617230,5.1,3.2,1.3,5.7
1126953,4.6,3.5,0.5,7.1
66284,8.5,4.6,1.6,4.9
2308939,2.2,2.1,0.2,6.6
1503256,4.2,2.9,1.8,7.0
11298,8.5,5.4,0.6,5.3
22183,6.7,5.3,0.7,5.6
77247,5.6,6.9,1.0,5.6
1236432,6.3,3.7,2.2,2.8
5370732,6.4,7.5,0.3,8.5
97212,5.8,2.5,1.1,6.2
1130817,3.4,2.7,0.0,6.3
1161767,3.9,3.4,0.0,6.6
738509,7.5,6.7,1.3,6.3
1642696,2.1,1.8,0.4,6.8
87114,6.1,7.1,0.6,7.9
1799825,2.8,2.6,1.5,6.2
89197,8.5,5.8,1.0,6.3
4778234,5.2,3.6,0.7,7.4
1429827,5.8,5.6,0.4,5.8
1190066,7.4,5.5,0.6,5.2
3830817,6.3,3.9,2.5,5.0
4132904,8.5,5.1,0.0,5.4
3996141,3.4,2.3,0.8,6.6
1813840,5.9,4.7,1.5,4.5
2039863,7.1,5.3,0.0,5.5
4051714,3.8,1.8,0.0,6.2
9274926,3.0,1.8,0.0,6.8
5513232,4.7,3.6,1.4,7.5
91142,6.1,3.7,0.1,5.7
4876231,3.0,1.8,0.0,6.8
4481260,4.8,4.1,0.8,6.8
1188833,4.3,3.5,1.3,7.4
85436,8.5,5.7,1.1,5.4
1373011,5.1,5.9,0.4,6.8
8528552,6.4,7.3,0.0,7.9
7845074,0.7,2.7,1.3,7.3
6300181,4.6,3.1,1.0,5.7
4233989,4.0,3.3,0.9,6.4
3508289,6.1,6.0,1.5,5.4
9633611,6.4,8.0,0.0,8.5
65934,7.7,5.1,1.4,4.5
1175831,3.8,3.3,1.2,6.7
4829875,7.5,4.3,1.0,5.2
1852669,6.3,5.3,0.5,4.2
1377297,6.1,5.9,0.0,5.7
5250117,8.3,5.3,1.2,4.5
7360742,6.3,5.3,0.2,6.1
1258354,7.8,5.5,0.1,4.0
8479482,5.5,5.1,0.9,5.0
7233212,6.5,6.4,0.5,4.3
1169578,6.2,6.7,0.8,7.0
4006955,6.3,5.7,0.0,6.6
2269900,6.2,4.8,0.7,4.6
6855362,6.1,4.1,0.5,4.8
1109278,6.3,4.3,1.6,3.5
1185153,5.9,4.6,1.8,4.0
3177849,6.2,5.8,0.8,6.1
3959866,6.6,6.2,0.4,6.4
10170439,5.6,4.3,1.2,3.8
1309336,6.3,5.8,0.9,5.9
1181557,5.4,3.8,0.9,4.7
2698036,6.6,4.2,1.2,4.3
5105163,6.6,6.5,0.7,5.3
2689485,6.5,5.3,1.8,4.8
4994,8.2,4.3,2.8,3.0
3373420,5.5,4.5,0.2,5.4
8593937,5.2,4.9,1.5,5.5
1155151,6.8,5.9,1.0,6.2
1401236,7.3,5.4,0.8,5.0
2265852,4.8,5.6,0.5,6.1
1661293,5.7,4.6,1.4,4.7
1799961,6.4,4.9,0.5,4.9
6060817,6.3,4.7,1.5,4.8
9243668,6.8,6.5,0.0,6.5
2326001,4.2,6.8,0.0,5.5
16756,3.4,2.4,0.5,6.0
1172001,7.5,4.9,0.7,3.4
1544433,8.5,5.4,0.8,5.5
1176060,5.8,4.2,1.4,6.4
1955105,7.0,4.0,0.4,5.1
7928250,3.9,2.4,1.2,5.6
1310982,4.9,5.7,0.5,6.1
1734302,6.4,4.2,2.8,3.2
1161809,6.8,5.0,1.2,5.3
43204,7.3,7.3,0.6,7.1
8781820,7.5,5.8,0.2,6.0
10173189,5.7,5.1,0.6,5.4
5937767,3.7,3.5,1.5,5.1
1128594,0.0,1.7,0.0,8.0
1690900,2.9,2.6,0.0,6.8
65224,5.4,5.2,0.1,4.8
2093518,0.7,1.5,0.8,8.0
11130163,5.1,4.0,1.3,5.1
4500470,4.6,3.8,1.8,6.0
15142,6.5,4.4,1.3,3.2
1787040,6.6,4.2,1.0,4.8
74451,5.6,5.2,0.2,4.9
3332467,5.5,4.3,0.4,3.5
1816271,3.9,3.9,1.5,5.9
3789802,4.0,4.8,2.9,4.4
1378136,8.2,3.7,0.2,4.0
2509504,6.1,3.0,2.0,3.1
22583,5.1,5.2,1.6,4.2
1734289,6.3,4.5,0.6,2.7
93137,6.3,4.2,1.8,2.6
3084838,8.1,3.6,2.0,3.2
22046,6.7,4.1,1.4,3.4
1137162,6.9,4.8,0.9,4.2
4961740,4.2,4.3,0.0,4.5
2710052,7.6,4.5,0.6,5.1
8851707,4.9,5.5,0.9,6.2
1618331,4.6,2.8,2.4,6.9
5143277,6.4,5.2,0.8,4.5
66004,6.2,5.5,1.8,4.5
1604294,6.1,4.5,0.5,4.7
1247675,7.1,4.1,1.1,4.9
10949591,3.7,3.9,2.2,5.2
4746827,5.9,4.7,1.3,5.9
6896632,6.0,3.2,1.5,6.2
19319,6.3,5.1,1.5,5.3
2434461,1.2,1.4,1.2,8.0
6127161,7.3,3.5,2.5,3.4
5841634,7.2,3.9,2.0,3.2
1274533,6.3,3.7,2.3,3.7
4451388,5.2,4.1,1.5,4.4
1565908,6.6,4.3,0.4,4.4
2579536,3.1,1.7,0.3,6.7
12369000,7.0,4.9,0.8,5.1
11725710,6.9,6.2,0.1,6.4
1165671,6.5,4.0,3.2,2.5
1383451,6.5,6.5,0.7,5.5
1478439,6.9,3.3,1.6,4.2
1126740,6.7,3.6,2.5,4.6
3095366,2.8,1.8,0.6,6.8
1953975,8.5,4.7,1.4,4.3
1206273,6.0,7.7,0.3,7.9
6574802,6.4,4.2,0.5,6.5
5601010,6.4,5.5,0.4,6.0
7613097,6.1,4.6,1.4,4.7
1175107,6.4,3.8,2.5,2.5
1253803,7.5,5.5,1.2,4.7
2918286,5.4,4.1,0.0,5.7
1219509,8.2,5.2,1.3,5.6
1186484,4.4,3.5,1.8,7.5
1099186,4.5,4.1,1.2,7.2
1100147,8.0,5.6,0.6,5.8
6246711,4.8,3.9,0.2,6.9
1231421,4.8,5.5,0.4,6.5
7350447,5.0,3.9,1.3,7.5
79375,3.5,2.3,0.3,6.2
16343,7.0,7.1,0.6,6.7
79231,4.2,3.4,1.4,7.0
1207796,8.0,4.6,1.7,4.8
1101358,4.7,5.6,1.5,6.7
7280,4.1,3.7,0.1,6.9
79273,6.2,6.2,0.7,7.1
1254250,4.7,2.6,0.7,6.3
4481086,5.8,3.2,0.7,6.9
3934439,5.9,5.1,2.1,5.8
1144959,4.5,3.3,0.9,7.3
1550031,3.0,2.1,1.1,6.4
7972,6.1,5.9,0.8,6.1
96016,4.5,4.0,1.0,6.0
1581426,4.5,3.4,1.4,6.8
9048362,6.8,5.7,0.3,5.8
77171,6.6,5.6,1.4,5.9
1785635,8.1,5.1,0.7,5.9
3293391,6.8,6.4,1.5,6.0
1135916,6.5,6.1,1.0,6.0
1135982,6.5,5.8,1.0,6.0
1150478,6.5,5.6,1.2,5.3
10175,7.2,5.6,1.3,5.2
1983498,8.2,6.7,1.5,5.5
1146472,4.2,3.4,1.3,7.1
1319848,5.3,3.8,1.0,7.1
79762,7.2,7.3,1.0,7.2
79228,3.9,2.8,2.1,6.2
79272,6.2,6.3,0.8,7.1
75310,6.3,7.8,0.9,8.3
1573071,6.9,6.9,1.4,8.5
6399116,3.5,3.0,1.8,6.8
1601992,8.3,4.1,1.8,4.2
7571198,8.3,4.9,1.9,4.4
4848,8.3,5.0,0.9,6.1
7537067,4.5,5.5,0.8,6.2
1171278,5.3,5.9,1.2,6.2
5878673,5.2,2.0,1.9,5.3
1208385,5.2,7.0,1.2,8.0
1243815,7.7,5.2,0.8,3.3
1115658,6.4,6.5,1.2,7.3
1191209,5.2,4.0,2.1,7.0
85056,4.4,3.5,1.4,7.2
36434,6.7,6.4,1.0,6.4
1324170,6.8,6.4,1.3,6.2
1740240,5.5,4.6,0.6,4.2
1847975,5.3,6.5,0.7,6.3
1107342,8.4,5.2,0.7,5.3
1489573,4.7,3.9,1.3,7.2
6776865,6.8,7.6,0.2,6.0
1565472,5.3,5.9,0.3,6.3
779376,3.8,2.9,1.0,6.9
1677818,6.8,6.9,0.3,6.6
1607619,6.2,4.1,0.7,4.6
24064,3.5,2.3,0.9,6.2
1149692,6.1,5.9,0.6,6.1
1188549,8.5,5.2,1.9,5.5
98363,4.2,3.3,1.8,7.3
2754176,3.6,2.7,1.2,5.8
5093522,6.9,6.3,1.1,5.2
1134046,6.3,7.6,0.3,8.4
1667391,8.5,4.4,1.7,4.6
1101284,4.3,3.5,1.1,7.0
7597266,5.5,4.6,1.4,7.0
89399,7.3,5.8,0.7,5.2
6247859,5.5,3.5,1.0,8.0
20662,8.3,4.3,1.0,4.5
3230035,4.1,2.9,0.3,6.6
1188387,6.1,6.7,0.6,7.3
1151275,5.4,4.3,1.1,4.1
1665992,6.2,4.1,1.1,4.8
1803117,4.2,3.6,0.0,7.3
1296001,6.2,5.5,0.2,6.5
1731184,8.5,5.7,0.9,5.0
1761221,4.3,3.8,1.0,7.6
1146833,8.0,7.3,0.0,4.6
99968,3.4,2.4,0.8,6.4
99405,6.3,4.6,0.7,5.7
2101116,4.9,4.0,1.6,4.2
7687099,7.6,5.8,1.8,4.4
1186851,5.7,5.0,0.0,4.8
1134967,3.8,4.0,0.6,7.0
1958053,5.7,3.7,0.0,7.6
2107009,4.4,4.0,0.5,6.9
1684942,4.3,3.3,0.0,6.1
23362,6.2,7.4,1.2,8.0
3151489,7.1,5.4,0.8,5.3
1235009,4.5,3.2,0.7,7.0
2029450,4.5,3.4,0.5,7.5
1704918,4.4,3.0,0.6,6.9
79373,4.2,2.9,0.2,6.1
2399477,7.4,5.9,1.2,5.4
5292514,8.5,4.2,2.7,4.3
5441064,5.0,5.7,0.8,6.3
4384856,8.0,4.5,2.4,4.5
2052117,8.4,4.7,1.7,4.6
1174918,5.0,6.0,0.5,5.9
90855,4.2,3.5,0.8,7.5
2622783,8.3,4.3,1.7,4.1
12385490,5.3,5.3,1.2,4.6
1188603,1.9,2.0,0.7,6.6
1540141,3.4,2.6,1.2,6.0
1964583,8.0,5.3,2.0,5.5
1216909,6.3,4.7,1.0,4.4
4354922,7.5,5.3,2.2,4.4
4680106,7.4,5.0,2.3,3.7
1306951,3.9,5.5,0.0,6.1
2615864,7.1,6.3,1.0,7.5
1237060,8.3,3.8,0.7,4.6
1224636,6.3,2.9,1.0,6.5
23390,5.4,4.8,1.1,4.6
10685470,6.4,5.3,1.5,5.4
9214,4.6,5.4,0.5,6.4
1197511,4.6,4.2,0.8,5.5
10134244,2.9,1.6,0.0,6.8
3198296,8.0,2.9,4.8,2.4
7039536,6.9,4.4,1.8,4.8
2977,3.3,2.6,0.3,6.4
10410149,5.6,6.0,0.5,6.2
9224246,6.5,7.5,0.0,6.8
73200,3.6,3.1,0.7,6.8
7037838,4.2,6.3,0.9,6.9
4663154,2.3,2.5,0.2,7.2
1108890,4.7,4.3,0.8,7.5
2695249,6.8,5.0,1.2,4.3
82766,5.7,4.3,1.1,4.5
7051881,5.8,4.5,1.7,5.1
1399788,4.4,2.0,0.7,5.5
7375518,3.4,3.0,0.5,5.8
2163947,3.9,3.1,0.8,5.5
1849054,4.6,4.8,0.5,6.3
9446059,5.9,6.0,0.2,5.0
8996354,5.7,5.6,1.3,5.9
1209043,7.0,2.5,4.5,1.4
2130,8.5,5.3,0.6,4.4
2392903,4.4,4.0,0.1,7.7
6860503,7.4,6.4,0.0,5.5
1157736,3.4,3.1,0.3,6.7
1176014,3.0,3.6,0.0,7.0
1793727,3.6,3.5,1.7,6.8
736588,6.6,5.5,1.8,6.0
3333807,4.6,5.8,0.0,6.8
1980279,5.2,4.0,0.9,4.5
1675,4.8,5.4,0.8,6.2
75773,6.4,7.9,0.2,8.5
1386572,4.8,3.3,0.5,7.4
1235058,7.8,5.7,1.6,5.7
8040895,6.0,7.4,1.3,7.1
1127687,3.4,3.0,0.6,6.0
7189,3.1,2.3,0.8,6.0
2951478,7.0,5.6,0.1,6.2
3410829,8.0,6.2,1.2,5.9
5199134,3.0,3.0,0.9,6.5
99572,6.7,6.2,1.0,5.9
1423712,7.3,4.8,2.0,3.9
1232575,4.5,5.8,0.3,6.5
1420449,7.0,3.3,3.5,2.6
1271788,5.2,4.6,0.1,4.8
1991340,3.2,2.0,0.2,6.4
8117819,4.4,3.4,0.6,6.5
1238922,5.6,4.7,0.8,4.7
4415139,4.4,3.9,0.2,6.0
8014725,4.9,6.2,0.8,6.7
7134653,6.0,5.0,0.9,4.3
7124268,8.2,4.4,1.8,4.5
1609390,5.6,4.1,1.2,6.0
1105484,8.5,5.4,1.3,5.6
4981684,5.4,5.9,2.0,5.4
2427602,5.9,5.3,0.8,5.5
1885062,5.6,6.6,0.9,6.2
16637,6.4,7.8,0.5,8.2
65704,6.2,3.8,0.6,4.6
1129451,6.2,5.7,1.3,6.0
1155880,6.2,4.9,0.8,4.7
1213087,4.5,3.2,0.0,7.9
2424630,5.6,8.2,1.2,8.0
2549031,6.7,4.4,1.3,3.7
2938611,8.5,6.8,0.0,4.2
1367225,6.3,6.3,0.0,6.2
2067413,6.5,3.9,1.8,4.6
9228,8.3,2.8,4.4,2.5
1159908,7.4,5.3,0.3,5.2
77294,6.2,7.6,0.8,8.3
1191174,8.5,2.5,5.0,2.3
99262,8.1,4.8,1.4,5.1
1218815,3.8,2.7,1.3,6.7
1196785,3.7,4.4,1.6,7.2
4794055,7.0,5.3,1.9,5.2
7921,6.6,5.5,1.1,6.0
3999695,7.1,5.0,1.7,3.9
1501213,4.2,2.6,0.3,6.3
2774081,7.3,4.2,1.8,4.2
3110608,5.3,3.8,1.2,4.7
1492005,1.4,2.6,0.8,6.7
5859175,5.4,4.9,0.6,4.1
2353169,6.1,6.5,0.3,6.0
1195771,5.5,3.9,2.0,4.3
5935781,6.2,4.9,1.6,4.9
1183455,6.3,5.5,0.5,6.3
96522,6.8,6.4,1.3,6.9
3802038,5.9,5.3,0.5,5.8
1610845,4.8,3.9,0.7,6.3
1481337,6.2,4.9,0.6,5.4
8980113,3.0,3.0,0.5,6.8
75116,6.6,4.6,0.7,4.5
2397972,4.4,4.0,2.4,7.1
2136158,5.2,4.4,1.3,3.6
4051311,6.8,3.9,1.3,4.4
4572167,6.0,5.7,0.8,6.3
1126805,5.5,3.7,2.5,2.6
2145698,6.6,5.6,0.7,6.7
2389972,8.0,4.1,2.8,2.8
2770794,0.0,1.6,0.9,6.9
9353266,6.5,6.6,0.0,6.7
2674731,8.0,8.5,0.0,6.8
1159145,6.4,5.2,1.0,6.0
1143150,6.2,5.4,0.5,5.9
1633971,6.2,4.3,1.5,3.4
1169128,5.3,4.4,0.6,6.5
7632063,5.9,3.3,1.8,4.2
2127429,6.7,4.9,1.0,4.3
1542218,5.2,3.7,1.6,4.7
22036,5.5,6.3,0.0,7.6
1454761,6.1,2.1,4.2,1.5
5807715,7.9,5.6,1.0,3.8
6336491,6.3,4.6,0.5,4.9
4464820,6.5,6.1,4.1,5.1
5590174,4.9,3.0,1.6,4.8
1553906,6.0,5.9,1.1,5.9
29974,4.2,3.3,3.3,6.8
6410715,6.3,4.7,1.3,4.5
98578,6.2,1.5,1.7,1.1
1124511,6.5,6.6,1.4,6.4
5264033,6.4,4.9,0.7,4.4
1172489,5.8,5.4,1.0,4.9
7328144,5.3,4.5,2.9,4.3
4297828,6.9,6.7,0.0,6.6
1222670,7.1,6.6,0.9,7.7
1406063,6.0,5.6,0.7,5.8
1252789,6.2,6.3,0.4,6.2
1527865,6.2,4.2,0.7,4.4
17513,6.2,4.0,1.8,3.4
7180092,6.2,6.3,0.8,6.7
2168653,5.7,5.8,1.1,4.8
9172118,4.4,4.6,1.5,4.8
1200837,7.1,6.0,0.4,3.9
1662671,6.4,4.2,0.9,2.4
1317207,6.8,3.5,0.0,3.2
6936818,6.2,4.7,1.3,4.7
1924937,4.3,3.0,1.6,5.2
2933982,6.3,4.5,1.7,4.7
1823426,4.3,4.0,0.7,4.4
1274579,3.2,2.2,0.1,5.1
4319567,7.2,6.0,1.7,4.0
77501,3.7,3.6,0.7,4.7
1299798,8.0,5.0,2.7,3.5
1501503,7.6,4.1,1.2,4.8
1421825,5.0,3.7,1.6,4.9
1723701,6.2,5.9,0.1,6.4
4564486,3.0,5.3,1.3,5.4
1636264,4.8,4.2,0.4,4.9
1243830,6.3,5.1,1.0,4.3
1720791,4.0,5.2,0.0,5.8
81803,8.5,4.4,2.4,4.3
4365335,8.5,6.8,0.0,4.5
6766101,6.5,5.0,0.3,5.6
1491289,6.0,4.1,1.7,4.6
7672876,5.7,5.1,1.4,4.7
1196030,4.2,4.4,0.0,7.8
1897908,4.4,4.9,0.7,6.8
6739304,3.7,3.5,2.6,4.5
1199664,6.3,4.3,2.2,3.6
1196113,4.2,5.6,0.2,6.2
2218656,7.6,4.2,0.7,4.0
1123298,5.7,5.8,0.8,6.2
11886425,4.7,4.6,3.0,4.5
1194629,5.2,6.1,0.6,6.0
1165702,7.0,5.7,0.9,4.0
1656992,6.4,3.5,1.2,3.2
1316301,6.6,4.5,0.2,4.4
1692617,7.1,5.4,1.1,3.6
1737807,6.1,6.0,1.8,6.1
2455632,6.0,4.9,1.7,5.1
1817467,5.9,6.1,0.7,5.9
2133469,5.4,3.8,1.1,5.0
99001,8.0,5.5,0.0,5.5
1315212,6.8,4.6,1.2,5.0
5523872,6.3,4.1,0.4,4.5
72324,5.6,3.4,0.1,2.5
5613375,5.2,5.3,0.3,5.1
1585179,6.7,2.6,1.5,2.3
24115,2.9,2.2,0.1,6.5
11728,4.5,5.7,0.5,6.5
77756,6.3,7.6,0.3,8.3
6414999,4.3,5.3,1.4,6.0
1174276,6.6,5.4,1.8,4.7
6837,8.5,2.9,2.8,1.5
10896496,7.0,2.9,3.0,4.1
6913272,8.1,4.2,3.3,3.2
59754,5.1,4.2,1.1,4.5
2454655,4.4,6.9,0.2,6.1
2652976,6.8,5.5,0.0,8.0
1311296,6.4,4.1,2.6,3.3
5791389,7.1,3.9,1.9,4.2
1765087,5.7,7.0,1.7,5.5
1654207,6.4,6.1,0.1,6.3
1312712,5.3,4.3,2.2,4.3
7667375,6.4,5.3,0.6,3.4
5995289,8.5,4.5,2.6,2.2
1211120,6.5,4.3,1.7,3.2
3972862,4.0,4.3,0.2,5.2
1170007,3.4,2.7,0.2,6.8
5632252,7.2,2.4,4.1,1.0
2029477,3.2,2.1,0.0,6.9
65324,6.5,3.9,0.7,4.0
1129506,5.7,6.8,0.3,8.2
7109,6.2,3.6,2.2,3.0
1196243,6.3,3.0,0.4,6.7
2132510,6.4,4.5,0.8,5.1
7687087,5.5,7.4,0.5,7.9
1216900,4.9,5.1,0.8,4.8
1145715,3.4,2.6,0.0,6.8
83283,7.6,4.6,1.4,4.2
3230914,5.7,3.5,1.7,4.4
1148294,6.4,5.2,0.8,4.8
1587381,4.6,3.0,1.5,5.0
2299180,6.7,4.5,2.1,4.3
1117227,7.5,6.5,0.8,6.1
5475430,4.5,4.9,1.9,7.5
1187870,6.8,3.7,1.9,3.2
2023964,6.5,4.3,1.6,3.9
1213804,5.9,7.4,0.0,7.9
2634870,6.3,5.6,1.3,5.9
1819496,5.9,4.3,1.7,3.7
1138544,4.6,5.8,0.2,6.5
1637602,6.5,3.4,2.5,4.0
7331195,6.3,2.3,0.5,5.9
3095664,4.4,6.3,0.2,6.3
1146404,6.9,6.0,1.0,6.2
1492911,5.1,4.4,0.3,5.0
2656,8.5,4.8,1.1,5.4
11804118,4.7,4.4,2.3,5.8
9660246,6.1,5.0,1.3,3.1
9752000,6.3,5.0,1.7,7.2
7300808,6.6,5.0,0.1,5.8
1212255,6.8,6.0,0.2,4.4
1129182,2.9,2.5,0.0,6.7
2483606,2.5,2.3,0.9,6.2
10482150,4.3,5.1,1.2,6.0
78241,6.6,5.3,1.3,4.8
6343642,7.1,6.7,1.6,3.7
1968476,7.1,4.8,0.0,5.3
1143618,8.4,2.2,5.0,2.3
97688,8.5,5.1,0.8,5.5
1178093,6.1,2.7,0.8,6.2
6192476,6.7,5.0,1.8,5.7
3249180,6.8,4.4,2.7,3.6
18715,6.4,6.2,1.2,6.0
6764382,0.0,1.8,1.4,7.9
4746566,4.9,3.6,0.4,4.0
9542505,6.0,4.0,0.0,4.9
15282,8.5,4.5,0.5,4.4
1198213,4.7,5.8,0.4,6.4
1619181,5.6,5.6,0.5,5.9
1171623,6.5,5.0,1.8,5.6
7166149,7.6,5.5,1.4,4.5
4000960,7.5,5.9,0.7,3.8
1173158,7.4,5.6,0.9,5.2
4547247,4.2,2.3,1.3,5.2
21644,4.2,3.6,1.5,6.4
3104127,6.7,4.6,1.9,3.2
7496496,5.2,4.6,0.0,5.8
7102189,6.8,6.0,1.5,5.1
2055772,6.8,5.3,1.3,5.8
1224931,5.8,6.0,0.0,6.2
2533653,0.0,0.8,0.2,8.5
1187763,4.6,5.9,0.3,6.5
94744,4.9,5.8,0.5,6.0
6121470,0.4,1.5,0.5,7.9
5978037,8.5,4.7,2.5,2.2
5758909,4.6,3.5,0.1,5.3
4467041,5.8,4.7,0.8,5.6
4950,4.8,4.4,0.2,5.0
82827,7.5,7.7,0.5,7.4
6199,5.6,5.8,0.3,6.4
78650,7.2,5.6,0.5,5.5
10665016,2.7,1.8,0.0,6.9
77149,8.5,2.4,4.8,2.3
18002,6.9,5.5,1.3,5.9
7798194,6.0,6.5,0.0,8.3
1510292,8.0,4.1,2.5,2.8
1185883,2.8,1.9,0.0,7.2
1546499,4.3,3.4,1.3,7.2
2259095,3.9,2.3,0.0,5.2
1453886,3.7,3.1,1.2,5.3
73240,3.8,3.4,0.8,6.4
1126928,4.0,3.4,0.7,7.0
1675703,5.5,3.6,0.0,5.4
1195326,3.4,2.5,0.2,6.1
2617733,7.1,3.9,0.2,3.7
1145544,1.9,1.7,0.9,6.7
56144,7.5,6.2,0.7,6.0
16252,4.3,4.2,3.8,6.9
9350719,6.8,7.8,0.6,8.3
85157,5.2,5.9,0.6,6.3
8862745,2.3,2.7,0.1,6.9
79964,6.3,7.8,0.7,8.2
99267,6.4,4.7,0.0,5.7
1384430,4.3,2.0,0.8,5.4
1946223,8.5,4.4,0.5,4.5
99025,8.2,5.3,1.2,5.3
9463655,6.3,8.1,0.0,8.4
1286831,2.3,2.2,0.7,6.7
9335225,4.9,5.5,2.3,5.5
1176772,8.5,5.3,0.8,5.0
1135736,8.2,4.0,0.9,4.5
3094569,3.0,2.5,0.5,5.7
18557,6.2,6.5,0.5,7.2
2425,8.5,5.6,0.8,5.3
5290638,6.8,8.4,0.5,8.1
1205678,7.0,5.2,1.1,5.0
19280,6.1,7.2,0.7,8.5
6980790,5.1,4.1,1.2,5.0
3245715,7.7,5.8,1.4,3.6
1316169,7.2,5.0,1.1,5.3
19274,6.3,7.0,0.6,8.5
1108057,3.8,3.2,0.4,7.1
1234111,8.0,5.5,1.4,4.2
5565194,6.7,3.9,1.6,4.0
7135,6.2,7.6,0.9,8.2
8568,6.3,7.4,0.6,7.9
2127014,6.6,7.9,0.8,8.5
88319,2.5,2.3,1.0,6.1
10746241,4.5,3.1,0.9,6.7
79327,6.3,7.7,1.0,8.2
8120139,5.6,6.7,0.0,7.5
1365140,7.1,5.1,2.0,6.4
2605109,1.9,4.7,0.2,4.1
1646148,6.7,4.6,0.0,5.5
79822,6.4,3.9,1.2,4.2
2051231,7.0,4.5,0.9,4.0
77035,6.5,5.6,1.3,5.7
6107949,6.7,6.1,0.2,6.2
2260236,5.9,5.7,1.0,5.7
2720926,4.8,5.9,1.6,6.2
1812819,5.3,5.4,0.0,5.9
1656652,3.1,2.3,1.3,6.0
4115571,2.9,2.1,0.8,6.2
1801255,4.9,6.3,0.0,6.8
1128407,3.7,3.3,0.9,6.8
97478,6.7,2.1,1.8,1.0
1779802,8.2,5.5,0.0,6.5
2042481,5.9,3.7,1.7,4.0
2602145,7.4,6.9,1.7,6.2
1100953,5.4,4.2,1.2,4.6
1543638,7.4,4.8,2.3,3.8
1058,7.4,5.2,0.8,5.1
2497660,6.1,4.7,1.1,3.2
6864099,3.8,2.3,0.7,6.8
1100230,6.0,5.2,0.8,5.8
1215955,3.8,2.7,0.4,6.8
5251803,7.0,5.6,1.4,5.4
2532349,6.3,7.3,0.2,8.5
1084582,4.0,2.1,0.6,5.5
1602502,4.1,3.0,0.4,6.4
11079,6.4,5.5,0.7,6.2
1407302,2.0,2.4,1.1,7.2
1109289,3.6,3.3,0.7,6.9
1153572,5.4,2.1,1.1,6.5
1442442,8.5,4.1,1.6,4.6
5645390,8.5,5.7,2.5,5.8
1382392,3.7,3.4,0.2,7.5
1275961,7.2,5.1,0.9,4.8
1135818,8.4,2.5,4.9,2.5
1981799,7.6,4.4,0.7,5.2
86573,6.3,7.9,0.4,8.4
2471656,6.7,8.4,0.7,8.4
4190973,8.5,5.4,0.8,6.4
1942814,8.2,7.0,1.1,5.7
9060379,3.5,1.5,1.4,6.3
3126402,6.2,6.8,0.3,7.6
1172725,7.2,5.4,2.8,5.2
4382356,7.7,4.9,1.0,5.5
1181898,6.8,5.8,0.7,5.3
1796200,8.5,5.3,0.8,5.3
1229955,8.2,5.0,0.6,5.5
1252830,3.0,1.9,1.1,6.6
2045683,3.4,3.0,0.4,8.1
9925087,6.8,7.7,0.0,8.5
19808,6.2,7.9,0.8,8.2
1555154,6.1,4.1,1.3,4.4
17467,0.4,2.6,0.8,7.3
1854145,7.9,8.5,0.3,6.8
1477376,6.5,3.6,3.5,3.1
1154407,6.5,5.0,1.9,5.8
1744907,6.6,5.5,1.4,4.6
9680700,6.2,3.3,3.2,3.5
75319,5.9,4.6,1.1,4.2
3868273,5.4,4.0,2.8,4.7
88475,6.2,4.5,1.7,3.6
2034903,8.2,4.6,2.6,3.2
1539078,6.9,4.3,1.0,2.7
4198160,4.5,3.8,0.7,4.8
4461710,6.4,5.2,0.7,6.1
3176055,8.3,6.8,2.8,7.0
2520246,6.1,5.6,1.3,4.4
4366848,6.9,4.1,1.6,3.7
6747819,0.7,1.5,0.5,8.0
2598811,4.6,4.4,1.4,7.3
3756597,6.7,4.8,0.6,3.9
1150776,5.5,3.2,2.8,3.5
10841967,5.3,3.9,3.7,3.4
7716171,0.6,2.1,0.0,7.3
1199191,6.5,5.4,0.6,5.6
1841672,5.7,5.8,1.2,5.8
1572635,4.5,4.4,2.1,6.7
1374296,8.5,6.8,0.0,4.4
1648765,8.5,5.2,1.1,5.8
1585875,5.4,5.6,1.7,5.6
5891133,5.8,3.2,1.9,3.2
4519286,4.2,4.3,0.7,5.3
1487755,6.1,4.7,0.0,5.1
2039733,6.0,6.3,0.0,6.3
2852515,0.0,0.3,0.0,8.5
4065401,4.5,6.9,0.5,4.8
1218702,4.4,6.0,0.6,6.6
2339679,6.2,3.9,2.4,3.9
4306535,7.6,3.8,3.0,3.2
1152908,6.4,4.3,1.1,4.5
1150229,6.6,3.4,0.8,4.2
2672909,2.0,2.8,0.0,6.4
1152009,4.0,3.2,2.0,5.5
2069933,6.8,2.3,4.2,2.0
6575167,4.2,3.0,1.8,4.2
6485742,6.1,5.9,1.9,5.7
2006910,5.0,3.8,1.7,5.4
1154044,6.1,5.3,1.4,5.9
7160185,5.4,2.8,1.2,6.1
6954601,4.2,3.6,0.0,8.0
1917579,5.3,2.6,2.3,4.4
1162891,5.6,3.9,1.4,4.6
1191310,6.9,7.3,0.9,7.2
11276,5.0,5.4,0.5,6.7
92118,4.3,4.6,0.0,6.3
1126665,4.2,5.1,0.5,6.5
7426860,6.3,4.8,0.0,4.9
8682739,7.4,5.8,1.4,3.2
1369765,6.6,5.5,1.7,6.1
1260637,8.3,5.5,0.0,5.5
6260887,6.4,6.2,1.8,6.0
1099624,6.5,6.2,0.2,6.5
1164421,6.3,4.1,0.4,4.0
2583592,6.5,6.0,1.0,6.0
3838382,7.0,4.3,2.9,3.3
2918990,8.5,5.5,0.3,6.4
4000597,6.3,6.2,0.2,6.5
4029870,6.5,5.8,0.5,5.7
2620225,6.5,6.3,1.1,5.1
1473106,0.7,2.2,0.8,7.3
1195430,6.5,4.2,2.9,2.1
7618601,5.8,5.7,1.5,5.4
99330,0.3,1.8,0.0,8.5
7672351,6.4,4.3,1.5,4.2
1179856,6.5,5.0,0.9,5.3
5779,5.9,4.6,1.8,3.6
22534,5.6,4.3,1.3,3.8
1108386,5.6,2.6,0.0,6.9
5032753,7.9,4.8,0.9,5.3
1808702,8.1,4.4,2.8,3.1
6137235,5.5,8.1,1.0,5.7
1397479,6.4,5.0,0.7,5.7
6386227,6.4,6.4,1.9,6.2
1459567,7.0,4.1,0.8,5.0
1565391,6.3,4.5,1.6,4.8
6121567,5.7,5.1,1.0,4.8
1194271,6.4,6.6,0.9,6.1
1161418,6.5,4.5,0.7,4.3
1515161,6.5,4.7,1.4,4.6
1808862,4.2,4.2,2.3,8.0
7196016,6.8,5.0,1.6,4.0
97335,8.0,8.5,0.0,8.1
1193571,6.7,4.9,0.4,4.5
21002,4.2,5.4,0.3,6.2
2590386,5.7,4.1,1.5,4.2
1620973,6.2,5.4,1.0,5.9
1181860,5.0,4.0,2.3,6.9
3067268,6.2,5.6,0.8,6.1
6721862,6.7,4.3,4.0,4.5
96648,4.7,5.8,0.0,7.3
2990,3.6,2.5,0.7,6.4
6320537,8.5,3.1,4.7,2.9
1795681,6.8,6.8,0.0,8.0
1233860,4.5,5.6,0.2,6.4
12099517,5.5,6.2,1.8,6.1
2240939,4.7,4.6,0.7,5.2
4379661,4.2,5.5,1.8,4.9
9216680,6.5,5.7,1.7,5.3
1929113,4.3,3.6,0.5,7.3
5441681,8.2,5.5,1.4,6.2
5441683,7.7,5.5,1.7,6.1
2576614,4.4,2.4,0.0,7.6
8862740,4.9,4.7,1.2,6.8
1192795,3.0,2.2,0.1,6.7
7169871,6.3,4.8,0.6,5.9
95238,4.9,5.7,0.5,6.4
25784,8.5,7.1,0.0,5.5
8565032,4.8,7.3,0.3,8.3
2926759,5.2,4.6,2.1,7.1
2053701,6.0,8.1,0.4,8.2
6518780,6.8,4.9,1.8,3.7
88390,6.6,4.9,1.3,3.5
3020840,6.3,3.7,0.4,3.2
1176532,7.3,4.7,1.9,3.9
100292,6.6,5.2,1.0,5.7
5724856,6.3,3.7,2.1,4.0
1248687,2.5,2.1,1.0,6.3
3835397,6.4,3.8,1.3,4.0
1230141,5.1,6.5,0.2,6.4
1698555,2.7,3.4,0.2,6.0
1184133,4.5,4.1,0.8,4.9
6312481,8.1,8.5,2.5,8.0
2495232,5.4,6.2,1.0,6.7
9794774,6.4,8.3,0.0,7.8
1946022,4.9,4.6,1.4,4.7
1434090,2.8,3.4,0.6,6.8
779904,3.3,2.3,0.1,6.2
5091281,8.1,5.9,0.4,6.1
7971331,7.6,4.8,2.3,3.7
7971287,5.7,4.8,2.3,3.7
12787860,4.1,3.5,1.1,6.2
1554011,8.5,3.9,2.0,4.8
1951672,6.3,7.3,0.5,7.8
23441,4.2,3.4,0.5,6.9
7024,2.8,2.3,0.3,6.7
1126945,4.0,3.5,0.8,7.2
7679671,5.6,5.3,1.8,5.9
1144549,7.8,4.6,2.7,4.3
1188902,6.9,8.5,1.2,8.4
1127675,3.7,2.1,1.1,6.6
1102085,6.4,7.4,0.6,8.5
7747647,3.6,4.3,0.0,7.6
9844090,4.0,2.7,0.2,7.7
1253160,6.8,6.2,1.2,5.1
7270218,3.2,2.5,0.0,6.9
1615492,4.0,2.6,0.0,4.3
1857132,3.0,3.0,0.0,6.6
6202472,6.9,4.9,1.9,3.6
1208,5.5,5.5,0.6,6.1
1692045,6.8,8.5,0.0,8.4
1235218,4.4,3.6,1.3,6.0
1159902,5.5,4.9,0.9,5.1
6249672,5.7,4.3,0.8,5.3
2187,6.0,4.3,2.1,4.4
1591414,6.0,7.3,0.5,7.8
9176207,4.3,3.1,2.1,4.8
6639890,3.9,2.7,0.2,6.3
1168054,5.9,7.3,1.3,8.2
4964530,4.2,4.4,0.8,7.7
9767320,2.6,3.2,3.5,7.5
87366,4.7,2.0,1.2,5.4
9070385,4.7,6.6,0.8,7.1
1281778,3.8,2.7,0.0,6.8
1506967,4.6,5.7,0.5,6.3
10664128,3.6,3.0,1.8,5.5
10481731,5.1,2.2,0.5,4.8
7538767,4.9,5.8,0.0,4.7
7304834,4.2,4.1,0.1,6.7
5078090,5.7,3.9,1.3,6.4
11362167,4.1,1.2,1.2,5.6
1586809,4.2,6.8,0.0,5.5
1100395,5.1,4.5,1.0,4.6
2348041,5.4,3.5,2.1,3.4
1406247,5.9,4.8,0.3,4.6
1869,6.8,3.3,2.0,3.5
1690526,2.4,2.2,0.6,6.1
9220267,4.8,5.9,0.4,7.3
3952767,7.4,4.6,2.1,3.2
99049,6.7,7.4,1.1,8.2
1526645,6.1,7.6,0.6,8.5
1100931,5.3,2.6,0.6,6.9
1434151,8.5,6.0,0.7,6.7
8402786,6.1,4.3,2.4,4.4
10625,4.9,5.6,0.5,6.3
17731,5.6,4.8,0.5,4.6
9350807,6.7,6.5,0.3,6.2
8666793,6.0,5.0,1.9,5.0
1192657,2.7,1.7,1.1,6.8
11451249,4.2,6.8,0.0,5.5
2723068,6.8,4.9,1.3,4.5
7654434,4.1,3.2,0.1,5.2
1182368,4.1,3.7,1.0,7.0
11641,8.4,5.5,1.5,5.0
5598535,6.3,8.0,0.6,8.0
2452025,4.4,3.0,1.0,6.3
6691266,6.0,4.0,1.1,4.8
1648092,4.2,3.3,1.2,6.6
2327291,3.8,3.2,0.6,7.1
92266,4.3,3.5,1.0,6.9
8073346,6.0,6.2,0.8,6.5
1250004,4.0,3.7,0.9,7.9
88322,3.0,2.5,1.4,6.4
1768587,2.8,3.9,1.3,7.6
5584949,6.8,5.3,0.8,5.1
1506013,7.9,6.3,2.2,5.3
10168990,6.2,8.0,0.4,8.5
4177110,4.9,6.1,0.1,6.6
1144241,6.2,7.1,0.0,7.9
3640020,8.5,5.7,0.1,4.8
1127113,3.6,3.1,1.1,6.2
1126965,7.4,5.5,1.0,3.7
84066,4.6,3.2,2.1,5.4
7724142,5.6,4.3,0.5,5.0
1908605,3.6,3.0,0.0,6.6
68594,4.5,3.3,1.2,7.0
1561363,3.3,2.0,0.7,6.4
1150481,7.1,4.9,1.0,5.2
79910,4.0,3.2,0.2,7.2
10349143,4.2,6.8,0.5,4.2
1107911,6.8,6.3,0.6,6.3
1195060,4.3,3.1,1.2,6.7
79230,4.5,3.5,1.5,7.1
1631750,4.3,3.3,1.0,6.9
4480985,4.3,3.9,1.0,7.5
1139258,6.5,5.4,1.5,6.0
1394579,4.4,3.6,0.4,7.2
1444024,6.2,4.7,3.0,7.0
1184540,3.9,3.2,1.1,6.7
11828,7.7,4.0,2.0,5.4
1489684,5.3,4.2,1.0,6.7
5568620,6.5,5.3,0.0,6.5
1236846,3.9,3.1,0.5,6.0
7830393,5.2,7.3,0.0,8.1
1190011,3.9,2.8,0.4,7.3
91173,3.4,2.4,1.0,6.3
2894,3.8,3.3,0.7,7.0
2149245,4.3,1.7,0.9,4.7
1423171,8.5,5.6,1.1,6.1
76333,3.7,2.9,1.2,6.4
1926899,8.2,5.7,1.1,6.2
1138019,8.4,5.1,0.8,5.0
2927863,6.8,4.5,1.7,4.1
2037376,6.5,7.6,0.9,8.0
1216025,5.1,5.8,0.9,6.4
1322600,7.9,5.8,1.1,4.6
50794,5.8,3.7,0.0,4.8
1192888,7.3,5.1,0.9,5.6
7728010,6.3,8.5,0.0,8.4
18157,7.4,4.6,0.6,4.4
1128917,4.5,3.2,0.9,7.4
7549023,2.9,2.3,0.5,4.5
4546297,6.6,8.0,0.2,8.2
2545450,7.2,4.6,1.6,4.1
2600526,8.5,6.8,0.0,4.2
6902890,3.3,4.6,0.0,6.8
5221151,4.2,6.8,0.0,5.5
1144201,7.7,5.0,0.3,3.4
2466928,7.1,7.0,0.3,7.3
1108698,7.6,6.0,1.2,3.5
1537689,6.4,6.0,1.7,5.9
11843234,4.8,4.5,3.2,4.4
5805477,5.4,4.2,1.1,5.7
1259474,6.5,3.7,2.0,4.6
1468317,6.4,5.6,1.2,5.9
12503899,5.5,7.5,0.0,5.5
1494404,4.5,3.8,2.2,3.8
1907235,6.5,8.2,0.0,8.5
5383943,6.7,4.9,0.6,5.3
2116126,5.4,4.2,2.1,3.7
1637255,6.6,3.5,1.3,4.4
1783953,7.1,5.2,0.8,3.8
4300513,8.5,7.0,0.4,5.6
1458006,7.1,4.6,2.4,3.4
1870577,4.6,3.5,1.9,4.3
1197530,6.1,5.0,0.3,5.5
2860888,6.7,5.4,0.3,5.6
1453566,6.5,6.3,0.1,5.7
7179245,6.6,1.8,2.5,3.7
3583762,5.2,4.6,0.2,5.3
5891040,6.2,4.8,0.3,4.4
5674255,5.9,4.2,0.9,5.0
5858971,5.1,5.7,0.7,6.0
1970478,6.5,4.1,0.0,3.5
1203839,6.3,3.7,3.1,2.7
76948,8.5,5.4,2.4,5.6
7187087,7.0,3.6,3.2,2.8
1596684,6.1,6.0,1.5,5.9
1907933,8.0,3.6,3.5,2.9
8105937,7.3,4.9,0.0,5.4
3853851,2.2,2.5,0.6,7.3
7974,6.3,6.0,1.0,6.1
2878819,4.8,4.0,1.1,4.5
2061837,6.2,5.8,0.8,6.0
1127187,6.2,7.3,0.6,8.1
1227190,6.3,7.5,0.1,8.1
3918053,4.9,6.0,0.3,6.3
2773534,2.6,2.2,0.0,6.4
1252783,6.3,2.9,0.9,6.4
1162101,6.3,6.7,1.1,6.1
1859194,3.5,2.7,0.0,6.7
1199129,4.8,6.8,0.1,7.3
1813393,8.5,5.7,0.4,5.9
1152348,5.9,7.0,0.7,8.4
1127189,6.2,7.3,0.6,8.1
1179210,6.5,6.5,0.9,7.6
88146,7.1,6.8,0.7,7.1
2144313,8.0,8.5,0.0,6.8
4285224,6.9,4.0,1.0,5.0
1250463,6.2,6.1,1.8,5.9
39384,6.3,6.9,0.9,8.5
1395184,7.9,7.1,0.0,7.5
1460350,6.4,5.9,1.7,6.2
4322767,7.4,5.1,0.3,3.5
2107034,4.4,4.8,1.3,7.7
5260154,4.8,3.9,2.4,3.5
7276577,7.7,2.8,3.7,3.5
1699056,7.7,5.5,0.9,5.7
4344615,6.3,5.0,1.4,5.8
2092051,4.8,2.3,2.4,7.5
63074,7.4,5.8,1.2,3.6
1587368,7.0,4.6,1.2,4.5
1145429,6.4,6.2,1.8,4.6
1414109,6.0,5.4,0.8,6.4
22766,7.0,5.3,0.5,3.4
2479336,5.9,7.2,0.3,8.4
1216290,6.6,5.9,0.8,6.2
4399604,3.2,2.4,0.3,7.4
6482581,6.7,8.2,0.4,7.9
23095,5.9,5.5,0.8,4.6
1172211,8.5,2.4,5.0,2.3
1238568,7.0,6.1,1.6,5.9
20806,4.8,5.5,0.4,6.3
1412932,7.8,6.1,1.0,5.6
3264590,8.5,6.4,1.2,4.3
2196555,3.4,2.7,0.3,6.5
4530072,3.2,2.2,0.7,6.9
779871,3.8,3.6,0.7,7.3
7511265,3.1,1.8,0.6,5.9
2765,5.6,5.3,0.4,6.6
1102166,8.1,5.3,0.6,5.7
2350356,7.3,4.3,2.4,4.0
1946241,8.3,5.4,0.7,5.7
1619759,6.2,6.7,0.4,7.2
1300273,6.8,5.1,1.1,4.9
4481413,7.4,5.1,0.7,5.6
89390,8.4,3.9,1.0,4.5
93805,2.3,3.1,0.2,6.8
1206455,4.8,5.8,0.7,6.3
1265971,6.8,5.4,0.6,5.6
5291081,7.1,5.4,0.6,5.4
8761354,8.0,5.3,0.6,5.9
1111467,7.4,5.4,0.6,5.1
18767,4.4,2.0,0.9,5.1
1900635,6.9,7.0,1.2,6.9
5128946,5.7,5.9,0.8,5.8
1241866,8.4,7.0,1.0,5.8
1126111,5.6,6.9,0.7,8.3
77517,8.5,4.1,1.9,4.7
86237,6.4,4.8,1.2,2.7
2023962,6.1,5.6,2.4,7.1
1249516,7.7,5.6,1.2,4.5
1171074,7.5,5.6,1.0,5.3
1571021,6.9,4.1,1.8,4.6
6587883,6.3,7.5,0.5,7.7
1409239,6.7,4.2,2.2,3.2
2618055,3.1,2.0,0.1,6.3
1209690,4.1,4.4,1.5,7.5
2763585,8.0,2.7,5.3,2.6
23034,4.9,4.6,0.9,5.0
5574917,5.2,3.3,0.2,4.9
4915166,4.3,4.6,0.5,7.9
1301970,5.1,4.4,1.1,4.7
2039135,4.9,6.8,0.0,6.2
3336276,6.5,6.2,0.2,5.6
2277175,7.5,5.4,0.7,5.3
2799,3.5,2.4,0.4,6.7
1568752,4.7,2.9,4.8,4.3
1965475,5.3,5.2,2.5,6.7
1126808,7.5,7.6,0.7,7.3
1459438,2.2,2.3,0.3,6.3
1199355,7.4,7.5,0.6,7.4
1623037,1.5,1.8,0.0,7.7
7494283,6.1,5.1,0.0,5.8
80162,8.4,5.3,0.6,5.7
80464,7.3,7.1,0.7,7.2
82831,7.3,7.3,0.5,7.1
1165661,8.3,4.3,1.5,4.5
6295355,7.7,5.4,0.7,5.7
73556,6.2,6.1,0.4,7.2
1781253,3.0,1.8,1.2,6.8
1615958,3.5,2.3,0.5,6.0
1174351,8.5,3.8,0.4,3.9
36124,8.4,4.1,0.9,4.4
3418953,6.5,4.3,0.8,4.4
1447430,3.0,2.2,0.8,6.6
27354,8.1,4.4,2.7,3.0
1161268,7.2,7.3,0.7,7.1
2309741,8.1,4.2,1.4,4.7
1754099,6.7,4.1,1.4,5.2
1749024,5.9,6.9,1.2,7.6
1543793,4.6,5.4,0.0,7.0
1156767,4.8,5.8,0.7,6.4
28704,8.4,4.0,2.2,2.7
1555009,6.8,4.2,0.5,1.8
12133671,4.4,5.3,2.1,5.0
1184924,5.4,5.5,0.0,4.5
1589546,6.0,4.2,0.4,5.3
6900454,0.0,1.7,0.3,8.5
1244192,5.7,7.7,0.0,8.1
1223323,7.3,5.2,0.4,5.4
1160080,8.4,4.4,1.1,4.9
4830992,7.5,4.6,1.4,5.3
8558817,6.8,6.2,0.6,6.0
1750374,5.1,5.1,0.4,4.9
4915069,2.3,2.0,0.9,6.4
1671016,6.4,5.8,0.2,7.3
4732898,3.5,1.7,0.1,6.2
1713340,5.6,4.7,1.0,4.8
5360702,4.1,2.3,0.6,6.5
6587600,4.3,3.0,0.0,6.6
1141532,7.1,4.9,0.7,5.5
2245689,6.7,2.6,1.3,2.7
1459376,7.6,4.0,2.2,2.9
1631316,5.7,7.4,0.7,7.9
11019749,5.6,4.1,2.1,3.4
2356124,3.0,2.8,2.2,5.0
8938323,6.5,8.5,0.9,8.5
1482316,5.3,4.9,2.6,5.9
1235240,6.2,5.9,1.0,5.7
1801580,6.6,5.9,1.2,6.3
21164,6.3,5.9,0.3,6.0
1204299,6.3,5.7,0.8,5.9
1152081,7.5,4.7,0.0,5.2
1994535,6.7,6.1,1.1,5.9
1740397,6.5,7.4,0.0,7.1
2209191,6.9,7.0,0.7,7.0
2326036,6.9,6.0,0.0,6.6
4344704,4.7,4.9,0.0,5.5
1209514,6.5,6.8,0.0,6.4
1157998,4.9,3.6,0.3,6.3
1141593,5.6,6.2,0.4,5.8
11309,6.4,3.4,1.3,2.5
13980,5.2,4.3,0.6,4.7
2132331,5.6,5.9,1.7,5.9
74424,6.0,6.1,1.2,6.0
3490,6.1,5.5,1.5,5.8
76308,6.0,5.7,0.7,5.8
1235815,6.3,6.1,1.0,5.8
1868767,5.6,7.2,1.6,6.3
1100350,6.4,6.3,0.8,6.4
3185,6.7,5.7,1.1,4.5
1582779,6.3,5.8,0.7,5.4
1625645,6.7,6.0,1.0,5.7
6222826,2.9,2.7,0.0,6.8
1614239,7.2,5.2,0.5,5.2
2895989,8.5,5.8,0.9,5.3
1376585,6.5,6.4,0.1,6.4
6737456,8.5,5.1,0.0,3.7
1362043,6.2,5.3,1.6,5.5
2683541,6.6,7.4,1.0,7.7
93284,3.1,2.4,0.3,6.2
1614320,7.9,4.6,1.3,5.1
4152842,6.1,6.0,0.8,5.9
1770156,8.5,3.0,4.0,3.2
4481496,7.1,4.2,1.4,5.2
1698542,6.5,7.4,0.1,8.2
5307498,4.4,3.9,1.7,4.5
4931028,7.2,5.3,1.9,3.7
1106203,2.3,2.3,0.8,6.3
1136671,8.5,2.4,5.1,2.2
1152349,6.3,7.0,0.2,8.4
1150727,6.1,5.1,2.3,6.1
1201726,8.5,3.8,0.6,4.3
1135414,6.7,5.7,1.1,6.1
4048745,6.1,6.6,0.0,6.7
2715283,3.5,2.2,1.9,6.6
1286889,4.6,5.9,0.1,6.7
8809247,6.8,4.1,1.1,3.4
6768274,6.4,4.0,1.8,4.1
2328357,6.3,6.3,0.0,6.6
1335265,6.1,5.7,0.0,6.7
778879,6.1,6.3,0.8,6.9
6005927,5.5,5.0,0.6,7.1
2701689,5.2,3.6,0.9,5.2
1741830,6.2,8.1,0.0,5.5
5390696,5.0,6.2,3.0,4.9
1777279,4.0,1.9,0.1,6.4
1600943,4.0,3.4,0.9,7.6
73467,4.3,5.5,0.6,6.5
5297865,6.1,7.7,0.3,6.6
2166109,6.7,6.6,0.0,8.5
2938880,6.5,3.9,1.6,5.5
1181456,7.1,5.4,1.9,4.3
1128968,4.7,3.5,1.2,7.4
2469,6.8,5.6,1.2,4.4
1161961,6.5,5.5,0.8,5.3
1781836,4.6,2.7,0.5,6.5
4173768,4.2,3.5,0.0,7.3
3269198,5.0,3.5,1.2,5.3
1162467,7.0,6.5,0.5,6.6
5645243,4.8,3.7,0.3,6.9
1895902,4.2,3.5,1.0,7.4
1520934,4.4,2.8,1.4,6.8
2648769,5.0,3.3,1.6,6.8
1233667,4.0,3.1,0.9,6.6
1266,8.0,4.5,1.8,4.4
80164,8.5,5.4,2.1,5.5
6991136,6.2,3.5,0.0,4.7
1100808,6.9,5.8,1.6,6.4
16541,4.9,3.1,2.0,6.9
3933848,4.2,3.1,1.3,7.1
2660472,4.3,3.4,0.3,7.4
5483693,3.9,2.6,1.4,7.5
1412743,2.8,2.7,0.0,6.4
2104564,3.1,2.5,0.2,6.6
5958361,4.0,3.3,0.6,6.4
66194,6.4,7.7,0.8,8.4
16564,3.9,2.3,2.1,6.5
1295425,4.1,3.0,1.4,6.9
21706,6.3,4.9,0.6,4.7
3677677,7.7,5.7,0.8,5.0
1098874,3.7,3.3,0.9,7.3
1276653,6.8,5.9,1.4,6.6
1825578,3.9,3.7,0.7,7.6
1216460,4.2,3.1,0.2,7.1
9332952,5.0,4.0,1.3,7.0
11458570,6.0,4.7,2.4,5.1
1559089,4.5,4.3,0.0,8.0
1647339,4.2,3.3,1.4,7.5
24086,3.8,3.1,0.4,7.1
32094,4.7,3.6,1.0,6.8
1589152,2.9,2.4,0.2,6.0
83823,8.3,5.1,1.6,5.3
6002303,8.3,5.0,2.8,4.9
1108609,3.9,3.6,0.9,6.7
6716481,6.4,5.4,2.0,4.5
2883651,5.2,3.7,0.8,6.7
4426928,8.5,5.5,1.2,5.5
779159,7.8,6.8,0.8,5.5
1817891,3.3,2.3,0.4,6.5
3069,8.5,4.9,0.6,5.2
11821,8.5,4.7,2.7,4.2
1147237,6.4,6.8,0.2,6.3
4143800,4.6,3.6,0.6,7.1
1197154,7.8,6.6,0.6,6.7
1614825,3.4,2.8,0.4,6.7
21938,8.5,2.7,4.9,2.4
1223176,6.4,8.2,2.0,8.5
100561,6.6,6.2,0.6,8.0
2437876,4.1,3.3,1.0,7.6
2496158,4.2,3.9,0.9,7.8
1195974,8.5,4.2,1.7,4.6
4363969,6.8,6.0,1.5,5.4
1719736,4.1,3.3,0.4,7.4
2994790,3.5,2.7,0.7,6.0
53354,4.1,3.8,0.4,7.4
1625910,5.2,4.3,0.6,7.3
2288253,6.3,5.1,0.7,5.4
10924,8.5,6.7,1.2,5.4
7268,4.2,2.8,0.9,8.0
45684,4.3,3.5,1.0,6.9
1203557,6.1,7.4,0.6,8.2
6213975,3.5,3.7,0.0,6.5
1242852,8.5,4.7,3.0,4.5
8854198,4.2,6.0,0.3,6.9
6677782,4.1,5.5,1.5,5.8
1596882,7.0,6.3,1.5,6.1
2304402,4.0,3.4,0.3,8.1
1150486,5.9,5.2,1.2,5.2
1101125,4.4,3.9,0.5,7.0
1487821,3.7,3.1,0.5,6.6
1314583,4.2,3.8,0.9,7.3
4854889,5.3,7.9,0.0,8.5
1240833,8.5,3.7,2.1,4.5
1174651,4.6,3.6,0.6,7.3
79929,3.7,2.9,0.9,6.4
1471144,3.9,3.5,1.0,7.0
6700106,6.1,7.2,0.7,8.3
1199042,3.8,2.8,1.8,6.0
1927379,4.4,3.5,1.2,6.6
2805430,4.6,2.8,0.0,7.3
2522109,4.3,4.1,0.8,7.1
1693766,4.3,2.9,0.7,6.1
1767340,4.0,3.4,0.9,7.1
2830608,6.6,5.8,1.0,5.1
1201785,1.5,2.3,1.4,6.9
1105697,4.0,4.1,1.3,6.6
1415698,5.5,4.5,1.4,4.7
7632000,6.3,7.2,0.6,6.9
1194532,7.0,4.1,3.5,2.6
15292,4.8,4.4,0.9,5.0
1755765,6.2,4.2,3.9,4.2
11165977,6.7,4.7,1.6,4.0
8717167,6.2,8.0,0.2,8.5
1320744,5.9,4.1,1.6,4.2
77307,6.4,7.6,1.0,7.9
1993610,4.8,5.4,1.3,6.4
78363,6.0,7.2,0.7,8.3
7181037,6.0,5.4,0.0,3.7
1264967,5.9,7.9,1.2,8.0
1992380,6.0,7.3,0.5,8.3
78365,5.9,7.0,0.5,8.5
5792502,5.8,5.2,1.0,4.3
8776312,4.5,4.2,1.5,4.2
6717652,4.4,6.3,0.7,7.1
2392864,6.7,8.1,0.0,8.5
1134557,5.9,7.5,1.0,8.3
1220692,4.5,3.6,0.0,4.1
5196825,0.4,3.9,0.3,6.9
5937785,8.0,4.5,2.3,4.5
11941807,2.9,1.8,1.0,5.9
11945858,3.8,3.4,2.6,5.1
11119980,5.9,4.2,1.2,4.9
3058,4.4,3.1,0.1,7.5
7634107,3.5,2.5,0.2,6.5
2822664,7.8,5.3,2.5,3.9
4692765,3.8,2.5,0.0,6.1
1168085,8.5,2.9,4.8,2.3
1107873,5.3,3.6,1.3,4.6
3152943,8.5,5.3,0.5,4.5
2327845,4.2,2.9,1.3,5.7
1375969,3.0,1.5,0.0,6.0
1178835,3.5,2.5,0.0,7.9
1214152,8.1,4.2,0.9,4.6
1203757,6.1,6.8,1.0,8.2
5040089,6.6,6.6,0.2,6.4
1934393,4.0,3.1,0.8,6.9
11409646,6.8,6.8,0.5,4.2
23111,6.8,5.6,1.1,6.2
6235765,3.3,4.6,0.0,6.4
4712965,6.6,6.3,1.6,6.0
1864632,4.7,5.9,0.9,6.3
2676888,5.0,5.6,1.0,6.5
2209684,5.8,7.1,0.3,8.5
2033526,6.2,8.2,0.7,8.4
1607907,5.9,7.4,0.0,8.5
1463830,6.4,8.0,0.9,7.8
2438243,4.4,3.7,0.7,6.7
1745763,3.9,3.4,0.8,6.9
9795187,4.8,3.7,0.3,7.6
5055077,6.4,3.7,2.1,3.7
1605052,3.0,1.8,0.0,6.8
79055,4.2,3.2,0.9,7.2
9602861,2.4,1.4,0.0,6.9
86999,3.7,2.6,0.1,5.9
2463955,2.6,2.5,0.5,6.5
1637321,6.2,5.1,1.0,5.6
9159380,6.4,5.3,1.0,5.5
1925429,3.1,3.3,0.4,5.5
1224502,5.5,5.7,1.5,6.4
4392801,3.7,5.1,0.8,7.0
12360391,6.2,5.8,1.6,5.3
2466185,3.7,2.2,0.8,5.7
2201240,3.6,2.2,0.0,6.5
9747826,7.1,3.6,2.5,3.9
5131116,3.4,2.5,1.2,6.8
82401,5.9,8.0,0.3,8.5
1830155,3.4,3.1,0.6,6.5
1147369,6.6,5.0,0.3,4.6
11535926,4.2,4.7,3.6,4.4
2247813,6.5,4.5,0.4,2.1
1224338,7.4,7.3,0.5,7.2
1177312,4.3,2.0,1.2,5.4
2093068,2.8,1.9,0.0,5.7
6137669,2.9,3.0,1.2,7.8
11699229,4.2,3.8,2.6,5.5
10676400,7.2,5.0,1.8,5.1
1146692,6.8,5.0,0.4,5.5
780003,3.2,2.5,0.5,6.4
2974264,2.1,2.1,0.4,6.7
9493094,3.9,4.4,1.2,4.7
1563614,6.6,3.9,2.3,4.4
4989157,6.2,7.2,0.3,7.0
8073546,5.4,7.9,0.3,8.5
1261327,8.2,5.3,1.3,4.0
9466357,5.6,4.3,2.7,4.4
1826703,7.5,5.9,0.2,5.2
2048397,2.7,1.9,0.6,6.6
1817036,3.9,2.4,0.7,7.9
5758616,4.1,2.0,0.8,5.5
11605,6.8,5.7,1.5,6.0
5344564,5.2,5.3,0.8,5.2
1210048,3.5,2.3,0.0,5.4
5007190,6.2,3.3,2.2,3.9
5976239,4.0,3.9,0.6,7.0
1262167,4.2,4.2,0.1,6.4
1859616,5.2,4.5,1.6,5.6
1181010,7.2,5.1,0.7,4.0
2506003,7.2,3.7,3.9,3.4
2897915,5.0,4.4,0.2,5.8
8043798,6.7,4.5,0.3,3.0
3652647,5.5,5.2,1.4,5.7
11068782,4.9,5.0,2.2,5.1
12161210,5.9,4.7,3.3,3.5
1200999,6.7,4.6,0.2,5.2
8705378,5.4,5.4,2.3,4.6
1607058,7.4,6.0,0.9,5.0
5795241,6.5,2.8,3.7,2.4
1689958,2.7,2.8,0.6,7.1
12467598,3.7,3.1,2.6,3.8
1255767,3.8,3.1,1.5,5.6
5977690,4.7,3.8,1.4,4.3
1567077,6.8,2.0,4.6,1.0
93061,3.5,4.2,0.1,6.6
7356354,3.4,3.8,1.8,5.4
6132886,4.8,3.8,1.1,3.7
1272674,8.5,5.0,0.6,4.4
10079953,6.6,4.1,2.2,3.0
1176701,7.5,5.1,1.2,5.7
4695684,5.8,4.7,0.8,5.0
1309294,4.6,3.6,1.0,4.4
1999469,3.6,2.9,0.1,3.5
2462874,7.0,5.2,1.3,4.6
1193609,8.5,5.0,2.6,3.2
4467464,6.3,4.2,1.7,4.5
1633319,7.9,4.2,2.4,3.2
7807253,6.5,4.5,1.2,4.8
3161140,5.2,4.0,3.1,3.5
1187536,6.3,6.3,0.7,6.2
3052036,5.0,4.1,1.8,4.8
8929613,6.3,4.8,0.9,6.0
10511704,4.7,4.2,0.0,5.5
6587498,7.1,4.7,0.9,4.6
2315129,4.3,5.0,0.7,5.0
1154146,4.3,5.3,0.0,6.1
1496156,6.1,4.3,1.5,4.7
6343177,7.6,3.7,0.1,5.1
6411375,5.1,4.5,1.1,5.8
1155404,4.3,4.9,1.6,4.9
5554792,6.5,5.3,0.6,3.8
11077460,6.8,5.4,0.9,5.6
12229018,5.2,4.7,2.0,4.2
7732739,6.1,4.2,0.6,4.9
1146401,6.4,5.9,0.4,6.2
7773291,5.9,3.1,1.5,4.0
6506050,5.9,4.6,1.4,4.5
8252581,5.9,5.4,0.7,5.3
10558,6.4,5.0,1.1,5.5
12872208,4.0,3.3,3.2,4.4
6394928,3.8,4.1,2.4,5.0
1912395,6.3,5.6,0.3,5.9
1574007,6.9,6.8,1.0,4.6
7092141,6.4,5.2,0.6,4.8
3979400,6.0,3.7,0.9,4.4
2383519,5.0,3.9,0.7,6.0
9721062,6.4,7.7,0.0,6.6
95508,7.3,4.7,1.6,5.4
7367935,4.2,4.4,2.3,4.8
79968,5.9,4.2,1.8,3.7
1635436,6.4,6.1,0.7,6.0
1836993,7.7,4.4,2.2,1.5
2658684,6.6,4.5,1.0,3.6
3072709,6.8,3.7,0.0,3.1
77902,6.3,3.2,1.6,3.8
2434457,7.4,5.4,1.3,4.2
1466879,6.8,5.1,0.0,5.6
4801025,7.4,7.1,0.0,7.3
3666140,4.2,6.8,0.0,5.5
1825747,6.1,4.0,1.3,4.6
1434974,5.2,4.2,0.7,4.8
1366291,6.3,5.0,0.0,4.4
1423717,6.3,5.8,1.0,5.8
1459231,0.0,1.9,0.0,8.0
1563041,6.3,5.8,0.7,5.9
1179522,6.4,5.8,0.8,5.6
1171835,6.4,4.9,0.7,5.3
2400616,4.2,0.5,0.8,4.6
1490911,5.8,5.7,1.0,6.0
1202130,6.0,6.0,1.1,6.0
22634,7.2,5.5,0.4,4.0
1649301,4.2,5.2,1.2,5.9
72004,4.6,5.7,0.7,6.3
2394298,6.2,6.3,0.8,6.1
1175760,5.7,4.4,1.6,6.0
2038242,4.2,4.8,3.2,5.2
1368875,5.6,5.6,1.6,5.6
1258041,5.6,6.4,0.6,5.9
1677645,6.2,5.5,0.2,6.0
3093434,6.5,4.6,2.9,4.9
3868064,6.0,4.8,0.3,5.2
1173991,6.5,5.9,0.6,6.3
1964301,6.9,5.0,0.3,3.9
3326123,6.6,3.7,1.4,2.8
5386762,6.7,4.5,1.3,4.4
2466200,6.5,4.9,0.0,4.4
1166283,6.4,6.5,0.2,5.6
3714,8.5,4.2,2.3,3.5
4055366,6.7,7.4,1.2,8.2
1099250,3.3,2.3,1.0,6.5
6907544,2.4,2.3,0.5,6.3
7277096,6.7,6.7,0.8,5.9
1319334,5.4,4.9,0.8,5.7
88836,6.7,6.4,0.7,6.3
19278,6.2,7.2,0.7,8.5
5903049,4.9,5.1,0.3,6.2
1773543,3.2,1.9,1.4,5.9
7583894,6.8,3.0,0.0,1.8
1571886,6.3,6.6,0.6,8.0
4383993,5.6,4.8,1.2,5.6
2400006,6.8,6.1,0.3,6.4
2248569,2.0,2.3,0.8,7.7
2586391,1.6,2.7,0.4,7.5
6168244,6.3,5.6,1.3,5.8
1542030,6.7,6.0,0.9,6.8
1156502,1.7,1.8,0.9,8.4
3051,2.9,2.8,0.3,6.6
1415647,7.0,6.9,0.5,6.8
2229858,5.0,4.6,3.4,7.6
4604369,6.3,5.3,0.4,4.8
92707,6.5,8.1,1.0,8.3
3599149,8.1,5.0,1.4,5.1
1127691,3.6,2.5,0.7,6.0
5459148,4.2,5.5,0.0,7.7
1558888,3.1,3.1,0.1,6.6
5861307,3.9,2.5,1.3,5.1
6897291,3.8,2.0,1.0,6.2
1134953,4.1,3.2,0.6,7.7
85052,4.0,3.4,1.4,7.2
5492480,3.3,3.0,0.7,6.9
1399189,3.6,2.9,1.4,6.8
1703124,2.7,2.4,1.0,6.5
3231836,3.8,3.6,0.5,7.1
1468439,3.8,3.3,0.7,6.9
1507361,3.5,2.5,1.0,6.3
9771647,3.0,1.6,0.1,5.4
1943230,3.0,3.9,0.0,8.1
7270,3.2,2.4,0.7,6.2
1741669,7.5,4.7,0.5,5.4
4873138,5.5,3.5,3.0,4.5
1526524,4.3,4.2,0.4,4.7
1837182,8.5,5.4,0.6,6.2
2204853,8.5,6.1,0.8,6.2
73558,7.3,7.2,0.5,7.5
2031864,5.5,4.3,1.3,4.7
8794,6.0,7.2,0.9,7.9
4320448,6.7,3.7,1.9,4.0
99589,6.2,6.9,0.8,6.3
23348,6.4,5.9,0.5,5.7
1826863,1.3,2.7,1.3,7.1
7262,3.4,2.5,0.1,6.2
1475637,4.7,2.5,1.1,5.1
1452886,2.9,2.3,0.3,6.9
48314,7.8,5.4,1.4,4.2
9802892,6.7,4.8,1.5,4.4
779978,3.1,2.1,0.7,6.5
1232775,4.4,3.4,0.6,6.8
6170228,4.6,3.2,0.0,7.0
1474753,8.4,5.5,2.0,3.3
3202104,4.8,6.8,0.0,8.1
2100936,4.4,2.7,0.3,6.9
1112493,7.5,5.0,0.5,5.2
1409313,6.4,5.6,1.5,6.3
1189541,8.4,4.0,0.9,4.5
77479,8.5,4.5,1.2,4.4
1163287,3.4,2.8,1.0,6.2
2285531,5.2,5.8,0.5,5.0
1192712,3.6,2.8,0.8,7.0
1159501,8.0,4.5,2.3,3.3
22337,3.4,2.5,1.2,6.9
1209199,6.8,5.0,0.9,5.5
2987,3.5,2.8,0.7,6.4
5791273,8.1,3.9,1.0,3.9
1183735,8.5,4.2,0.7,4.4
1107102,7.2,5.5,1.0,5.2
9531641,8.5,3.9,0.2,4.5
18160,7.2,7.0,0.7,6.2
1132577,4.0,3.4,1.5,5.7
1302099,7.8,4.0,0.8,4.6
1099940,7.7,6.0,1.2,5.4
7102277,7.3,5.4,1.6,4.4
86043,6.6,7.6,0.4,7.3
1207171,4.3,3.4,0.0,6.5
1126494,5.2,5.7,0.6,7.4
2124821,7.1,4.7,1.8,5.2
5887182,4.8,3.1,1.1,5.0
1196307,8.5,5.2,0.8,5.6
2640729,4.7,6.4,0.6,6.5
1098778,8.5,4.3,1.7,4.7
1099443,6.7,7.8,0.7,8.2
11604,6.6,5.5,1.3,5.9
5394274,6.1,7.8,0.1,8.2
1537462,4.5,3.0,1.3,6.0
79015,4.4,3.1,0.9,6.8
1160040,3.5,2.8,1.1,5.3
3071133,4.6,3.3,1.1,6.8
1890207,6.5,5.7,0.7,6.3
79372,4.0,3.2,1.2,6.1
1128986,4.6,4.3,0.0,7.4
1360970,4.1,3.0,1.3,7.2
1380848,5.2,4.2,0.5,4.5
1221009,6.7,6.2,2.1,5.9
78149,8.5,4.9,2.2,4.3
1137843,4.4,3.2,1.5,6.5
1397765,4.5,4.1,0.7,7.6
77309,6.3,8.0,1.1,8.3
1145391,6.7,6.5,0.9,6.4
87155,6.1,7.8,0.8,8.2
1482354,4.7,3.2,1.7,6.4
10853,2.6,2.1,0.8,6.3
1379762,7.2,5.0,1.7,3.6
1107322,8.3,4.9,0.8,5.1
8016481,6.5,8.5,0.0,8.5
92700,6.4,8.1,1.2,8.3
3127311,6.3,7.5,1.1,7.6
1100355,5.5,5.7,0.8,5.8
1164373,8.2,4.9,1.7,5.3
1243963,4.4,2.1,0.8,5.3
768733,7.1,5.4,0.9,5.3
1115207,5.2,5.6,0.5,6.4
89190,5.1,5.8,0.5,6.5
4731783,5.5,4.1,0.6,5.0
1506900,6.3,4.7,1.4,4.7
1486486,5.5,6.5,0.0,7.0
2558566,3.4,2.3,0.0,6.6
3609762,5.7,4.9,0.1,4.6
2823357,6.7,6.5,1.0,6.4
1581794,6.4,5.5,0.4,5.9
1983695,6.5,4.3,1.0,4.5
1102121,7.5,7.4,0.4,7.4
1174495,4.7,5.7,0.4,6.5
1976239,6.2,3.6,1.8,2.9
4938371,5.3,3.6,1.7,3.0
1138775,6.1,5.3,1.6,5.7
6248204,6.8,4.8,0.6,5.2
4178631,3.2,3.3,1.1,6.7
1686459,8.2,4.6,0.8,5.2
1957838,7.8,6.0,1.2,7.3
737225,5.9,5.7,1.0,4.6
9728936,6.3,4.8,0.0,4.3
4247453,3.2,2.5,0.3,6.7
1212169,6.9,7.2,1.1,7.5
1128252,6.8,4.6,2.9,4.4
1197886,5.2,6.1,1.3,6.4
1172724,8.5,5.1,2.0,3.3
1144380,5.3,4.3,0.5,4.6
7407951,3.5,3.7,2.0,5.0
1193949,7.6,8.2,0.5,7.4
1312304,7.3,5.8,1.7,3.9
2004002,0.0,1.5,0.0,8.5
5746696,7.8,5.8,1.6,3.8
9985769,5.9,4.5,2.9,3.7
1723059,8.5,4.3,2.9,3.1
1143112,3.2,3.0,0.4,7.8
1172893,5.9,7.4,0.2,8.1
1125263,6.3,5.3,1.2,4.3
1720012,8.4,3.8,0.8,4.4
6332582,8.5,2.6,5.0,2.2
4948161,3.6,2.1,0.7,7.9
1235676,6.9,2.5,4.0,1.7
2499775,6.4,4.1,1.9,3.7
3824469,6.6,5.1,0.8,4.7
3698623,5.5,5.2,2.8,4.9
10911853,4.2,4.8,3.1,4.8
1233162,7.9,3.9,1.4,4.6
2882799,6.5,4.5,1.9,4.6
1158235,8.2,4.2,2.2,4.8
2383206,7.2,5.2,0.5,5.3
9309505,6.6,5.3,0.9,5.7
3636500,6.9,4.7,2.4,4.2
8752660,6.3,5.0,1.2,6.0
2619541,5.3,4.4,0.8,4.7
1744389,6.6,5.0,2.7,4.5
1647861,5.7,7.7,0.5,7.9
9774585,7.2,5.1,0.0,4.5
1315181,5.7,4.5,0.9,4.7
6270164,8.0,4.1,0.2,4.8
1939841,7.4,4.7,1.0,4.9
1213742,7.1,6.8,1.1,6.5
1108705,4.3,5.9,0.3,6.3
4569755,5.6,5.0,2.7,4.6
1128853,0.5,1.4,0.5,8.5
1181450,6.3,2.5,4.0,1.6
3720364,7.1,4.7,2.3,6.8
10407273,7.4,7.2,0.7,6.4
3885450,7.4,5.7,0.2,5.2
1105461,7.5,5.7,0.6,5.2
4835741,8.5,5.3,0.0,5.7
11238780,4.4,4.6,3.5,4.3
5801896,6.7,2.7,4.5,1.9
2206620,3.6,2.7,0.0,6.8
4243773,6.9,5.7,1.4,5.7
5467540,6.6,4.6,1.5,4.5
5660577,3.8,2.0,1.1,5.0
1468477,5.8,4.0,1.3,3.9
1142726,7.1,4.2,2.2,3.9
6170276,5.9,4.4,0.8,5.1
3023190,7.0,4.3,2.3,3.8
2287247,5.5,6.1,0.0,6.1
1737214,6.0,5.8,0.6,6.5
1817730,6.6,3.7,0.6,4.6
1417979,4.5,3.8,1.7,4.4
1875381,5.4,5.6,1.2,5.8
2500972,5.4,4.3,2.0,4.3
2552822,6.5,6.4,2.0,6.7
2607484,6.9,4.2,0.0,4.2
2215303,8.0,5.5,0.0,4.2
2469906,6.4,7.0,0.1,6.6
1238862,5.9,6.0,1.4,5.9
2314578,2.7,3.5,0.0,6.8
1512980,4.5,3.7,0.9,4.3
2447022,3.2,4.2,0.1,7.8
5293058,6.3,4.5,0.6,4.4
2412016,7.3,5.9,0.4,4.9
1610127,4.3,3.8,3.9,3.8
1201658,5.9,5.5,1.5,6.0
72304,8.5,6.6,0.9,5.7
4560854,7.4,5.6,0.3,3.5
1825919,5.8,4.1,1.9,4.3
1862804,6.3,4.7,1.2,5.6
2259359,6.8,8.0,0.0,6.8
1139508,6.3,4.5,1.1,4.5
1212008,7.3,5.7,1.4,4.7
1191946,6.0,4.0,2.1,4.2
1143043,6.0,3.5,2.0,3.6
1133040,7.0,4.8,0.3,5.3
87833,6.7,6.3,1.4,4.8
7048422,5.3,5.4,3.3,5.1
2487987,7.1,5.5,2.1,4.4
2457536,8.0,3.5,2.7,3.1
3738568,6.5,6.9,0.7,6.3
2200683,5.8,4.7,1.9,4.8
3874203,4.4,4.2,0.4,7.3
1150230,6.6,2.7,0.9,4.1
3999792,6.8,6.4,0.0,7.0
1561701,5.8,4.9,1.0,6.3
1785909,8.1,3.8,2.5,2.6
3963371,6.4,5.8,1.2,4.7
1391712,6.1,3.3,0.4,5.1
1639509,5.9,5.3,0.8,6.0
1785912,6.1,4.1,1.1,3.8
2015895,6.8,4.2,0.7,4.5
11886,8.3,3.6,3.1,2.5
11872,8.5,3.8,3.3,3.0
1189766,5.0,4.0,1.5,4.5
6369534,3.1,4.0,3.2,6.7
5841659,3.5,6.2,0.0,5.5
6718126,5.6,5.3,1.7,5.3
1647501,6.5,3.2,1.2,4.1
7585248,4.5,5.0,2.5,4.6
6631986,6.6,3.2,3.9,2.3
1694823,8.2,3.7,3.5,2.4
1268490,6.6,1.7,1.6,1.7
2256240,6.7,4.5,1.6,4.1
1490671,6.2,4.1,2.7,4.4
2037207,5.4,3.1,3.6,2.7
1203173,6.3,4.2,2.5,2.5
1227601,6.3,5.5,0.5,6.0
2290241,5.9,4.6,1.0,4.5
1692265,7.3,4.5,1.2,4.7
1721019,7.6,3.8,2.8,2.8
779027,6.2,5.5,0.9,4.6
20796,5.8,5.7,1.1,5.8
1303593,6.6,6.0,0.3,6.4
1136857,7.5,5.5,0.9,3.6
16036,7.6,5.9,1.4,7.3
1233309,4.7,4.3,1.1,4.5
9396865,8.4,4.4,1.8,5.2
1168608,8.5,3.9,0.8,4.4
9283150,2.6,3.3,1.2,6.6
72704,8.5,2.5,4.6,2.4
1192499,5.9,5.6,0.9,4.8
7961892,7.8,7.0,0.0,5.5
2213951,7.3,7.6,0.5,7.3
2971278,1.8,2.2,0.0,7.9
10287905,7.0,3.7,1.2,4.2
79536,3.8,3.3,0.1,6.6
4091179,3.2,2.1,0.5,6.5
2464900,8.5,4.6,2.4,4.5
1470093,8.5,4.5,0.0,4.5
1219018,6.1,2.5,0.8,6.3
7213953,6.3,7.5,0.2,8.0
9902744,6.3,2.1,3.3,6.2
5287596,6.0,4.8,1.5,4.9
1128668,3.2,2.6,0.4,6.6
8128340,6.5,4.5,1.8,3.4
5843249,5.8,6.3,0.3,7.6
2611290,5.4,3.4,1.0,4.6
10079358,7.6,3.7,4.2,2.6
5402563,4.8,2.2,1.6,5.0
1105335,0.8,1.3,0.8,8.2
4135532,6.7,4.8,2.4,4.7
1222620,2.1,2.0,1.6,5.9
2808043,3.8,4.3,0.0,6.0
1282069,5.5,4.7,0.6,6.7
1179898,8.1,3.9,1.1,4.8
4596746,5.6,6.8,1.2,6.4
22387,4.4,4.3,0.0,6.4
96405,2.3,2.0,0.2,6.6
6154,6.5,3.4,2.9,4.5
2021425,6.9,5.6,1.0,6.1
1434904,3.6,2.1,0.1,6.1
5568506,6.1,5.1,1.4,4.1
3211626,7.3,4.3,0.8,5.2
14293,8.5,4.5,0.7,4.5
7928710,7.6,5.5,1.4,4.7
61124,5.8,2.6,1.0,6.5
92785,8.5,4.2,2.4,2.4
85476,6.6,7.5,0.3,8.2
1137690,6.8,4.5,0.4,1.7
1166813,5.9,5.5,0.8,4.3
13150,5.4,4.6,1.2,4.7
9808449,6.6,6.7,0.0,6.7
2391632,6.2,5.9,1.5,4.8
16578,8.5,5.2,1.0,5.1
6302025,5.6,6.3,0.9,6.5
1519643,3.8,2.7,0.5,7.5
1204300,4.8,5.7,1.0,6.2
1242780,4.9,4.2,1.1,5.1
1988985,5.6,4.2,1.6,4.5
3885554,4.4,3.4,0.3,7.4
11326898,4.6,6.3,1.8,5.1
5754047,8.5,6.2,0.3,6.2
9327403,8.4,5.6,0.9,5.3
1739336,4.8,4.1,0.0,6.8
3959998,3.1,1.8,0.0,5.9
5069718,2.6,2.7,0.6,6.5
1244489,3.3,2.0,0.8,5.9
2362813,6.0,7.0,0.6,7.7
7667454,6.7,7.7,0.3,7.4
1650269,2.1,2.6,0.3,6.3
86595,4.0,3.5,1.1,6.9
1105466,6.3,4.8,0.9,4.6
1221165,6.0,7.7,0.8,7.8
4156560,8.0,5.4,1.0,5.4
98050,3.2,2.2,1.2,6.2
2155527,2.8,2.3,0.0,6.7
2053550,8.5,4.5,1.9,3.3
1212815,8.5,4.2,1.6,2.7
9460762,8.1,4.9,1.8,3.8
1968838,2.0,2.5,0.0,6.7
5326833,7.0,6.0,1.0,5.4
1592786,6.0,7.7,0.5,8.1
738148,8.2,5.1,1.0,5.5
1263800,5.6,7.2,0.5,8.1
7635956,6.2,6.5,1.7,6.5
1169738,4.7,5.5,0.8,5.9
2714560,4.3,3.7,0.9,6.8
6569262,6.8,4.4,2.2,4.6
7650391,4.6,1.8,1.9,4.8
1721363,6.6,4.6,2.4,2.3
1736416,5.0,4.0,0.6,4.6
8967,7.3,5.7,1.0,4.7
23240,4.9,5.6,0.3,6.5
1917316,7.2,4.5,1.4,4.5
738156,8.0,5.1,0.5,5.7
7857805,6.1,5.8,1.5,6.3
83554,5.2,4.5,1.1,5.4
5296577,5.7,7.8,1.1,7.6
7126707,6.2,5.4,0.4,6.1
1228656,8.1,5.1,1.2,5.4
1237892,5.6,6.8,0.0,5.5
7101248,6.5,5.3,1.3,6.1
1195145,7.0,5.8,1.8,5.9
3838118,3.1,2.4,0.0,6.6
3957038,6.2,7.3,0.8,8.2
5312864,4.1,1.1,1.2,5.6
1469299,3.0,2.3,0.2,6.8
71274,8.3,4.6,1.2,4.4
1437832,4.8,4.8,0.4,7.8
86714,4.2,3.3,1.7,7.5
5077316,3.2,1.9,0.8,6.1
1882691,4.3,3.7,0.9,6.7
1182606,5.3,5.1,0.0,5.9
1164135,7.4,4.1,2.6,3.4
10664119,0.7,3.4,0.0,7.5
6765752,6.3,5.5,0.7,5.1
1288198,4.1,4.0,0.0,7.9
1162640,3.2,2.9,0.6,6.5
23505,8.2,5.1,1.4,5.4
1180128,5.4,3.8,1.9,3.9
2397785,5.0,4.3,1.5,4.6
23367,5.6,4.7,2.3,4.5
1168706,5.4,4.8,1.1,4.8
99556,6.7,4.9,1.2,5.0
5643638,5.5,6.4,1.1,6.8
82392,5.9,4.1,2.0,3.2
2996556,8.0,8.0,0.0,6.4
13648,6.9,5.9,1.2,6.1
1191446,7.3,5.9,0.5,5.6
1249519,6.4,7.1,0.3,8.0
12536292,6.2,4.5,1.4,5.2
1128949,3.5,2.4,1.2,6.1
1241830,2.9,2.2,0.0,5.9
96007,3.8,3.0,0.6,6.5
6449504,7.0,5.1,0.8,6.0
2679512,7.0,3.4,2.0,3.9
4544659,6.3,5.4,1.8,5.5
1183825,6.5,4.4,2.6,4.4
1619305,6.4,3.6,2.2,3.9
10720452,5.6,4.4,3.4,4.0
1535680,8.4,4.3,2.2,3.8
1438804,6.8,4.6,1.1,3.3
1172977,4.9,5.8,0.8,6.1
1873980,4.3,2.2,0.6,5.0
1461767,7.3,4.3,0.0,4.9
9494,6.3,7.9,0.1,8.5
23361,5.5,2.3,1.1,6.5
1268038,6.1,3.8,2.0,3.9
6560750,1.1,1.5,0.8,7.9
1959587,6.6,3.9,2.7,2.6
2170447,3.9,2.6,2.1,5.6
8183647,5.8,3.9,1.2,4.6
1280043,5.8,2.6,0.6,6.6
1284755,6.1,5.1,1.9,5.6
1430400,6.2,3.4,1.5,3.5
1117429,7.5,4.9,1.4,5.5
6762706,7.2,5.9,1.9,4.7
1117516,6.6,5.2,0.8,5.3
7286069,5.3,5.0,0.5,5.4
1277431,5.5,3.8,1.3,4.0
11980074,8.5,1.8,4.2,1.8
4316892,6.8,4.1,1.0,4.5
7199053,5.3,4.5,0.8,4.7
4863071,6.3,4.8,0.1,5.2
1540912,6.6,4.0,2.1,2.8
7486239,4.7,3.1,2.2,4.4
10883689,6.8,4.2,3.0,3.0
6330981,1.5,1.9,0.0,6.9
3411376,6.4,4.2,1.7,3.7
1435648,6.9,5.5,0.0,4.9
6039601,8.0,4.5,2.4,3.5
2018003,3.7,0.9,0.7,5.5
1204873,6.3,5.9,0.5,6.2
8700129,1.7,2.4,1.7,7.5
53524,4.3,5.5,0.7,6.4
7772114,7.4,7.8,0.0,7.7
2391563,6.3,5.3,1.1,5.7
7863983,7.1,3.3,1.8,2.4
2557389,6.0,4.1,1.3,3.4
4928013,6.9,5.4,2.0,6.0
7669508,5.7,3.7,2.6,4.2
1496292,6.3,5.3,0.0,6.3
4058186,7.2,4.2,0.4,5.0
1860604,6.2,4.9,0.4,4.3
2228127,6.9,5.3,1.1,5.0
3468711,4.5,3.7,0.1,6.1
4624268,5.3,5.4,1.8,4.5
2886628,4.2,6.9,0.0,5.5
7225,3.0,2.3,0.3,6.3
7224538,5.1,3.3,0.3,5.4
1941564,2.4,1.7,0.0,7.1
7104415,7.1,5.9,1.0,5.1
2239068,5.5,5.3,0.7,3.9
6330061,5.0,6.4,0.2,7.0
6571875,5.9,5.0,1.5,5.2
2657925,7.1,5.3,1.0,4.5
3230749,5.4,5.6,0.6,6.4
1296024,5.0,5.9,0.9,6.6
5511234,7.0,4.4,0.0,4.5
3051453,6.0,5.9,1.7,5.7
1193593,4.6,5.7,0.6,6.4
1367358,3.4,3.9,1.4,6.9
1615,6.8,4.6,0.9,4.6
3140159,6.4,4.6,0.3,2.5
11977504,5.9,4.7,0.8,5.2
8682584,6.5,6.5,0.0,6.4
1136258,7.3,5.5,0.4,5.2
61234,4.8,4.6,0.9,5.2
2595942,4.1,4.1,0.7,6.1
5986203,6.5,5.9,2.1,4.2
12181452,5.5,4.7,2.2,4.5
1193404,6.5,4.8,1.6,4.8
6153532,6.8,4.5,1.3,5.3
4457984,6.1,6.6,1.3,6.9
2639190,4.6,5.9,0.5,6.6
88729,6.6,5.7,1.1,6.1
1580820,6.6,4.2,2.2,2.8
3092237,6.6,4.8,1.0,3.8
1925866,6.3,4.9,1.1,3.9
11501569,5.0,4.2,2.7,4.2
1223404,5.3,2.4,0.6,6.7
1151298,3.0,2.3,0.0,6.7
3835854,7.1,5.2,0.2,5.2
1654222,6.8,3.9,3.0,2.2
6611544,7.1,5.9,1.2,5.2
1166153,6.8,4.4,1.3,4.0
1298105,4.1,2.1,0.0,6.7
1940340,6.9,2.2,6.0,0.9
2483345,6.6,3.8,2.9,5.4
5105402,4.8,6.2,0.0,6.2
6264331,2.4,3.4,0.0,6.2
1548044,6.5,6.5,0.7,6.1
11199739,4.9,4.5,3.1,4.3
1660623,5.1,4.2,0.3,6.5
12162284,6.5,5.5,1.0,4.5
1510255,8.5,3.8,3.9,2.3
1168644,6.7,4.5,2.0,3.0
10116,7.0,4.9,1.3,3.9
1179392,4.2,4.5,0.8,6.3
1105551,6.9,4.9,0.8,5.3
73256,3.5,2.3,0.3,6.3
3546880,3.4,2.7,0.2,6.1
4988741,4.2,2.9,0.0,7.1
8564691,4.1,3.4,0.7,7.1
6232325,2.0,2.5,0.1,6.8
11263,2.7,2.7,0.6,7.6
87676,6.5,6.5,0.5,5.5
45924,1.8,1.5,0.5,6.8
6282263,4.3,1.5,2.3,8.0
14606,7.5,5.2,0.1,5.5
22233,5.0,4.1,2.7,7.6
17475,4.7,4.5,0.7,4.9
1125481,7.5,5.6,0.5,5.5
1657702,7.4,5.7,0.8,5.1
69784,7.5,5.9,0.8,5.4
1117099,5.9,5.3,2.7,6.5
1984519,6.4,6.3,0.5,7.2
83520,7.4,7.5,1.0,7.2
1188738,6.3,6.4,0.6,7.3
5269260,6.0,5.5,1.6,7.0
1700639,6.7,5.3,0.9,5.9
1210523,7.4,5.8,0.3,5.5
1870,6.6,2.8,1.8,3.5
1568370,3.6,2.4,0.3,6.7
2011640,0.9,2.2,1.1,8.5
1083990,7.7,5.1,0.5,5.5
9530734,7.1,5.1,2.4,5.8
2723557,6.2,8.1,0.3,8.2
98835,6.5,6.3,1.5,6.1
2968942,3.4,2.5,0.0,6.3
9980696,7.2,4.7,1.7,3.9
67084,7.8,4.8,1.1,5.5
6192,5.8,5.3,0.4,6.5
23135,6.4,4.0,2.3,2.9
23802,7.2,5.4,0.8,5.3
79326,6.3,7.7,0.4,8.4
2295750,4.6,2.8,0.0,6.4
1404081,3.8,2.9,0.9,6.7
22802,6.2,7.9,0.5,8.4
5479950,8.4,5.2,2.5,4.8
5123253,5.7,7.4,0.2,8.2
1102091,3.5,2.1,0.0,6.1
1111514,7.4,5.6,0.6,5.4
3839656,6.2,5.8,1.6,5.4
4488200,7.3,4.1,1.5,4.8
7197551,6.2,8.0,0.0,7.3
8836918,5.9,4.0,1.5,4.6
1234036,2.8,1.8,0.0,6.8
97709,7.8,5.1,1.4,5.6
7106320,6.8,7.0,1.0,6.1
2952090,5.1,2.8,0.1,7.4
8979220,3.0,1.8,0.0,6.9
1127706,6.2,7.4,1.0,8.3
2712173,4.5,4.5,0.3,5.2
61064,6.1,7.3,0.8,8.0
1206583,8.5,4.6,4.3,3.0
9213088,5.7,4.6,0.6,5.3
21053,6.3,7.9,0.7,8.2
2297775,2.3,2.0,0.4,6.4
7652434,6.9,4.8,2.0,3.1
1246500,4.3,4.1,2.9,4.3
3169020,3.8,3.8,0.8,7.1
2305189,3.6,2.5,1.8,7.0
1189367,3.9,3.3,0.5,7.2
8776410,3.0,1.4,1.1,6.2
1425951,4.8,6.2,0.0,5.9
15085,6.2,4.2,1.8,3.0
92713,6.5,5.1,1.4,3.4
9725131,6.0,5.2,2.6,6.3
4875863,4.9,4.8,0.8,5.5
1175539,5.1,4.1,0.9,4.6
13816,5.0,4.1,0.6,4.4
15192,6.4,4.6,1.8,3.1
1222695,6.4,4.7,1.9,3.2
1209,5.7,4.5,1.3,4.3
3660965,4.3,4.0,0.8,4.8
1154728,2.1,2.1,0.2,6.6
16992,4.7,5.6,0.8,6.4
10571759,5.5,6.7,0.0,6.5
1532346,7.1,6.8,0.5,6.4
1220273,8.1,5.8,1.6,5.8
1105482,7.5,4.8,0.9,5.5
6300083,2.1,2.3,0.0,6.9
1232776,6.2,7.1,0.3,8.4
1226917,4.3,2.8,0.0,6.5
1904909,5.0,3.4,0.1,7.0
7086363,6.8,6.0,1.9,5.8
8329375,7.6,6.1,0.2,2.4
5746037,6.3,4.1,3.3,3.9
4422420,4.2,2.0,0.8,6.8
96003,4.5,3.8,1.3,6.8
7226014,6.7,4.8,0.0,4.7
11735925,6.4,6.4,1.2,6.2
1099433,6.6,7.6,1.0,8.3
3056,3.2,2.8,0.2,6.2
1478009,8.0,5.6,0.5,5.7
4142292,6.3,4.5,1.3,3.0
1101021,8.5,4.7,1.7,4.2
1253459,6.3,4.2,1.5,3.3
1219183,5.0,4.8,0.9,5.2
98028,5.3,4.3,1.2,4.9
79328,6.2,7.7,0.5,8.2
1603844,3.9,3.0,0.7,6.8
1217914,4.3,3.3,0.4,7.0
14509,4.2,2.4,0.5,5.5
1196379,5.3,6.1,0.4,7.7
1804063,8.4,4.5,2.3,2.4
1111933,1.5,2.2,0.0,7.0
1277738,5.9,5.9,1.3,5.8
1129525,7.4,5.8,0.9,3.4
1207094,6.7,7.1,0.6,6.7
1187041,5.7,5.8,0.9,5.8
86344,6.0,5.4,1.3,5.5
1864385,6.5,6.1,0.2,6.5
1144708,5.9,6.4,0.6,5.9
1477306,1.8,2.3,0.7,6.1
3285599,3.0,2.7,1.1,6.1
1724014,6.4,6.9,0.7,7.8
1211005,4.9,4.8,1.4,5.8
2075377,3.1,2.7,0.0,6.5
2926872,2.4,1.7,0.0,6.4
1524270,4.5,3.8,2.3,4.4
1497180,7.7,5.7,2.4,4.6
2828961,4.7,4.8,0.1,8.1
1476944,6.0,3.8,0.0,5.4
2076079,6.6,3.5,2.0,3.9
2449478,7.8,1.4,4.8,1.8
4991473,8.2,4.3,0.9,4.5
7631654,6.0,5.4,0.9,4.9
1861917,6.0,5.7,1.2,5.7
1876005,4.7,5.8,0.6,6.2
1643556,5.2,4.5,1.3,3.8
2462605,5.8,6.7,0.2,8.4
1221840,5.5,4.4,0.9,4.7
5882960,8.5,5.5,0.0,5.4
77874,6.2,6.2,0.8,5.9
1189749,7.6,5.2,0.6,5.3
5430447,6.0,6.7,0.0,8.5
1300790,7.5,5.0,1.1,5.6
9809176,5.0,4.3,1.7,4.9
89797,5.3,5.8,0.6,6.3
1142857,1.7,2.0,0.3,6.4
1599400,1.8,1.8,0.0,5.5
1235149,5.0,5.6,0.5,6.3
1261930,6.9,5.6,0.2,5.4
84533,8.5,4.7,0.8,5.4
8114517,5.5,3.9,0.0,4.2
20947,6.0,7.5,0.3,8.4
2321657,3.7,3.6,0.1,7.4
5143568,6.5,5.1,0.3,4.4
41254,2.4,2.3,0.0,6.8
2034256,3.1,2.6,0.2,6.5
1899109,6.4,5.5,1.1,5.9
10617154,8.5,5.5,0.0,5.2
1621946,6.3,4.3,0.8,4.7
7461653,8.5,1.7,5.6,2.6
13898,6.2,7.5,0.5,7.9
4346034,4.4,3.5,1.1,7.1
1700154,3.8,3.0,0.0,6.4
12538862,1.9,3.2,1.1,6.1
1243146,6.3,7.9,0.5,8.1
2022601,6.5,5.4,1.1,5.3
1630489,6.4,4.7,1.9,4.0
4191974,5.6,4.4,1.0,4.7
1312251,4.7,5.6,0.5,6.3
1226542,5.0,5.0,0.8,6.3
2373719,2.5,2.6,1.1,7.7
6789030,6.0,4.4,0.9,4.7
5972573,6.6,8.5,0.0,8.5
5811365,6.1,6.1,0.4,5.2
95999,3.1,3.0,0.6,6.3
1218086,8.5,5.4,0.5,5.5
1684786,3.1,3.5,0.3,7.8
6204129,2.4,2.4,0.7,6.4
3711,7.6,7.8,0.5,5.5
1165293,8.5,4.9,1.2,4.4
1178205,6.4,7.5,0.5,8.1
1366941,4.9,4.0,1.1,4.2
4597787,2.6,2.2,0.5,6.6
1597723,6.1,5.7,0.6,6.3
1246506,4.9,2.7,0.5,6.9
1099899,4.3,3.2,1.6,7.5
1905555,3.0,2.0,0.0,5.9
75212,5.8,6.8,0.6,8.0
100749,4.6,3.7,0.3,7.3
2285542,5.8,4.7,3.7,7.0
4060890,8.1,4.5,2.2,4.9
9442873,1.4,3.5,0.0,7.7
1201280,8.2,4.9,1.6,5.6
2076733,6.7,6.5,1.1,6.0
4926313,0.9,2.3,0.7,7.2
65114,5.2,4.6,0.8,4.8
1207711,7.4,5.6,1.1,5.1
1321077,6.7,6.3,0.1,6.3
6341252,7.6,5.2,0.0,4.0
1949131,6.5,6.7,0.9,6.1
1160025,5.1,4.1,0.8,4.6
1216967,6.7,3.2,1.3,4.2
1185801,7.4,5.1,0.9,3.6
6863952,5.8,3.8,2.2,3.9
5987772,5.7,7.1,1.2,5.4
6368965,6.9,5.2,1.3,6.5
4111870,7.1,5.4,0.0,4.9
7237658,6.3,6.0,1.8,4.2
5944627,7.3,5.5,0.8,4.2
2350538,7.0,6.8,0.3,6.5
4517036,8.5,4.5,1.6,3.2
6021362,6.2,4.6,0.5,5.3
12031071,6.1,6.8,1.8,6.1
84156,5.8,6.8,1.3,5.3
2808938,6.5,2.7,0.0,2.0
2038428,6.2,4.6,2.4,4.6
10427503,5.3,5.5,2.4,5.2
10361190,6.2,7.2,0.1,6.2
1506422,6.5,2.5,3.9,1.9
5294572,7.9,4.5,1.9,4.1
6168721,6.8,2.1,4.8,1.3
6404545,6.9,2.6,4.3,1.3
8365879,7.4,3.6,4.3,2.0
1161655,4.1,5.7,0.2,6.4
7053470,6.7,7.8,0.3,4.7
5993183,7.3,5.2,2.3,5.6
11915203,4.7,4.7,2.9,5.0
8755112,4.3,3.5,0.0,6.8
22697,4.6,4.1,0.3,4.8
1182155,6.2,5.3,0.9,6.1
1218832,6.0,6.3,0.9,6.2
6276994,5.6,4.5,1.1,5.4
10958952,6.4,4.1,1.3,5.3
10666861,6.0,5.7,1.9,5.7
26594,6.5,4.6,1.0,4.5
1864195,6.8,4.0,3.6,2.7
71874,6.0,3.4,1.4,3.2
71834,5.5,4.1,1.8,3.0
1412673,4.8,4.3,1.4,3.4
5287195,6.5,4.7,0.6,5.0
8867783,6.9,6.7,0.4,5.9
1997336,6.0,6.2,1.7,6.1
1926484,5.7,3.9,0.8,2.3
1175143,6.4,6.4,2.1,5.9
1420380,4.2,5.0,0.6,6.9
1205778,6.6,4.4,1.1,4.8
1226949,5.7,4.2,0.6,6.4
3934081,7.3,3.8,3.1,3.1
1470478,5.5,4.5,2.9,4.5
1379331,8.5,4.0,1.2,4.5
12489463,5.1,4.2,2.6,4.2
11132633,6.2,4.2,1.6,4.4
1146693,6.5,4.6,1.6,4.2
10697877,3.7,4.0,2.9,3.8
2968897,6.8,2.9,3.5,2.5
1200661,7.6,4.9,2.0,3.5
1376257,7.1,5.6,0.1,5.7
15332,4.6,5.4,0.6,5.8
1462292,6.4,5.7,1.0,6.1
7760331,6.8,5.2,2.6,4.2
12365185,5.8,4.4,2.9,4.0
1638426,7.7,6.0,0.0,4.1
10367741,5.9,3.5,0.6,4.1
6310972,6.3,3.8,2.8,3.1
6947289,0.0,2.6,0.0,6.9
4310932,5.7,4.4,0.9,6.5
1230948,5.3,3.8,1.3,4.5
1521599,4.6,3.8,0.4,5.3
3795312,7.1,3.6,2.7,3.0
5422552,5.7,7.0,0.3,6.6
1814533,4.5,4.2,1.2,4.6
5955588,6.4,5.1,2.3,4.9
1586982,7.8,4.8,0.4,4.3
12618872,4.1,4.8,2.2,5.6
1369908,5.6,4.4,0.7,4.7
11135054,5.8,4.8,2.2,5.1
9894859,7.7,3.8,2.7,4.1
10238917,7.0,5.4,0.9,3.7
1320126,6.8,3.0,0.0,1.8
1224551,6.4,4.1,1.5,5.2
8076081,6.3,4.7,1.2,4.3
11551878,5.2,3.8,3.5,3.6
12118673,5.7,4.2,2.2,3.8
1149822,4.3,5.6,0.4,6.4
11041875,5.5,5.3,2.5,4.8
1208363,6.9,5.6,0.3,5.3
4366755,5.8,4.3,0.9,6.0
1315124,6.6,4.5,0.8,4.6
11271087,6.6,3.5,3.9,3.3
1270783,4.8,5.0,2.7,3.7
6209,4.5,4.0,0.3,4.6
1106641,6.6,4.3,1.2,4.6
1821556,6.4,4.5,0.8,4.6
8479184,5.6,5.0,1.0,4.5
1129387,6.5,4.1,0.9,4.4
7507548,5.2,4.5,4.1,4.8
23104,5.0,5.0,0.5,4.8
1159129,4.7,3.7,1.0,4.1
1556378,7.3,4.1,2.1,3.7
1132560,4.5,4.1,1.5,7.6
2138604,8.5,5.3,0.8,5.2
4967983,6.9,6.8,0.0,6.8
1208976,4.4,3.4,1.1,7.5
1217970,6.5,5.5,1.5,6.2
86934,4.9,4.8,1.4,6.0
2006737,7.2,5.6,0.0,6.4
6179398,4.2,4.1,1.0,7.1
1218911,4.6,3.2,1.9,6.7
1847304,4.2,4.3,0.2,6.6
1100996,6.5,7.8,1.1,8.1
2134093,3.8,2.7,1.6,7.7
11168547,4.5,3.3,0.8,7.3
4891302,8.1,7.4,1.1,5.5
1108995,6.8,8.0,0.1,8.5
10011987,8.2,4.2,1.7,3.1
4196934,5.2,6.6,1.7,7.1
84775,6.4,7.5,0.6,8.1
5905758,7.9,3.8,0.0,4.2
1170702,6.1,7.4,0.5,8.5
5406656,1.3,3.2,0.0,6.3
2840,3.9,3.1,1.2,7.1
1189128,6.8,2.5,5.3,1.4
1135642,8.5,5.4,0.8,5.8
1167978,6.0,7.5,0.6,8.2
1268,8.3,4.5,1.6,4.3
87095,5.8,7.8,1.0,7.8
87113,6.1,7.7,0.3,8.3
76429,7.5,4.7,1.5,4.0
1521195,7.6,4.1,1.8,4.6
2791379,5.0,3.4,1.7,7.6
6385867,3.6,2.2,0.5,5.5
1876294,6.7,5.8,1.5,6.2
77137,6.4,5.3,1.2,6.0
67064,7.9,5.1,1.4,5.4
1450977,7.0,5.1,1.2,3.7
1632340,5.6,4.2,1.1,5.8
2716661,6.7,7.9,0.0,6.8
4260045,7.2,6.8,0.0,6.9
77136,6.4,5.4,1.3,5.9
7087248,5.5,6.5,2.1,5.0
6006178,5.6,6.2,2.0,6.4
5806244,5.2,7.0,2.0,5.8
5734209,5.9,5.1,2.0,5.3
6351120,7.0,5.5,0.0,6.9
6007664,6.7,4.7,1.1,4.4
3373694,6.5,5.1,0.6,5.1
10137045,7.0,4.9,1.9,5.3
5599210,5.1,5.7,0.6,6.2
2257708,7.0,4.5,1.0,4.4
8447360,6.1,7.0,1.7,5.9
3508662,7.5,5.1,0.7,5.8
3700058,8.1,4.5,0.2,4.7
1237418,7.0,6.1,2.3,5.8
2307840,6.0,5.8,2.3,6.5
3290562,4.8,6.2,0.5,6.2
2927323,5.7,4.3,0.3,5.1
2093512,1.5,1.8,0.8,7.8
11286718,5.3,3.1,2.3,5.9
9334954,6.5,5.5,1.7,4.3
2581881,5.1,5.7,0.9,6.0
1175790,6.5,6.3,0.8,6.7
5441101,6.4,4.7,2.8,4.1
6675437,4.8,5.5,1.6,7.8
94968,5.0,5.6,1.0,6.2
2418854,5.2,7.3,0.3,7.8
5516091,6.7,4.8,1.3,5.0
5343039,5.5,4.5,1.0,6.9
2051405,8.5,6.2,0.1,6.2
1385716,6.6,4.6,1.4,4.5
1654981,3.5,2.6,0.9,6.0
11452534,6.0,5.7,2.1,5.7
7895635,1.8,1.8,0.0,6.8
5006894,3.0,2.1,0.8,6.2
10817954,5.6,4.8,1.0,5.5
27364,8.1,4.3,2.3,3.2
1153856,4.8,5.8,1.0,6.0
2434564,1.8,2.3,0.2,5.9
3291518,3.3,2.5,0.6,6.7
1282732,6.2,7.9,0.2,8.3
77475,4.7,4.7,0.5,5.1
2170547,6.7,4.6,2.1,3.3
1851609,3.8,3.9,1.3,7.2
2853334,6.8,3.9,1.4,2.4
2921532,6.1,7.3,0.5,8.5
1637573,7.3,5.2,1.9,5.5
7101275,7.7,5.6,1.4,4.4
2085050,2.6,6.0,0.0,5.1
8891069,6.4,6.2,1.1,4.2
1207249,8.3,5.1,1.3,5.4
3457646,4.2,6.8,0.0,5.5
1125286,3.0,1.8,0.1,6.9
1795,6.2,6.8,0.3,8.4
2055586,6.7,5.8,1.8,6.3
1676073,5.6,6.7,1.0,6.8
1529217,4.3,3.9,1.4,4.6
7245522,5.7,4.9,2.5,4.9
12945040,3.8,5.9,1.0,5.9
2914255,3.3,1.9,0.7,5.8
1255604,5.3,4.2,0.4,4.5
1149569,5.6,2.7,0.9,6.4
9133557,6.8,6.2,1.7,4.9
11495232,5.3,5.3,1.9,5.4
1345189,6.2,7.3,1.0,7.7
7140877,6.2,4.5,2.8,3.6
5838175,8.4,5.3,1.8,3.5
7714894,6.8,6.0,1.2,6.1
5502647,5.4,7.7,0.1,8.0
3478,6.7,3.2,2.1,3.5
1537474,7.2,4.5,2.1,2.9
9235845,8.5,4.4,0.0,4.5
1167880,6.1,7.5,0.2,8.4
1724691,3.8,4.6,0.3,7.7
6456692,3.5,2.3,0.0,7.1
1221103,6.6,7.0,0.0,8.2
5528757,6.9,5.1,0.3,3.3
2431361,6.2,7.9,0.5,8.3
75316,6.3,7.8,0.3,8.2
1177075,8.5,2.4,4.6,2.7
2140268,6.6,6.0,0.6,5.2
95031,2.6,2.6,1.2,6.3
6398165,7.1,4.7,1.4,4.4
1290130,5.0,6.0,0.5,6.5
3979085,4.4,3.2,0.5,5.0
8709772,8.2,4.5,1.6,3.2
7102214,7.1,2.9,3.5,2.2
4152019,5.8,5.9,0.3,6.3
97883,8.1,5.0,1.5,5.3
2608365,6.8,5.3,0.7,5.3
7169866,5.9,5.1,3.1,5.1
1713754,4.9,2.6,0.0,6.0
1397381,8.5,2.5,4.6,2.5
7166215,2.5,2.1,0.5,5.9
1214983,6.4,4.2,1.0,4.8
1510658,5.4,4.4,0.9,3.9
3821737,6.2,4.4,0.4,5.0
4306034,5.2,4.4,0.3,4.8
1172075,5.5,4.9,1.2,4.8
1603083,5.5,4.7,0.6,4.6
7473128,1.4,0.8,0.0,8.2
97423,4.3,2.9,0.7,7.2
83666,6.5,5.2,1.2,4.6
1274073,3.0,3.5,0.7,7.9
11042210,8.5,5.7,0.0,5.0
1191873,5.0,3.3,1.9,7.2
10582217,4.8,4.2,3.0,4.6
2124947,5.4,6.4,1.6,6.6
1215128,4.6,6.7,0.2,6.8
1153854,5.1,5.0,0.6,6.0
1796110,6.0,4.3,1.9,4.3
7672746,5.4,7.6,0.1,7.6
4875214,8.5,3.8,3.3,2.6
1174588,5.4,4.9,0.8,4.8
1267982,8.5,2.3,4.8,2.1
7768402,5.8,4.0,2.1,4.8
1232436,3.6,5.2,0.0,5.7
16206,8.3,4.5,2.5,3.0
4090464,5.2,6.2,0.5,6.2
10043291,7.2,5.9,0.0,6.2
1828786,3.1,3.3,0.0,6.5
1964933,6.9,5.1,0.8,3.4
1675242,5.6,6.0,0.6,6.8
7732795,4.4,2.3,1.0,4.9
12483233,4.5,3.7,3.2,4.8
1100721,6.7,8.4,1.0,8.0
6739661,7.6,6.0,0.6,5.7
86870,6.1,7.5,0.3,8.2
1985131,3.0,2.1,0.0,6.9
1137508,4.7,5.5,0.5,6.2
1159480,8.5,2.5,4.9,2.5
6200836,5.5,6.0,2.1,6.7
9492652,5.4,7.0,0.9,6.7
7903781,5.3,5.1,1.7,4.2
1536919,6.6,7.4,0.0,7.9
6763975,8.5,1.6,4.1,2.4
1743676,3.9,4.2,2.3,5.5
36144,8.5,4.0,0.9,4.5
2295825,4.2,6.8,0.5,4.2
77516,6.9,5.4,1.0,5.3
1245573,8.0,4.8,2.4,3.5
1504325,8.5,5.4,1.9,3.9
7437745,6.7,7.4,0.4,7.3
91630,4.9,5.9,0.5,6.6
2033277,5.7,4.8,0.0,6.6
1873333,6.7,7.8,0.0,8.5
1192050,6.9,5.5,0.5,4.5
3798056,6.4,6.3,1.3,6.1
2178564,7.2,4.6,1.7,4.2
4974970,4.5,4.3,0.0,6.6
1458046,4.9,4.3,0.7,4.4
93055,4.3,4.6,0.7,6.5
7753,6.4,4.3,1.4,3.2
7067271,6.8,5.1,2.2,4.4
2646203,6.6,4.8,1.5,3.2
1117418,6.8,3.4,1.2,2.4
1161224,6.5,7.9,0.6,8.4
1176058,6.5,5.4,0.6,4.9
1802707,7.3,5.3,0.8,3.7
1454639,4.6,5.2,1.8,4.6
4830263,5.8,4.6,2.9,4.5
1151087,4.0,3.7,0.0,5.4
4397263,7.4,5.6,1.5,3.8
1102057,4.1,4.2,0.4,4.6
5422368,7.5,4.6,2.7,3.3
1952862,6.4,5.0,1.4,4.6
2100126,7.1,5.1,0.9,4.0
74771,6.3,6.2,1.0,6.1
6647250,5.4,4.3,1.3,3.5
1558098,6.2,3.8,2.0,3.0
4801738,6.7,4.7,0.9,4.4
1246425,6.8,4.6,1.1,4.4
2629986,8.0,5.5,0.4,5.4
1139370,7.0,4.5,0.8,3.2
4245757,7.9,3.2,0.3,4.4
2557495,7.7,3.9,0.7,4.6
4159443,5.9,5.5,1.0,4.9
3387575,8.1,5.0,0.7,5.5
1202844,8.4,5.0,2.2,3.1
11373889,7.3,5.3,1.4,6.9
11665560,8.0,5.5,0.0,3.0
8900452,4.8,6.6,0.8,6.4
6225678,4.3,6.0,1.4,6.6
6449132,6.5,5.5,1.1,3.9
2225118,6.1,5.8,2.3,5.4
2281860,6.3,4.4,2.9,4.0
7605372,4.3,4.7,1.2,4.4
2200992,7.5,5.3,1.5,3.4
2268575,4.5,5.8,1.7,4.7
10782775,5.1,3.8,3.3,4.0
4775051,7.5,6.5,0.9,8.0
9170194,6.0,5.5,2.1,5.7
1230762,7.4,5.7,0.0,5.5
8554765,8.4,4.5,1.6,2.9
1529452,6.2,4.7,1.8,4.7
8244674,6.2,3.2,3.6,2.7
1221284,6.6,5.7,1.4,6.0
23384,3.5,3.8,0.3,6.3
5841040,4.3,6.0,0.0,5.8
17518,5.2,7.4,0.2,7.6
88515,5.0,4.4,1.6,3.7
9181232,6.5,4.4,2.0,2.5
1207820,3.6,3.5,0.8,5.8
1633194,3.4,4.0,0.3,6.5
5608859,6.4,4.6,1.5,4.4
1225187,6.4,5.5,1.0,6.1
1128609,8.1,3.9,3.4,2.8
7682065,7.0,4.6,2.7,4.5
1136677,6.5,2.3,1.6,3.3
2754095,4.7,5.0,1.8,4.4
1126577,5.6,4.6,1.0,6.5
4437103,6.8,4.3,0.1,4.7
6880700,6.4,6.1,0.0,6.0
1656995,6.4,4.5,1.1,4.9
11178777,6.3,5.5,3.4,4.0
4915561,5.5,5.7,2.6,5.2
5987439,6.1,6.0,0.6,5.7
1196761,5.0,4.7,0.5,6.5
3155589,7.1,4.5,1.5,5.0
5926495,7.7,4.1,0.0,3.9
1137120,6.7,4.2,1.1,4.5
6367464,4.2,3.9,2.8,4.4
1792624,7.0,5.1,0.8,5.5
1139124,6.2,5.6,1.3,5.9
21211,7.6,5.1,1.2,3.7
1708830,5.7,4.3,1.1,3.9
23818,7.5,4.7,0.4,4.5
1243390,6.7,6.5,1.2,6.3
9563681,4.8,3.9,1.0,4.5
1270904,5.5,4.2,1.8,3.8
3894331,1.0,1.0,0.0,6.3
13393,8.4,5.3,2.0,4.7
1376321,7.6,6.0,0.7,7.8
9847060,5.9,3.4,4.6,1.6
1544825,5.4,2.4,1.6,3.8
6815672,6.8,4.6,0.5,5.5
7428216,6.5,5.6,0.7,5.5
1955937,5.0,4.1,1.2,4.0
8337735,4.6,3.9,2.1,4.8
9280436,6.0,4.8,1.1,5.1
8734622,5.8,5.0,1.5,4.6
3686180,4.6,4.6,0.0,5.1
1508221,4.7,5.2,0.4,6.1
1937331,8.5,4.4,1.9,1.3
1226598,6.3,4.8,1.5,4.6
1639459,6.8,4.2,1.2,4.1
1675135,6.2,5.1,1.3,4.3
1172656,4.7,3.5,1.8,3.1
6214164,7.2,4.5,2.1,4.0
1820343,5.0,3.2,2.2,4.5
1915104,6.0,6.1,0.9,5.8
5257243,6.3,5.7,1.9,5.6
1193070,6.4,4.1,1.5,4.6
1591451,6.8,5.1,0.5,5.0
1414709,7.5,6.1,1.9,7.5
7247261,0.0,0.5,1.0,8.5
6765660,5.5,4.4,3.3,4.7
1235216,6.0,6.0,0.4,5.6
7024269,6.3,2.7,3.6,2.1
1219552,6.4,7.4,0.0,8.2
9520778,5.9,4.5,2.5,4.2
2411121,3.4,2.9,0.6,6.9
1462755,6.8,6.8,0.0,6.8
1216979,7.0,5.2,2.6,3.9
1115224,7.3,7.6,0.5,6.9
18795,5.6,6.0,0.8,6.6
90132,6.4,7.8,0.7,8.1
11819,8.5,4.8,2.3,4.3
2396836,6.6,6.1,0.3,6.3
1184876,5.2,5.0,0.2,5.2
1399248,6.4,5.4,1.2,6.0
1130185,6.6,6.8,1.8,6.7
2859912,6.1,8.2,0.2,8.4
6780290,5.8,6.7,0.6,6.6
82722,5.5,4.3,1.1,4.5
99744,6.1,6.8,0.5,8.2
5197131,3.6,2.8,1.1,6.3
1218546,4.6,6.5,1.9,6.5
10433347,7.3,4.5,0.5,5.1
4880756,8.5,3.8,0.4,5.5
1157718,5.9,5.7,0.2,6.4
1141709,5.0,4.5,0.5,7.6
1203295,5.1,4.1,0.8,7.7
1109197,6.8,6.8,0.5,4.2
1656948,5.4,6.4,0.0,8.5
6278581,4.0,2.2,0.6,5.4
2545927,6.8,5.5,1.2,6.1
4964540,6.4,5.3,3.3,5.3
9812903,6.0,2.8,0.0,5.8
5343007,5.8,3.7,1.8,5.4
5102909,2.2,2.0,0.7,6.5
1770249,4.6,6.7,1.6,6.0
1191215,8.4,4.7,1.3,5.3
1549487,6.5,5.4,4.6,4.5
1188974,5.6,4.2,1.7,4.4
8833564,5.8,3.3,0.7,6.4
1390875,5.6,4.9,1.2,5.1
1595459,6.9,5.0,1.1,4.9
2786770,5.8,6.0,2.5,4.2
1129541,8.3,2.9,4.6,2.6
1736361,5.2,4.5,0.8,6.4
1233121,5.4,7.8,0.0,8.1
2714901,8.5,4.4,1.1,4.5
1663791,1.5,2.7,0.7,7.4
9566128,7.9,4.5,0.3,5.8
5461547,4.0,3.2,0.0,6.7
3587988,6.9,5.7,1.7,6.3
2203444,3.9,2.8,0.2,6.7
1127689,3.5,3.1,0.2,6.2
6500400,4.5,6.5,0.0,5.5
2750768,6.2,5.9,1.0,6.4
1766523,3.4,2.3,0.0,6.3
1166363,6.1,3.2,1.9,3.8
1213824,7.2,7.5,1.9,7.2
5563263,4.9,5.3,1.0,6.3
78342,6.5,4.4,3.9,4.0
1845803,6.7,7.2,1.0,8.1
1471142,8.5,4.6,1.0,5.5
1450784,4.1,2.9,0.0,6.9
1306893,5.3,4.5,1.0,3.9
10358278,2.7,4.2,3.2,4.8
1740632,7.0,2.5,4.5,2.6
9395006,4.8,4.2,2.2,4.7
1166820,5.5,4.4,0.6,7.2
5248383,6.5,5.1,1.2,4.2
1167490,3.9,3.0,0.4,7.0
93555,5.4,6.2,0.7,6.2
1243297,6.5,5.2,0.5,5.4
9399498,8.3,5.7,1.4,4.3
1195810,4.7,6.2,0.1,6.7
1297663,6.8,4.4,1.0,4.4
1203472,4.7,3.7,1.3,4.2
3309635,6.6,4.0,1.6,4.7
11686934,4.2,3.0,0.0,7.5
2802,3.4,2.8,0.3,6.8
1473737,7.2,6.1,0.0,3.9
2257838,7.9,4.9,1.4,5.5
1100846,7.5,6.6,0.7,6.3
1202226,4.8,5.6,0.2,6.3
8543835,6.7,6.9,0.5,4.8
1471363,3.5,3.2,0.5,6.7
2437632,6.4,4.0,1.9,4.1
1180568,7.1,5.3,1.1,5.5
1264309,7.6,7.4,1.2,6.4
1101399,6.7,4.0,0.6,4.3
2334906,6.6,6.9,0.7,7.5
1697511,6.4,6.7,0.1,7.7
6677738,0.3,1.9,0.4,7.5
1449490,7.0,4.8,1.3,5.3
1189349,6.7,4.1,2.2,3.1
4221687,4.1,3.0,0.7,7.0
1197250,6.7,4.8,1.4,5.0
90820,7.3,7.4,0.9,7.2
1905698,3.0,2.6,0.0,7.0
7372486,5.8,6.8,0.0,7.3
6156705,7.7,3.9,1.1,5.0
1149496,6.4,7.6,0.2,8.4
10246652,1.0,0.8,0.1,4.7
5494749,1.8,2.2,0.8,7.9
2716483,8.2,2.8,4.6,2.8
1215527,7.0,4.4,1.3,4.5
779523,5.1,5.9,0.9,6.3
1174676,5.8,4.2,0.7,3.8
4422419,5.9,4.8,0.7,5.4
2883,4.0,3.1,0.6,7.0
73589,8.1,5.7,1.1,5.4
4289617,7.5,4.0,2.3,4.8
1100757,3.4,2.6,0.7,5.8
5641685,6.0,4.4,1.9,3.2
7092798,3.7,3.9,1.2,6.7
1239489,4.5,2.7,1.7,7.5
2218,6.7,5.8,0.6,6.2
80390,4.1,3.1,0.6,6.4
1100939,5.4,4.7,1.6,4.3
9866431,4.0,7.0,0.0,5.9
1166231,5.6,4.6,1.1,4.6
1143938,7.2,7.4,1.0,7.3
4538581,5.9,6.5,0.1,7.2
5811465,4.4,4.2,0.0,4.5
2497387,3.9,3.7,1.0,7.7
8924923,7.3,5.3,0.9,4.8
1189617,6.0,7.8,1.0,8.4
1130637,3.3,2.2,1.0,5.8
1582322,7.8,5.1,0.5,5.4
6229961,6.6,7.4,0.0,6.3
6038428,5.3,5.7,0.2,8.4
10553025,3.7,3.5,0.0,6.7
1223636,6.0,6.0,0.9,6.2
1456322,4.2,3.3,1.0,7.0
6481942,7.2,6.8,0.6,6.5
87358,8.5,5.2,0.9,5.1
15294,4.6,4.5,0.6,5.5
10308577,7.6,4.6,2.4,3.1
1390036,7.5,4.6,2.2,3.7
9954550,7.0,5.7,1.5,5.7
1159505,3.0,1.8,0.0,6.8
1391524,3.1,3.9,0.0,8.0
1486099,6.0,8.0,0.3,8.5
6743073,8.5,5.4,2.4,4.1
99046,5.5,2.2,2.1,6.0
1771112,5.5,2.4,0.4,6.5
1157826,4.1,1.4,0.7,4.9
3880023,7.1,5.7,1.3,6.0
7689140,5.5,5.2,0.1,5.1
12593347,5.8,5.0,2.1,4.9
10144629,7.6,4.8,0.1,5.3
7652148,6.6,4.6,0.1,5.0
1869193,6.3,5.8,0.8,5.9
5901144,5.3,6.1,0.0,5.8
7106153,6.7,4.7,2.3,3.8
22550,6.2,7.6,0.4,8.3
1270105,6.0,5.2,1.2,5.9
779051,4.4,5.4,0.3,6.2
8862835,7.4,4.7,1.6,3.9
1669319,5.4,5.4,0.0,4.9
1099316,7.3,5.2,0.9,5.2
1258767,5.9,2.7,1.4,6.6
8097576,5.7,4.3,2.0,5.3
1252559,6.2,6.4,1.1,7.3
85171,6.4,6.8,0.9,7.9
22723,5.3,6.1,1.1,6.6
5259792,7.3,7.0,0.0,6.7
1911118,5.9,2.7,0.9,6.2
15196,5.2,4.3,0.7,4.7
1427393,7.7,6.4,0.0,4.1
5250554,3.4,3.2,1.3,6.6
1126782,1.8,1.7,0.1,8.0
1908045,8.1,3.9,0.8,4.6
3078282,6.0,7.3,1.1,8.5
6904766,7.1,4.3,2.0,4.5
1166517,4.8,5.9,0.5,6.5
14634,8.4,4.0,0.7,4.7
2451247,4.4,2.1,0.5,6.4
6288234,5.9,7.7,0.8,7.8
8630975,5.9,4.7,2.0,5.8
1669001,3.2,2.9,1.2,6.7
2214506,3.9,3.4,0.0,7.3
5791181,3.7,2.6,0.2,6.3
3150812,4.1,3.1,1.5,6.4
4297712,2.8,1.7,0.1,6.9
1164872,5.4,4.4,1.5,4.5
9949619,6.6,6.5,0.3,5.2
1223118,4.8,4.3,0.7,4.9
4344855,7.0,5.8,2.7,5.8
4483732,4.1,1.5,0.1,5.1
12272,4.5,2.0,0.6,5.3
1136113,7.6,7.2,1.2,7.1
1749657,6.3,7.6,0.7,8.2
5017004,6.9,7.1,0.7,6.3
736555,6.7,5.6,1.5,5.7
5014433,3.4,3.5,1.2,6.4
1196176,4.9,5.8,0.6,6.3
7189314,5.8,4.8,2.1,5.4
1162225,2.8,3.4,0.0,8.0
6228423,8.1,4.3,4.2,2.9
1457894,3.2,3.5,1.2,6.4
3969593,6.5,7.9,0.8,7.9
1143960,4.9,5.6,0.6,6.3
1500892,6.7,3.5,0.6,3.7
1803926,6.4,4.2,1.4,3.0
12317,5.6,4.7,0.9,5.7
1169217,6.6,4.0,2.2,3.5
3827304,0.0,0.5,1.5,6.6
5492260,3.0,4.2,0.0,7.4
5829011,1.2,2.0,0.2,7.8
1692754,7.2,5.1,0.0,4.9
1169358,8.5,2.7,3.9,2.5
1787676,6.7,6.0,0.1,6.9
5682326,4.5,4.4,0.0,5.1
1223558,6.3,5.6,0.4,6.1
4483281,6.6,5.0,0.5,5.0
7306773,6.5,6.0,0.1,5.9
4159657,6.4,6.6,0.0,6.6
22095,7.6,4.5,1.3,4.9
2388032,6.8,4.9,0.7,5.3
1162480,6.8,5.4,1.9,4.3
1162332,5.9,4.1,0.7,5.5
1893458,6.7,6.0,1.7,6.1
16496,6.6,5.3,0.7,6.2
1306425,7.6,8.5,0.0,8.1
1861850,3.3,1.5,0.2,6.5
1901953,7.0,5.2,1.0,5.0
2327837,6.4,5.8,0.5,6.4
1390100,6.4,5.3,1.2,4.3
1170798,5.9,3.7,1.6,3.1
1204482,6.3,5.7,2.0,6.1
22624,6.6,4.4,1.7,4.5
1141591,5.5,5.5,1.2,5.5
1196550,7.3,4.7,1.8,3.7
1146065,4.3,3.9,0.7,4.7
4639752,2.5,1.8,0.8,5.9
1181314,6.6,6.3,1.3,6.2
1129093,8.5,6.2,0.0,5.5
1142536,6.7,3.4,1.4,2.5
1664178,7.1,5.6,1.3,4.8
2260459,6.5,5.8,1.2,5.4
2056856,8.1,4.0,0.6,3.6
2887809,1.7,2.5,0.7,7.0
1172686,8.5,5.0,2.2,5.7
18829,6.6,4.8,0.7,5.5
1100354,6.0,5.5,0.6,5.8
3893480,5.3,5.1,1.1,5.0
3490472,7.9,4.8,2.0,3.5
90929,6.7,5.5,1.0,5.9
1207710,4.9,5.6,0.6,6.4
3077578,6.8,4.6,2.5,3.8
2374129,3.0,1.8,0.0,6.3
5773137,6.3,5.5,1.5,5.3
2462858,6.3,4.8,0.8,4.9
1810351,0.7,2.5,0.8,7.4
1944803,4.7,6.6,1.5,4.7
2295127,4.8,4.8,0.2,7.6
2195336,3.4,3.5,0.4,8.0
5077179,0.2,2.2,0.5,7.2
1204423,5.9,6.0,0.6,5.4
1221108,7.6,4.7,1.2,4.4
1301295,5.9,4.1,1.8,4.2
1131176,6.7,4.9,1.1,5.3
3838051,6.5,6.3,0.0,7.1
1604203,6.7,5.3,1.3,4.8
1667471,6.7,4.6,1.1,4.4
6190883,7.9,6.6,0.5,8.0
1237253,2.5,2.0,0.4,5.4
1930424,6.4,5.5,1.8,6.1
2041002,5.7,4.3,2.0,5.9
1395183,8.4,4.4,2.0,4.4
4872999,5.4,6.6,0.9,6.4
4118033,5.7,2.2,0.0,6.2
1157390,3.7,2.2,0.1,6.9
96602,4.5,4.0,0.5,5.6
2484257,6.7,5.4,1.8,5.1
1934979,8.1,5.5,2.0,3.5
1987634,6.4,5.1,0.8,6.5
7928627,4.1,6.9,0.0,5.7
3721122,4.9,4.4,1.5,7.5
22238,6.6,3.3,2.4,3.9
1107375,2.1,2.1,0.2,6.4
1220324,5.5,3.4,0.4,5.4
1245939,6.1,4.3,1.9,4.3
8039916,1.3,2.4,1.8,8.2
96696,5.8,5.8,0.7,6.5
9328144,4.7,2.8,1.3,7.6
80085,6.9,5.9,1.7,6.0
1251730,6.6,5.6,1.3,6.0
1139120,6.7,5.7,0.7,6.1
1612618,3.0,3.0,1.0,7.7
1193384,3.4,3.2,0.4,7.7
1138195,7.4,4.5,1.1,5.2
3254296,6.3,4.5,2.1,4.6
1117225,6.5,3.8,2.3,4.0
6361851,6.7,5.0,1.7,4.5
1284771,5.6,6.5,1.6,6.7
4945975,3.9,2.1,0.9,5.4
5259,4.5,1.9,1.1,5.3
1227761,4.2,6.8,0.0,5.5
1133350,8.4,3.9,0.8,4.4
3645800,4.5,2.1,0.9,5.1
5012737,7.2,5.3,0.5,5.4
11733,5.2,4.4,1.2,4.9
1899478,6.5,6.1,0.6,5.7
1231896,3.3,2.7,0.0,6.9
4233913,1.2,2.4,0.3,7.3
9977833,8.5,2.8,5.4,2.1
12104313,8.5,8.0,0.0,6.8
23137,6.8,3.4,0.6,2.7
3872268,6.0,5.9,1.4,6.0
11295626,3.5,3.3,0.2,6.2
5823227,5.9,5.9,0.3,6.0
3052949,8.3,4.8,2.4,4.6
2493729,2.8,2.2,1.3,6.7
1179618,6.6,5.7,1.8,5.4
2038572,6.3,6.3,0.5,7.2
9411017,5.0,4.2,0.3,5.2
1112475,5.3,6.2,0.6,6.2
8734628,3.9,2.5,0.0,6.4
9678243,4.6,4.5,2.1,5.8
1226803,6.6,4.2,3.2,4.7
1146113,7.0,6.7,0.9,6.4
5805405,6.7,5.6,1.4,4.9
77542,6.3,7.7,0.9,8.3
12328078,5.4,4.9,2.9,5.7
2645712,3.3,2.2,0.6,6.5
6817250,5.4,4.3,0.2,5.2
11766751,5.7,5.0,0.9,5.1
8569,6.0,7.4,0.5,8.0
2050776,3.4,2.6,0.3,6.5
1188236,3.9,2.6,0.4,6.3
2756706,4.3,3.0,1.3,6.4
10244,5.4,6.3,1.2,6.6
7648828,3.5,2.3,1.7,6.8
2846166,4.9,4.3,0.3,7.5
94877,3.3,3.3,0.3,7.7
1202906,6.8,8.5,0.0,8.5
7010677,3.7,2.3,0.0,6.7
7524874,3.5,2.4,0.0,6.1
7408186,3.3,2.3,0.6,5.8
2261567,3.6,2.8,2.0,5.8
1301332,3.3,2.9,0.7,6.5
10758981,6.6,6.4,1.1,6.0
6284,5.1,4.3,1.0,5.1
1213414,4.2,3.7,1.1,6.9
1176257,5.5,4.1,0.0,4.7
1190644,3.1,2.8,0.4,6.7
12067598,6.1,7.2,1.0,6.7
9744620,4.9,5.5,1.8,8.1
1165352,6.4,7.7,0.3,8.3
7025,2.7,2.5,0.3,6.3
1168697,6.3,5.9,0.7,7.2
10115678,3.8,2.5,1.7,6.7
93553,5.1,6.5,0.6,6.5
6643459,5.8,5.8,1.1,5.8
10688365,8.0,8.0,0.0,6.8
1145382,6.4,6.1,0.7,6.9
15250,6.3,7.7,0.7,8.1
1507924,6.6,7.5,1.2,8.4
1125957,5.3,5.3,0.1,6.1
6348060,6.2,6.6,1.5,5.0
1549419,3.8,2.7,0.5,6.1
7251722,4.2,2.8,2.7,5.5
9814,6.7,3.1,1.2,1.5
1828449,5.6,4.2,2.2,2.9
5290631,4.2,6.8,0.0,5.5
45494,3.9,2.3,0.5,6.4
1222072,8.5,3.9,0.5,4.5
1591090,6.4,5.8,1.7,5.2
1971409,6.1,6.0,0.0,6.8
1155376,2.4,2.9,0.6,6.7
73543,2.9,2.3,0.1,6.6
1605398,4.9,4.0,0.2,5.3
24154,3.5,2.3,0.3,6.1
8105935,8.0,5.9,1.0,6.3
6403123,6.0,5.2,0.0,5.7
8039569,7.0,4.9,1.4,4.6
5097,8.2,4.4,2.8,2.9
1652578,3.0,2.2,0.0,6.7
1612834,4.2,3.4,1.1,6.9
1467189,3.4,2.6,0.0,5.6
5378357,6.2,7.8,0.8,8.0
1108461,4.3,2.6,1.4,7.7
1174700,6.6,5.5,1.1,6.1
5210241,8.5,2.1,5.7,2.3
2020575,6.1,4.4,2.1,4.0
1828790,6.5,4.7,2.0,2.8
5311302,3.4,2.8,1.1,6.3
11875037,4.7,2.5,0.0,7.8
1480693,3.4,2.8,1.1,6.4
10633326,4.5,5.0,0.0,5.1
1165763,5.7,7.6,0.9,8.2
1487559,7.1,4.1,1.1,4.7
11473611,5.5,4.5,2.4,4.5
2369993,6.5,7.3,0.5,8.0
2886300,4.0,3.0,0.5,6.3
4901381,4.8,5.6,1.1,6.8
6090906,6.5,7.1,0.5,8.5
95902,4.8,5.7,0.8,6.4
9321496,3.9,3.0,0.0,8.0
14604,8.5,6.8,1.0,5.4
14600,6.8,6.7,1.5,6.6
2179780,4.3,2.8,0.5,7.1
1460287,4.5,3.3,1.6,7.4
1808092,4.3,3.1,1.0,6.9
1784680,6.8,4.7,2.6,4.8
4439749,4.5,3.2,0.9,6.6
1551178,8.3,5.0,2.3,3.9
1604635,7.3,5.6,1.1,5.4
1540567,3.8,3.4,1.4,6.4
4664553,6.8,5.4,1.8,3.7
1265,8.4,4.7,2.3,4.3
9124,5.8,5.9,0.9,6.4
7686744,4.4,3.3,0.0,7.9
9840237,3.9,2.2,0.0,6.8
6578037,3.5,3.3,1.2,4.2
91182,3.4,3.1,0.4,6.4
92259,4.3,3.5,0.5,7.3
5775,6.0,7.8,0.1,8.0
79965,6.3,7.5,0.9,8.0
2026372,6.4,5.9,1.2,5.6
1163799,7.0,5.4,1.0,5.2
5441031,6.5,5.5,0.9,5.5
6276723,4.7,5.4,0.0,5.1
23627,6.3,6.3,0.7,7.2
80593,3.8,3.8,1.1,6.7
1126954,7.1,7.3,0.8,7.3
86646,5.0,4.1,1.4,7.2
2507020,3.4,2.4,0.4,6.1
1100735,6.3,5.9,1.8,5.7
92366,8.4,5.3,0.8,5.6
1289986,8.5,5.0,2.8,5.2
1743959,8.3,4.6,1.9,4.6
22685,6.3,6.5,0.9,7.3
2185654,1.7,2.0,1.3,7.4
1167844,8.1,4.0,1.8,4.4
1926723,7.6,5.9,0.5,5.1
2051265,3.8,2.4,0.5,6.5
1727643,4.5,3.4,1.7,7.1
2035544,4.4,4.1,0.9,7.2
94591,8.5,5.0,2.4,4.3
1706852,4.2,3.3,1.7,7.4
5378678,6.6,4.2,0.9,4.9
5339032,4.8,2.9,3.2,6.1
2050723,4.2,3.6,1.2,8.0
1139435,6.6,5.3,1.8,5.4
1136049,5.5,5.4,0.8,5.6
24099,4.8,3.5,0.7,7.3
1177416,5.8,2.3,1.3,6.3
1117560,0.9,2.4,0.7,7.2
14362,7.3,7.3,0.9,7.2
86255,4.2,3.7,1.0,7.4
86258,4.2,3.1,1.1,6.9
7712465,5.0,3.5,0.0,7.2
2288452,5.5,3.0,0.1,7.7
1109298,5.2,2.9,1.8,7.4
1410812,4.3,3.4,1.2,7.1
1859299,4.3,3.6,0.6,7.8
1180656,4.9,2.7,1.3,6.2
4928861,4.1,2.8,0.9,6.1
2624093,4.4,3.6,0.7,7.1
1109297,4.3,3.7,0.9,6.9
73204,3.8,3.1,1.3,6.8
2174389,5.5,3.3,0.4,7.3
79505,4.3,3.5,1.5,7.1
6851125,8.2,4.2,2.2,4.6
1255520,7.5,5.7,0.6,5.1
5530692,6.3,5.8,1.1,5.9
13463,3.9,2.9,0.9,6.4
7269,4.4,3.0,0.9,7.2
1208627,4.5,6.5,0.8,7.0
2843,4.5,4.0,0.8,7.5
87247,4.0,2.8,1.6,6.4
2007162,8.2,6.2,0.8,6.3
1802973,4.0,3.3,0.4,7.0
11750235,7.3,4.6,1.3,4.3
1472184,3.9,3.5,1.8,6.6
1148211,6.6,5.4,0.8,5.1
4901444,7.8,4.7,1.4,5.0
2879,4.7,4.1,0.9,7.0
4224461,6.5,5.9,0.4,7.0
1702950,4.6,3.6,1.4,7.1
3232147,4.4,3.8,1.3,7.2
2043460,3.8,2.9,0.3,6.8
7238,4.0,3.5,1.7,6.8
2128723,8.5,5.3,0.8,6.4
1098981,7.0,5.4,1.3,5.2
779065,4.4,3.5,0.7,6.6
1132940,4.2,3.1,0.8,7.1
1132633,4.7,3.6,1.5,7.3
1381127,4.3,3.0,0.8,7.3
2491365,5.2,4.1,0.0,7.6
1251241,3.9,3.2,1.0,7.0
13465,3.5,2.5,1.0,6.2
20644,8.3,6.9,0.8,5.4
2549174,3.2,2.5,0.5,6.9
1260512,4.3,3.2,1.0,7.0
1448571,6.5,5.5,0.5,4.4
1539207,0.0,1.6,0.2,7.8
3907051,7.8,4.6,1.5,5.2
5921127,5.2,5.6,1.9,6.8
5457182,4.7,6.8,0.6,5.1
1695580,7.0,5.1,0.1,4.1
1686634,5.4,6.8,1.5,6.8
3276898,5.6,5.5,1.9,5.5
1159158,6.8,6.8,0.0,6.8
1896108,6.2,4.7,0.4,6.5
5405144,5.3,5.1,1.8,4.8
10535723,5.2,3.6,2.0,6.7
1755381,6.0,4.4,1.2,4.5
1638726,6.6,5.7,0.2,6.1
1189328,6.2,4.5,1.6,5.9
92529,7.6,5.0,2.1,3.8
6588823,5.1,3.7,2.5,6.5
9337,5.0,5.7,0.4,6.3
7984588,3.3,2.6,1.1,6.4
1220886,6.7,5.6,2.1,5.6
1100805,7.8,5.1,1.7,5.0
2436093,5.1,4.1,0.7,7.4
2275469,6.8,6.8,0.0,4.2
1247797,6.0,4.7,1.3,5.1
1191189,7.5,4.8,0.7,5.4
2324959,4.9,4.1,0.5,5.6
3292945,4.2,6.8,0.0,5.5
8791378,5.5,6.0,0.8,4.9
1931273,4.9,5.3,0.0,5.8
1180049,8.1,4.5,2.3,3.0
7778680,1.9,1.5,1.9,5.3
6422981,7.5,4.0,1.2,2.9
1186514,6.6,5.4,0.5,5.8
5422475,7.7,6.2,1.1,6.1
3163982,4.4,2.0,0.1,4.8
1692429,5.5,5.8,0.2,4.6
4045934,0.9,2.8,0.3,7.3
1213929,4.7,4.1,0.9,7.6
2517787,6.8,6.1,1.6,5.7
1280374,8.4,4.7,1.3,4.3
1980803,7.4,5.9,1.3,5.7
2160557,4.4,5.1,0.3,7.6
2010510,5.1,4.2,1.6,7.5
3877153,1.7,2.5,0.7,7.9
7388761,3.7,4.2,0.0,7.5
51734,7.7,5.4,1.3,4.2
1473709,6.5,6.3,0.8,6.3
78544,5.8,4.9,0.9,5.0
2943,1.0,2.1,0.9,8.5
1552369,6.1,3.5,0.8,3.6
1653007,5.8,6.6,0.0,6.1
1289501,6.2,7.3,0.7,8.2
2405081,7.3,4.6,0.7,5.3
1762985,5.5,2.9,0.1,6.8
3265611,5.2,5.0,1.3,5.0
2206397,6.3,4.7,0.4,5.4
5924,6.7,5.4,0.8,6.1
3984553,7.0,2.0,4.6,1.2
23110,6.5,5.3,0.8,6.0
1173108,6.3,6.2,0.9,5.1
1295490,7.8,6.0,1.8,4.7
1186731,6.3,4.4,1.8,4.5
86909,8.5,4.4,0.6,3.6
97905,7.9,5.6,1.1,5.5
8929396,8.5,5.6,0.0,5.1
1475850,5.0,4.9,1.3,6.2
1796373,3.0,2.2,1.1,6.1
1156858,6.3,5.2,1.1,6.0
10985974,7.1,8.1,2.1,6.9
1438133,3.3,2.5,0.7,6.2
3188802,2.1,2.9,0.1,6.8
94974,6.4,5.7,0.8,6.2
2635297,4.0,2.2,0.6,5.6
2330934,1.3,1.2,2.2,7.8
1518387,8.1,5.4,0.8,6.3
1902886,5.2,4.8,1.0,4.8
10680266,0.8,2.2,0.5,7.4
6057635,7.3,5.1,0.3,5.7
3966393,7.5,5.0,2.0,4.5
2256862,6.6,3.5,1.8,4.1
87766,0.6,1.3,0.9,8.4
1593939,4.3,2.2,0.4,5.2
1181746,8.5,2.5,4.8,2.5
1882161,5.4,4.7,1.6,7.4
2274437,4.0,4.1,0.9,7.8
1135624,6.6,6.7,1.1,5.4
1172425,7.1,5.4,0.5,5.3
1161267,7.5,5.5,0.8,5.1
1623438,7.5,5.2,1.4,5.6
1468506,3.2,2.8,0.8,7.0
1882372,7.4,4.8,0.6,5.4
1163117,6.9,5.2,0.5,5.1
98618,7.6,5.5,1.1,5.1
1141968,7.1,4.7,0.6,5.3
1102158,6.2,5.5,0.7,6.2
8440936,6.0,6.0,0.7,4.6
1188882,8.5,5.2,0.7,5.5
21369,4.9,5.5,0.4,6.5
1283556,6.2,5.2,0.8,6.1
1179704,7.4,5.0,0.6,5.6
1126495,4.4,4.2,2.6,7.5
3137362,6.5,4.6,1.6,3.1
6024196,6.2,5.7,1.4,5.4
1173769,8.1,4.1,2.4,2.9
9217298,4.4,3.9,1.1,4.8
78760,6.1,3.7,1.5,3.2
9881410,6.0,4.8,0.8,4.9
7266039,8.0,3.9,0.2,4.3
5787212,6.7,6.5,0.7,5.4
2624162,5.9,3.5,2.2,2.9
61264,4.5,3.1,2.1,5.3
4505045,4.1,4.7,0.0,5.4
1696824,7.2,5.3,1.3,5.7
88728,6.2,5.5,1.6,5.6
1667257,6.9,4.1,1.3,4.2
1100545,7.0,7.7,0.3,7.9
1105076,5.6,6.3,0.7,7.3
10425,3.1,3.1,0.1,6.4
1769319,5.7,4.4,1.0,3.4
2349221,3.7,3.2,0.1,2.7
11107841,6.2,5.5,1.8,3.6
4297404,3.1,2.4,0.0,5.9
10514978,6.8,6.8,0.0,6.8
1194450,0.0,0.5,0.0,8.5
1163747,6.6,6.4,0.8,5.5
1166565,6.2,4.0,2.7,2.9
2100511,6.7,3.6,2.3,3.8
16474,6.1,8.1,0.1,8.5
1308704,6.4,6.1,1.2,6.0
1445449,5.6,4.6,1.2,4.9
1458539,6.9,4.2,2.8,3.4
2193295,0.0,0.9,0.0,8.5
2909133,8.4,4.2,2.6,2.2
10229775,4.7,4.0,1.3,4.0
1365717,3.8,6.2,0.0,5.8
4481257,5.7,3.9,1.6,5.2
1782966,6.1,4.7,1.1,3.3
3628293,5.7,3.4,1.4,3.1
9676157,4.6,4.5,1.0,4.3
1144555,6.1,8.1,0.2,8.4
5445839,8.4,6.0,1.3,6.3
1510474,5.3,4.4,1.0,4.6
2484572,5.0,4.4,1.5,4.7
6325063,5.6,3.3,2.0,2.4
1232383,5.7,4.5,1.3,4.0
1162484,6.3,3.7,1.1,2.8
7434186,5.3,7.1,0.4,6.8
2021830,5.4,4.4,1.3,4.1
1218152,8.5,4.3,2.7,3.1
5538606,7.0,2.7,4.5,2.0
1509741,8.4,4.5,2.3,2.6
19354,5.8,5.7,1.8,5.3
1970595,6.0,3.8,1.8,3.2
3384134,6.0,4.2,2.6,3.2
5122979,7.7,4.2,1.8,3.4
5799394,1.8,1.8,0.0,7.2
1196371,2.9,3.1,0.4,7.7
7588932,5.2,5.8,2.0,3.9
6490772,4.2,5.5,0.0,8.0
1973371,2.4,1.6,2.3,4.6
1453952,8.5,5.0,1.4,4.3
1549986,6.4,4.4,0.5,4.7
85236,5.4,6.2,0.3,6.7
75760,7.2,5.1,1.7,3.3
2446198,4.2,6.8,0.0,5.5
6917660,5.9,4.6,1.2,3.6
1223505,7.7,5.5,0.3,5.1
88443,7.1,4.7,2.1,4.1
4510006,6.7,4.5,1.2,4.0
1206592,6.4,5.3,1.7,2.3
5614657,4.9,5.0,0.9,4.4
11183746,6.3,5.5,1.4,6.4
4520168,5.3,5.7,0.4,6.1
3197254,7.0,4.6,0.7,4.9
1414747,4.5,5.3,0.3,6.2
2891,4.4,4.2,0.4,4.9
1424834,7.9,4.9,2.1,3.8
9125397,5.8,5.1,2.9,4.3
1128239,6.3,6.0,1.4,6.0
2526826,8.2,5.7,1.1,3.6
2600227,6.7,4.7,1.2,4.7
8971110,4.1,3.4,0.2,5.8
1937521,6.3,3.8,1.8,4.7
1176317,6.7,4.1,0.3,4.4
5748902,6.4,6.5,0.7,5.5
1612897,6.4,6.1,0.7,6.0
3831100,7.3,5.0,0.4,6.1
6910178,7.8,4.2,2.6,5.3
6139453,1.7,2.0,0.6,8.5
5341037,5.3,5.2,0.7,5.7
2151580,6.8,2.8,2.3,2.8
9476575,0.6,0.9,0.0,8.3
6304,8.5,5.1,0.7,4.8
3805827,6.7,4.1,2.4,4.8
78777,6.7,4.9,0.9,4.2
4219683,7.5,6.0,1.0,5.0
5304206,7.3,4.9,0.3,6.2
3652602,7.2,4.8,2.2,4.4
1175367,6.6,4.9,1.4,5.3
1531974,3.3,2.1,1.1,4.9
4001310,7.5,4.7,1.8,3.6
1187392,6.3,6.6,0.4,8.0
1183044,6.6,4.3,1.8,2.9
86337,6.2,7.1,0.9,8.5
5936204,3.8,2.9,0.5,5.7
6225890,7.7,5.2,1.2,5.6
10484364,8.5,8.4,1.8,6.0
1166970,8.5,2.6,4.8,2.3
1209270,8.4,4.8,1.6,4.2
7951128,6.1,7.5,0.0,7.8
1302624,6.2,7.6,0.8,8.2
1826590,6.2,4.5,1.1,4.4
1133062,7.6,5.3,2.0,3.6
1409005,3.2,2.4,0.7,6.7
3239410,6.2,5.5,1.5,5.6
9930734,6.8,5.2,0.4,4.9
3851587,2.4,2.3,0.9,6.3
75978,8.0,5.6,1.4,4.3
1911205,2.7,2.8,0.0,6.7
82195,8.2,4.3,2.7,2.9
6246706,5.0,5.5,0.0,6.2
1427585,7.2,5.5,0.7,5.3
1262193,4.8,2.4,1.8,6.9
1274409,3.6,2.8,1.1,6.3
1364642,8.1,5.3,1.9,3.7
10120795,5.8,6.4,1.9,5.8
1186254,7.3,6.8,0.6,6.7
5831058,6.0,5.3,1.8,5.5
5295932,6.4,5.2,1.3,5.7
1225767,6.9,5.4,1.3,6.5
2162184,5.9,6.2,0.6,5.7
1206396,6.0,5.4,0.8,6.4
2563215,6.8,4.2,0.0,4.2
74904,6.2,6.2,0.7,6.7
86929,4.5,3.4,2.4,6.7
1374880,4.5,3.0,3.2,3.9
1838071,6.8,4.8,1.3,4.2
5011629,5.6,3.8,0.0,3.7
5011633,6.6,5.5,1.1,5.8
2005266,0.4,2.0,1.1,7.4
1128224,4.0,3.0,0.9,7.4
1160087,6.7,4.3,2.7,2.6
1171990,6.3,7.3,0.7,8.5
2061563,8.4,2.8,4.7,3.2
1164669,3.2,2.2,0.8,6.3
1947848,6.4,3.8,2.6,3.7
1600462,4.1,3.7,0.4,7.4
1591210,4.9,4.1,0.1,7.3
1517789,4.8,4.7,1.9,8.1
7097620,6.5,5.0,1.8,6.5
5394063,2.6,2.3,0.0,6.8
1373771,7.7,8.5,0.0,8.1
1207333,6.9,5.6,1.0,5.3
6894117,4.2,2.9,1.8,7.1
1126091,6.2,7.6,0.6,8.0
6344113,3.4,2.3,0.7,6.2
79434,8.5,4.4,0.6,4.9
5596805,8.2,3.8,1.5,4.1
96413,4.9,2.4,2.5,4.0
1823360,6.9,5.5,0.9,3.6
1222496,3.2,2.2,0.0,5.9
779176,2.9,1.8,0.5,6.7
1836200,0.7,2.1,0.1,7.4
1660397,7.1,5.5,0.4,5.4
4868500,1.1,2.6,0.7,8.5
11163460,3.3,1.6,0.0,7.3
1285350,5.1,4.5,0.8,4.6
1128226,3.8,3.5,0.6,6.9
5279484,6.7,4.5,1.9,4.2
1112507,3.9,4.4,0.0,7.3
6153763,5.0,5.6,0.7,6.1
1125958,4.8,5.9,0.3,6.6
1210508,6.3,3.4,1.9,3.1
11291335,4.2,4.8,0.8,5.3
4658068,3.7,3.7,0.0,6.9
1369415,6.0,4.2,1.0,3.6
1412383,6.3,7.6,0.7,8.1
3356015,7.3,6.8,0.7,7.1
1112510,5.9,6.0,0.5,6.3
1269212,2.9,2.3,1.0,6.2
4967559,5.7,4.3,0.3,6.0
1100670,7.5,4.6,0.9,4.4
2162644,2.9,2.9,0.5,6.5
8057385,7.7,6.4,1.4,5.9
7755029,8.0,3.2,4.0,3.3
1627299,2.4,2.8,1.1,6.8
2867896,0.0,2.1,0.4,6.9
1100368,5.1,6.1,0.5,6.4
1468200,6.9,7.6,2.5,5.8
4379829,5.6,4.2,0.8,7.4
1317400,8.5,4.8,2.7,5.0
23815,7.3,5.0,1.1,4.6
22674,4.1,3.4,0.7,7.2
96008,3.4,2.5,1.2,6.3
779237,3.5,2.3,0.1,6.1
1102932,1.6,2.0,0.1,8.1
1926101,6.7,5.1,1.7,4.4
75393,3.9,2.9,0.6,6.0
1176846,5.8,4.1,0.9,5.1
1146301,4.4,4.3,0.9,3.7
1173996,7.7,4.0,2.0,3.1
8049759,4.6,3.0,1.0,6.3
1821125,6.3,4.5,0.5,2.6
2306088,6.7,4.8,2.2,4.4
8757651,5.4,3.9,2.9,4.1
11469902,5.4,4.6,2.7,4.4
2410197,6.7,4.6,1.7,4.2
2304819,5.6,5.0,1.2,4.9
1183710,8.5,4.1,1.1,4.4
2304017,4.7,4.7,1.0,4.1
6270010,4.7,3.9,1.1,5.2
1854521,7.1,3.5,3.6,3.0
1126874,8.3,5.1,1.4,4.9
6135500,6.8,4.2,1.6,4.5
19978,4.4,5.4,0.3,7.2
9056979,5.0,3.7,2.6,4.0
11573035,5.4,6.0,1.1,5.9
1486461,6.0,4.7,0.7,4.7
1234497,8.4,4.9,1.0,5.3
1700379,6.4,5.5,1.3,5.9
7565843,7.5,3.6,2.5,3.2
6594359,7.7,5.5,0.5,3.4
1238885,7.4,3.7,2.7,3.1
1483903,6.5,3.7,1.0,1.9
6823849,6.5,2.7,4.7,2.2
7333782,4.9,4.1,3.3,4.2
6835272,0.0,1.7,0.6,8.1
20671,6.3,4.8,0.5,5.4
4164349,5.9,6.2,1.8,5.9
5392821,6.3,6.6,1.0,5.7
6511133,5.5,4.6,2.9,4.8
12126,4.1,5.9,0.2,6.3
1270854,6.5,5.6,1.0,4.6
1549668,5.5,3.6,1.7,3.4
7947335,4.4,4.0,3.6,4.5
5145381,5.3,3.5,1.0,3.8
7403698,5.5,4.0,1.3,4.4
2416411,4.6,3.4,2.1,5.6
9224512,4.2,6.8,0.0,5.5
5699418,6.3,5.0,1.0,5.4
1414782,6.3,5.7,0.5,6.0
6957990,3.1,3.3,0.4,5.4
1493105,8.1,3.9,2.3,3.2
1573980,6.4,6.7,1.0,6.4
88380,6.1,5.1,1.0,5.5
1766091,7.7,4.4,2.5,3.2
1971339,6.6,5.3,1.8,5.5
62474,5.7,6.3,0.6,6.1
7015198,5.1,4.3,0.3,3.9
2129162,8.3,4.0,3.2,2.5
8713452,4.2,4.0,0.6,4.2
2423603,5.5,1.8,0.0,6.8
6728694,7.6,5.7,1.7,3.6
7232115,6.2,5.4,1.3,6.0
9119317,7.7,4.1,1.6,4.8
1101472,7.6,5.2,1.0,3.7
1227905,7.9,5.2,0.2,3.4
1566905,5.5,3.5,0.1,6.7
2305297,6.5,4.4,0.9,3.9
1889050,3.4,3.1,0.2,5.2
6811439,6.3,4.2,2.2,3.0
6823100,6.0,6.1,1.3,5.4
1144633,7.6,3.8,1.1,4.2
7301427,6.6,4.8,0.5,5.8
2328413,5.8,3.6,2.0,3.3
7619617,7.0,5.5,1.7,3.4
1251497,4.9,3.6,1.2,3.7
9428967,4.6,3.8,2.9,4.3
1824683,4.4,4.0,1.6,4.5
6190386,6.3,5.8,2.7,5.5
11156736,5.8,4.2,2.7,4.2
1244210,8.1,5.0,1.0,5.2
7850199,6.1,4.1,1.3,4.2
1997683,5.5,3.5,1.2,4.3
1397648,5.9,4.0,2.5,3.7
1506623,8.2,5.2,1.1,5.6
6354444,6.6,5.6,1.7,3.9
1156091,6.2,4.3,0.3,4.7
7241603,7.5,4.4,2.5,3.4
2381588,8.4,6.0,1.3,6.5
8720211,5.4,4.4,2.4,4.6
7203660,6.8,5.6,1.1,4.1
4965373,5.1,5.1,2.7,5.3
1203193,5.9,5.8,1.1,5.7
9523295,7.7,5.9,0.7,3.7
11752635,4.3,3.4,1.4,4.9
7276689,7.0,4.0,1.4,4.8
1246128,6.9,5.5,0.9,3.8
12798290,5.7,6.2,1.3,5.5
9048281,6.2,5.8,1.2,5.9
1189054,5.5,1.8,0.0,6.8
5458696,5.5,7.2,0.3,6.9
4812231,5.9,4.7,0.6,4.9
5751422,6.0,3.9,3.7,3.0
7141506,4.8,4.7,2.4,5.1
7196188,5.2,4.4,1.7,3.9
11327358,6.0,4.7,0.5,4.6
3384101,6.0,4.9,0.6,5.2
16971,8.4,3.7,3.0,2.4
3320427,8.5,3.9,2.1,4.9
5876910,6.2,4.6,0.0,6.3
7709323,5.6,3.9,0.0,4.1
6874886,6.3,3.6,2.8,4.0
1645963,6.1,5.2,1.8,5.6
6322973,5.4,3.5,1.5,4.6
8186362,6.8,6.0,0.8,6.1
1169116,4.5,4.1,0.7,4.8
15385,4.6,5.5,0.9,6.4
1211129,6.1,3.0,3.4,2.1
1563017,8.1,5.5,0.9,4.7
5653186,6.2,5.6,1.7,5.7
1391224,6.5,3.9,2.0,3.1
1653338,4.0,3.4,1.7,3.5
11105504,3.8,3.8,3.4,4.6
3984086,4.3,5.2,0.1,6.6
1125482,8.2,4.8,1.0,5.4
1161258,5.3,2.0,1.3,6.0
1236733,6.9,5.5,0.4,6.3
6370937,5.5,5.3,2.1,4.8
1614016,5.3,4.3,1.2,5.1
7233691,4.6,5.8,0.1,5.6
1145808,8.4,5.0,1.0,5.4
1602024,5.0,3.4,3.9,3.9
5257890,4.9,4.6,1.6,4.7
9007271,5.1,4.3,0.2,6.6
6268248,5.2,4.3,1.6,4.1
1211100,6.5,4.2,1.7,4.1
7092153,6.4,5.5,0.0,4.4
6123141,5.8,4.8,2.2,4.7
12202600,5.5,4.2,2.4,4.9
2029640,5.8,4.2,2.6,2.6
1200102,6.0,5.7,0.0,6.8
7573091,5.8,6.5,1.9,5.1
3782529,7.1,5.1,1.2,5.2
11070656,5.5,3.0,2.5,4.3
88295,8.5,5.9,0.6,4.6
9446087,5.7,6.1,1.1,5.9
2685785,6.0,5.8,0.7,6.1
1915993,6.8,5.1,1.4,4.1
9079041,4.5,3.9,2.5,4.0
84027,8.2,6.1,1.0,6.0
1514442,6.6,2.1,4.5,1.3
7270566,6.9,4.4,1.2,4.0
4953257,6.2,4.6,0.3,4.2
12037774,6.0,4.8,1.7,4.1
8558742,5.7,4.2,0.0,5.0
11210944,6.5,5.7,0.0,6.2
1394719,5.5,3.3,2.1,4.2
1316128,6.1,5.9,1.5,6.1
1234198,6.4,5.5,1.0,6.1
1255666,6.3,3.3,2.7,2.4
2368535,7.2,4.9,0.7,4.5
2836526,6.7,4.3,2.1,3.8
6290696,6.5,5.0,1.1,5.8
1290197,8.5,4.9,1.5,4.3
2055561,8.0,6.3,0.6,3.4
2600424,5.7,4.3,1.0,6.3
2535393,5.0,4.0,0.7,5.2
2519588,5.8,3.9,2.3,4.4
2375106,6.7,1.9,4.4,1.2
1379154,8.5,3.5,2.7,2.4
1316539,6.4,3.6,1.1,2.9
4399827,7.0,5.6,1.5,4.3
1871279,6.4,5.8,0.7,6.2
1154162,4.3,3.7,1.0,4.9
1154640,7.3,4.2,0.2,4.8
11041253,6.9,4.4,0.8,5.1
1145728,6.3,6.0,0.4,5.8
3782511,7.4,5.1,1.4,5.6
3782524,7.4,5.1,0.5,5.4
6988678,5.9,6.1,1.8,5.1
1283169,5.3,3.5,2.1,3.9
1587762,5.6,4.1,1.5,3.2
6026357,5.7,5.3,0.9,6.0
1153733,6.6,4.8,1.1,4.8
1996477,5.3,5.1,1.5,5.1
9085167,5.2,5.8,0.0,5.3
1253518,4.7,3.8,1.1,3.2
1168093,5.6,4.3,2.2,2.8
6907091,6.3,6.1,0.9,5.9
1968629,6.0,3.1,0.9,3.3
43234,7.5,8.0,0.4,7.6
1218601,6.1,5.8,1.7,6.0
9001498,5.3,4.1,2.8,4.3
7149619,6.5,4.8,3.4,4.5
2277648,4.2,3.5,1.3,4.3
1693615,5.1,3.7,1.6,3.8
2322821,4.6,4.3,2.3,4.7
2824306,8.0,3.8,1.8,2.5
1177915,6.4,4.2,0.9,4.5
2272631,6.7,2.5,4.2,1.5
1837975,6.4,2.1,4.0,1.5
1603076,6.0,6.9,0.9,5.5
1844179,6.0,5.9,0.0,4.8
1478833,7.7,4.9,0.7,5.5
1444598,0.9,2.1,1.4,8.5
2655286,6.3,4.0,0.7,4.5
1937243,7.0,4.7,1.1,5.4
4002784,6.4,4.5,1.0,4.6
9272763,5.9,5.1,0.0,4.1
4524769,6.4,4.9,0.7,5.4
6885300,4.7,1.7,0.2,5.6
12358479,5.1,4.9,3.1,4.7
2307672,0.0,1.9,0.4,8.0
2410390,1.9,4.1,0.0,6.5
1239995,7.6,5.8,0.9,5.1
1543366,4.0,4.4,1.2,7.9
3418859,6.5,4.3,2.6,4.3
1317099,2.9,2.4,0.1,6.5
2334752,3.0,2.7,0.4,6.5
1129492,3.4,2.3,0.0,6.7
1100836,7.3,5.3,0.8,5.6
8890662,6.7,6.5,0.9,6.3
9678561,7.0,3.7,0.8,3.1
1568430,5.5,4.1,1.1,4.1
1371576,6.6,5.7,0.4,5.2
4177970,4.2,6.8,0.0,5.5
9938852,3.0,2.7,0.0,5.7
1128671,3.4,2.0,0.1,5.9
1774491,6.3,5.6,1.3,6.2
9125125,3.3,2.1,0.0,6.6
75896,8.5,5.5,0.4,4.5
1567430,5.5,6.8,0.0,6.6
6113440,5.8,4.5,1.6,4.6
2695604,4.9,6.2,0.2,6.7
5461342,8.5,6.7,0.0,2.8
2144255,5.9,4.7,1.5,4.6
1301681,7.8,8.2,0.2,7.5
6808490,6.7,5.0,2.1,5.1
2546051,6.8,5.0,0.8,5.0
85777,6.0,7.7,0.0,8.4
3950945,6.8,4.9,0.7,4.4
1553747,8.5,4.7,1.8,4.3
1099429,6.4,7.5,0.6,8.0
4712647,7.2,4.8,0.0,5.8
45854,2.5,2.3,0.4,6.4
2262875,3.0,2.4,0.6,6.6
1569983,7.3,4.4,0.4,5.3
10060778,5.1,4.2,2.5,4.5
9078244,5.6,3.4,1.3,5.3
3753805,4.6,3.0,1.3,5.5
11501659,4.5,4.5,1.2,4.3
1144997,5.6,2.6,1.1,6.6
1209679,7.6,5.3,1.4,4.4
96102,6.8,4.0,1.5,4.1
6654765,0.7,2.2,0.0,7.3
1209060,6.1,7.0,0.5,8.4
1713316,8.3,3.2,2.7,2.2
1244873,6.5,5.9,1.3,5.8
12178182,6.5,5.1,1.7,5.1
2398721,3.0,3.0,0.5,6.0
1108455,2.9,1.5,0.0,6.1
10220931,6.3,6.0,0.1,5.3
7281867,8.4,4.8,1.3,2.7
1157850,4.2,5.6,0.1,6.9
1181239,8.5,4.8,1.7,1.8
75844,6.0,4.0,1.4,3.2
1585913,6.4,7.0,0.0,6.2
2418306,4.3,2.6,0.3,5.5
6141814,3.0,2.5,0.0,6.2
6885318,7.3,5.5,0.8,5.3
2427219,6.8,5.1,0.8,3.8
1547085,3.5,3.1,1.8,5.9
77845,8.2,4.3,2.9,3.6
1652478,8.0,3.2,4.8,3.0
9950487,5.2,4.2,0.0,4.8
76440,7.2,4.8,1.2,4.5
5511198,6.3,4.1,0.0,5.7
6835233,5.5,5.9,0.3,6.5
2283717,4.4,3.7,1.2,6.0
2109725,7.0,6.6,1.0,6.2
8375701,3.6,5.4,0.0,5.9
2542844,5.6,4.2,1.3,4.6
6911047,4.7,4.2,1.5,4.9
9434604,4.2,6.8,0.0,5.5
8950519,3.2,5.0,3.0,5.8
16724,4.1,1.9,1.2,4.3
16723,4.8,5.2,2.2,4.6
2194657,6.8,4.0,0.5,1.6
5404341,2.4,2.2,1.1,6.3
779636,4.2,4.9,0.0,6.6
4116306,3.7,2.1,0.7,6.6
16454,4.4,6.1,0.8,6.3
74619,6.3,8.1,1.2,8.3
5371061,4.8,5.9,1.5,6.4
4032206,4.2,6.8,0.0,5.5
2150558,5.0,5.3,1.3,3.3
1197082,5.4,4.7,0.6,5.1
1127206,5.3,3.7,2.2,4.7
7855722,6.9,5.3,2.6,3.7
6052553,6.3,5.0,2.9,4.0
7061208,3.8,3.0,0.2,6.9
10539990,4.9,4.6,2.8,4.8
2140,8.5,5.3,0.8,4.4
1854434,6.5,6.1,1.0,5.4
17339,6.9,6.5,2.1,6.6
1173064,7.1,7.1,0.7,7.0
1670585,6.3,4.8,0.7,5.3
8878891,6.2,4.5,1.1,4.1
8522865,4.0,3.2,0.5,4.1
10491201,6.2,5.6,1.7,4.9
7756793,6.5,4.4,2.4,4.7
1171875,5.6,7.6,0.2,8.2
73617,5.9,2.3,1.1,6.2
14943,8.5,2.2,5.0,2.2
10695276,4.2,2.9,0.0,6.5
1160909,5.3,5.9,1.0,6.4
22007,6.3,4.8,1.5,4.0
5972698,6.8,5.7,1.2,6.1
1876413,3.8,2.5,0.0,6.6
2461167,6.7,4.8,1.1,4.7
5541606,5.5,4.7,0.6,5.3
1952310,5.6,4.8,1.3,4.9
4918986,0.0,1.4,1.0,8.2
1100286,6.5,4.9,0.6,4.6
1280987,7.9,3.7,1.9,3.4
5389332,6.2,5.6,0.3,6.5
1370202,5.6,5.8,0.5,5.2
7975864,5.9,4.6,0.1,4.9
12405539,6.0,5.0,2.3,5.0
8048744,7.5,4.1,0.0,5.1
2423911,2.3,1.8,0.5,7.0
3199636,6.6,6.5,0.4,6.8
5783,6.0,8.1,0.1,8.3
7700999,6.5,4.1,1.7,3.8
1131403,6.8,2.5,3.8,1.5
1677776,6.2,2.9,2.5,3.7
1260136,5.6,5.0,2.5,4.6
1225492,7.6,4.7,0.7,4.3
7855941,6.3,5.3,1.4,4.5
7132977,5.3,6.1,0.5,6.4
6246007,3.6,4.1,0.7,4.7
9823650,5.6,5.6,1.8,5.7
1323882,5.8,4.5,1.2,4.8
75196,6.6,4.1,2.1,4.5
11120964,5.2,5.1,1.9,5.2
1213494,5.9,3.9,1.0,3.9
2034466,6.4,7.9,0.0,8.3
88008,4.1,4.0,0.7,4.8
4723243,5.2,5.6,1.1,5.1
1234625,5.0,5.4,0.5,4.1
2733697,7.4,3.6,1.7,2.7
10604313,5.5,4.2,2.4,3.0
7203440,0.4,1.7,1.4,8.1
2540983,4.5,4.6,0.9,5.7
11320101,6.3,5.0,0.0,5.5
6812088,6.3,5.0,0.6,5.0
3721052,6.7,5.8,1.4,5.9
1605510,5.6,2.6,0.8,6.6
7687406,5.8,4.6,0.8,4.4
3085316,8.5,6.2,0.0,4.8
11593771,2.5,3.6,1.1,6.2
10208701,4.3,3.8,2.7,4.9
1719452,4.2,6.8,0.0,5.5
5827129,5.0,4.5,0.1,6.6
8740500,5.1,5.4,2.4,5.5
5006230,7.1,4.6,0.6,6.4
1214537,2.8,2.0,0.0,6.6
1318243,6.8,8.5,0.0,8.5
1588410,7.7,5.5,1.7,5.6
1254991,7.9,4.7,2.2,3.3
9970527,7.1,5.7,0.0,4.4
4993571,6.2,5.2,1.9,4.3
1211597,6.5,6.0,0.5,5.6
5002,8.1,4.2,2.7,3.0
1196690,3.0,2.5,1.0,6.8
8085057,3.0,2.4,0.8,6.1
92685,8.4,4.1,3.3,3.0
4829864,6.5,5.5,1.2,4.8
12008073,5.4,4.1,2.9,4.3
5323600,5.5,5.6,0.8,5.1
1636028,5.5,5.7,0.6,5.3
1215794,7.2,7.8,0.6,7.3
5087202,6.1,5.0,0.8,4.0
1773989,8.2,5.0,1.2,5.5
89373,7.5,5.6,0.6,5.2
1189100,6.4,3.3,1.1,5.8
10601450,4.2,4.2,0.0,5.1
5098134,6.0,5.1,1.2,4.6
11190985,1.9,3.0,0.9,5.0
8663512,6.2,7.9,0.0,7.9
1513081,5.1,3.5,0.3,5.6
11735650,4.8,3.4,2.1,4.8
1734672,4.2,4.2,0.5,4.2
7732826,6.6,4.1,1.9,3.2
5798922,4.7,6.8,0.2,6.8
1894731,3.2,2.3,0.2,6.3
4058343,5.9,3.8,2.3,3.0
779425,5.1,4.4,1.0,4.6
11354981,7.0,6.3,0.0,5.2
6620883,2.8,1.3,1.6,6.5
1693425,6.4,5.3,0.6,6.1
99787,6.9,4.3,1.7,2.7
4491454,6.6,6.6,0.3,5.3
23132,5.7,4.1,2.1,3.6
6265717,6.6,5.5,1.3,5.2
1585488,5.5,5.6,1.3,6.3
1896217,6.5,4.4,2.5,4.4
1169058,6.3,3.8,0.4,4.4
6459634,6.4,4.1,1.4,4.6
4273202,5.7,5.8,0.7,6.6
1137679,6.4,6.5,0.7,7.2
1462901,7.4,7.3,0.0,7.8
1174333,6.6,5.9,0.0,5.8
1970368,5.0,5.2,1.6,6.1
5918967,8.5,4.4,0.5,4.3
2015121,0.9,2.4,0.4,7.2
8902857,3.1,2.3,0.0,7.0
8432447,6.7,6.5,0.2,6.0
1148651,8.5,5.3,0.6,6.4
2352740,7.3,5.5,0.2,5.3
6330785,6.5,4.0,0.8,3.8
75626,8.5,2.2,4.7,2.5
17427,6.5,7.9,0.7,8.0
8970566,6.8,5.6,0.5,6.4
1295289,7.5,4.8,0.6,5.7
82394,5.5,2.5,1.1,6.4
2866705,7.8,6.9,1.0,6.1
5333915,7.2,4.6,0.0,4.7
1182917,0.2,1.3,0.9,8.4
4618100,5.6,5.2,1.0,5.8
1971437,6.2,7.6,0.5,8.1
2264817,8.0,4.1,0.8,4.6
1181540,6.6,6.0,0.6,6.3
724583,3.9,3.9,0.6,6.9
1101217,7.0,6.4,1.6,4.6
1273396,1.1,2.2,0.1,8.5
5660178,6.6,5.8,1.4,6.0
6365144,3.1,3.9,0.0,6.8
1370732,3.8,3.1,0.5,7.6
1126942,2.3,2.3,1.0,6.5
9112880,6.9,6.1,0.0,6.8
77793,6.4,3.2,1.8,4.4
1177989,8.1,5.2,1.7,5.7
1172856,7.2,4.6,2.1,3.9
1215846,6.7,5.7,0.9,6.5
1363948,5.2,6.0,1.7,6.7
1100287,6.5,4.9,0.7,4.6
6193261,6.8,5.3,0.5,4.9
1164715,5.8,5.3,0.8,6.0
1902934,4.3,6.1,0.7,6.4
2687448,6.9,7.2,1.4,6.2
1619038,6.4,5.5,1.6,5.8
1577587,5.4,5.5,0.4,4.8
1224743,0.6,2.6,0.2,6.8
8679491,8.0,5.2,0.7,5.2
1382685,7.4,7.1,0.6,7.3
1204740,6.8,6.5,1.2,5.5
1502049,6.3,7.3,0.6,5.9
1241969,7.5,7.4,1.0,6.6
1924073,3.0,1.8,0.0,6.8
1221011,6.4,6.2,0.3,7.2
1265428,5.4,5.3,0.2,6.0
1755692,8.4,3.5,0.3,4.8
1446347,1.6,2.5,0.0,7.1
1663376,6.4,4.2,1.0,5.2
19209,6.4,3.6,2.5,4.3
23064,6.5,4.6,2.0,4.8
5433485,6.3,3.2,1.0,4.9
1958234,3.8,4.4,1.1,8.0
4317247,5.8,3.9,0.5,5.2
5475147,6.5,5.2,1.7,5.2
1230829,6.1,3.5,0.8,4.1
1363788,6.5,5.1,1.3,5.9
1167132,5.8,4.5,0.9,4.7
2405990,2.9,2.4,0.3,6.9
1110222,6.1,4.5,0.8,4.4
1149110,7.0,4.5,1.0,4.5
1269042,3.9,4.0,0.5,5.1
9059647,6.1,7.0,0.8,7.2
1888100,5.3,6.5,0.1,7.3
1568324,6.2,5.8,0.9,5.8
2904763,6.4,5.9,0.7,6.1
3138879,7.5,5.3,0.0,4.2
1230455,6.4,5.1,1.1,4.9
2183634,6.2,6.9,1.6,6.6
1823676,6.7,5.2,1.4,6.7
1571441,6.7,3.6,1.3,4.0
1724255,6.2,5.6,1.9,6.2
1604840,5.8,2.8,0.6,6.6
1179447,7.8,5.5,0.9,3.3
5093422,7.3,1.8,4.7,1.2
1568166,4.8,3.6,0.4,6.2
2061989,5.4,5.9,0.5,6.1
1234934,7.7,6.3,1.4,7.4
7218091,6.9,4.3,3.0,3.2
1247505,6.7,4.7,1.2,5.6
2824008,1.3,2.0,1.3,7.2
1487295,5.0,6.2,1.5,6.6
8316702,5.3,4.5,2.5,4.6
1217004,4.6,1.8,2.3,5.0
1245704,6.8,6.1,1.4,6.1
99886,4.0,2.5,0.1,6.6
7077902,4.2,6.6,0.0,5.5
1104813,4.7,3.4,0.9,7.0
8432182,8.1,5.5,0.2,6.2
4375272,6.5,5.9,1.3,6.1
1754055,4.5,3.8,0.9,7.4
1200703,6.4,7.6,1.0,7.7
77450,6.1,7.7,0.7,8.1
1098770,7.1,5.6,1.0,5.3
77449,6.2,7.7,1.3,8.3
1679992,3.7,3.6,0.1,7.4
79508,4.4,3.2,1.7,7.5
2864,4.0,3.7,0.8,7.3
12131575,5.7,5.9,2.9,4.9
43154,7.1,5.5,1.1,5.2
1188838,6.3,7.8,0.8,8.5
1126324,4.6,4.3,1.9,4.6
88470,6.1,6.8,0.6,8.2
74528,8.5,2.5,5.1,1.9
1100223,7.3,5.3,1.1,5.3
779309,4.1,3.6,1.2,7.3
99588,6.6,6.1,0.9,6.0
7167731,6.8,5.5,0.1,5.2
89186,5.7,4.6,0.9,4.8
1197390,3.2,2.0,0.7,6.4
3110,6.1,6.4,0.8,7.2
1420000,6.0,5.0,1.2,4.7
5887574,6.2,7.6,0.0,7.9
11602400,6.8,6.6,1.2,5.7
1558589,4.6,5.8,0.8,6.3
97710,7.6,5.3,0.9,5.7
11696707,4.3,2.6,1.4,5.5
1460222,6.7,6.5,0.0,6.9
83594,5.4,4.5,1.2,4.6
8107675,4.4,4.0,1.5,5.9
1169094,6.9,5.3,0.6,5.3
3419409,4.7,5.9,0.7,6.2
92997,6.9,4.5,2.0,2.9
7401682,5.4,4.6,0.0,5.4
1101300,6.7,7.9,0.0,8.5
5815363,2.0,3.0,0.0,7.3
1940851,8.5,6.8,1.5,5.5
1164602,6.3,4.9,2.9,4.7
1723688,6.0,4.8,1.0,4.2
1286866,6.5,7.5,0.8,8.5
2196050,5.4,4.4,1.4,4.8
15182,6.5,7.4,0.8,8.5
2247201,4.2,3.1,1.3,6.2
20484,3.9,3.4,0.3,7.3
7709632,4.8,5.5,1.0,6.1
18717,6.6,6.4,1.6,6.0
11651907,5.5,4.3,3.5,3.6
1471,5.5,4.2,1.3,4.7
1161181,6.5,7.3,1.0,7.9
16414,5.8,4.9,1.4,4.7
1576405,7.4,5.4,1.6,5.0
8852460,5.9,7.0,1.1,7.6
1393096,4.7,3.2,0.0,5.8
83028,3.0,1.8,0.0,6.8
79262,7.2,7.3,0.8,7.2
9086380,6.2,6.4,1.8,5.4
10079524,6.3,6.1,1.0,6.0
8982411,5.3,6.4,0.2,6.3
1166092,3.1,2.5,0.0,6.2
1127003,3.6,2.7,0.8,6.4
1129143,3.8,3.0,1.0,6.4
82613,7.2,7.3,1.0,7.2
12765166,4.1,4.0,2.3,5.6
15627,5.3,4.4,0.8,4.8
80468,5.8,4.4,1.3,3.6
93058,5.0,4.8,1.0,6.5
73591,6.7,5.4,1.5,4.6
1290160,6.8,6.6,0.2,5.6
1162573,6.4,6.0,1.5,6.4
1619581,5.2,4.5,0.4,5.3
5229825,3.7,3.9,0.8,7.9
4864845,4.2,3.0,0.0,7.8
94816,5.8,4.6,1.2,4.7
6021671,3.9,3.6,1.8,5.3
1128406,4.6,3.0,1.6,6.5
5461,6.0,3.7,1.8,3.0
1370772,6.6,5.4,1.8,5.8
1940974,4.5,3.3,0.5,6.8
2126221,4.5,3.6,0.9,8.0
1667439,6.4,4.0,2.6,4.6
1253819,8.1,5.9,1.1,4.5
1186480,4.3,3.1,1.4,7.1
2870222,8.5,5.8,0.8,6.1
4624225,6.6,7.6,0.9,7.4
1988719,7.3,6.3,0.4,5.4
6494823,7.8,6.2,0.1,5.9
4314633,6.6,4.3,2.0,4.7
1129282,6.8,5.4,1.7,5.9
4458547,4.4,4.3,0.4,7.6
1168529,5.8,4.7,1.7,4.7
1130300,8.5,2.8,5.1,2.5
1101442,7.3,5.1,1.1,5.3
83595,5.2,5.9,1.1,6.3
1153007,6.7,3.9,2.3,3.2
1241,6.7,5.5,1.0,5.1
18555,7.3,5.6,0.9,5.2
4098398,4.2,4.1,1.5,7.3
8799844,5.4,4.2,3.0,4.5
1603625,2.8,2.2,0.0,6.8
1230909,8.3,4.4,0.3,4.3
2646522,6.8,6.0,1.1,4.3
3821450,6.5,5.3,1.7,4.4
5509303,4.0,2.4,0.4,5.8
3882594,3.9,2.6,0.8,6.1
7043095,3.6,2.3,0.1,6.9
1223241,6.7,5.5,0.5,6.0
1274718,3.3,2.5,1.3,6.5
2231983,7.3,5.2,0.2,5.0
1548864,3.6,3.8,0.0,7.2
1726183,4.2,2.9,0.5,5.9
1630401,6.9,5.5,0.5,4.6
6349293,8.5,3.4,1.8,2.6
2913918,3.4,2.3,0.6,5.9
1245016,6.4,7.6,0.7,8.2
1182541,6.2,4.0,0.9,4.7
1166673,5.5,5.7,0.4,6.1
5478236,6.5,4.7,1.4,5.1
5113744,4.4,4.0,0.0,6.0
2917463,7.7,3.5,3.5,2.5
1212780,1.9,2.1,0.5,6.3
24151,3.0,2.5,0.1,6.3
2011590,5.5,4.4,0.8,4.0
5709576,5.4,4.3,2.8,5.8
1390332,6.7,2.9,4.1,2.1
4950782,5.7,6.5,1.3,6.8
17468,0.8,2.5,0.5,7.1
8170199,5.5,3.0,0.7,4.0
1246044,7.8,6.6,1.1,5.8
1137505,5.5,4.7,1.1,4.4
3834308,3.2,2.4,0.6,6.5
5336101,6.1,4.9,2.3,5.8
5790873,4.3,3.5,0.0,7.7
1297223,6.3,7.3,0.1,7.3
6312543,6.5,5.5,3.2,4.9
10583806,5.5,7.0,2.5,7.0
4211006,7.3,5.2,0.5,5.8
5982895,5.0,4.6,0.6,7.2
8354994,2.0,1.8,1.1,6.8
1221329,8.1,4.8,2.8,2.9
1182948,6.5,4.9,1.6,5.7
1197516,8.3,4.9,1.7,5.3
1708205,6.5,3.6,1.8,2.9
77813,6.2,6.0,1.0,5.9
2599393,6.8,5.5,0.5,6.8
1640021,5.0,6.8,0.0,4.9
12266164,3.6,1.8,0.2,7.2
4298555,2.4,2.4,0.5,6.4
1249510,0.0,1.1,0.3,8.5
6243548,5.5,4.6,0.4,6.6
1757823,7.7,5.5,0.3,5.2
1218997,7.3,4.2,2.6,3.0
1812971,6.0,6.4,1.3,5.2
3333673,5.6,3.4,0.5,6.8
5700430,3.3,2.7,0.4,6.8
2567717,4.3,2.8,0.0,7.2
1106030,4.7,5.5,0.2,6.2
1179664,3.2,2.2,0.3,6.3
1713004,8.5,8.4,1.6,7.6
4531363,5.0,4.3,0.2,6.0
1383637,6.6,5.8,1.5,5.8
1127516,8.2,4.3,2.9,2.9
1495707,6.5,6.0,1.4,6.0
88832,6.3,6.0,0.8,6.0
1185552,3.4,2.3,1.1,6.3
2633453,7.6,4.6,1.8,4.1
1457745,5.4,6.2,0.7,6.3
10922217,4.9,5.1,2.8,5.5
77716,8.2,4.0,0.6,4.7
1974082,6.5,4.7,1.4,4.3
1152015,8.5,4.1,0.5,4.5
5466,6.2,4.2,1.3,3.6
5753700,7.2,5.1,0.4,5.0
2100753,6.9,5.9,0.8,5.8
56164,6.7,4.7,1.1,4.3
779555,6.1,3.1,1.7,4.0
1186083,7.0,3.6,2.2,3.6
4344562,2.9,2.9,1.4,7.3
4857832,4.0,3.3,2.0,4.9
1667607,7.3,5.0,0.5,5.7
1209471,7.4,5.6,1.1,5.4
1162451,5.7,2.9,1.1,6.3
1640650,6.3,5.5,0.5,6.2
1237550,8.5,4.2,2.9,2.5
90135,5.9,7.4,0.0,8.2
1469,5.0,5.7,0.8,6.4
1577447,4.2,5.3,0.5,7.0
1214188,7.1,6.3,0.0,5.1
1166353,6.5,5.3,1.2,5.4
16981,4.9,4.8,0.7,4.8
3125339,1.8,2.0,0.0,6.8
1654532,5.7,2.8,0.5,6.5
5796424,5.8,8.0,0.4,8.4
86265,6.4,4.8,1.5,4.3
2219159,7.0,6.7,0.0,4.9
2165427,2.9,3.6,2.4,8.0
1191814,8.3,4.3,2.8,3.1
1240515,4.2,3.0,1.4,6.1
3229989,3.7,2.8,0.7,6.3
1240540,4.2,3.4,1.9,7.1
1543831,5.0,3.3,0.9,6.6
779444,4.4,3.5,1.9,7.3
4926126,3.9,2.8,1.1,7.6
1296061,4.0,3.1,1.2,7.0
1128976,4.8,3.6,2.9,7.1
1241013,4.3,2.9,0.3,7.9
100673,3.6,2.9,1.4,6.8
1219075,4.1,3.2,1.5,6.9
88182,4.0,3.1,1.3,6.6
79906,4.6,3.5,1.1,6.7
2955557,4.3,3.6,1.4,7.4
2145433,4.4,4.0,0.9,7.2
53274,4.3,3.0,1.4,7.1
98164,4.5,3.5,1.4,7.6
1100960,4.4,3.4,2.1,6.9
3183806,3.8,3.2,0.5,6.8
1099127,4.0,3.2,1.4,6.9
3335442,4.1,4.1,2.6,3.8
1720306,6.0,6.4,0.6,7.3
1586073,2.5,3.2,0.0,7.7
9747616,5.3,4.0,2.7,8.1
1611059,4.7,3.2,0.2,7.2
2508101,4.0,3.1,0.4,7.4
1427144,4.2,3.8,2.1,7.0
1126851,4.9,3.9,0.0,7.2
9133097,5.5,4.9,0.7,7.3
1377641,4.3,3.2,1.9,6.9
1128974,4.0,3.3,0.5,7.1
4538065,3.8,3.5,0.8,6.8
2891538,7.2,6.8,0.7,7.1
92263,4.4,3.4,1.4,6.9
1691258,4.1,2.8,1.0,7.7
1250371,6.0,6.0,0.1,6.5
5373253,6.0,5.4,0.7,5.7
5529001,5.2,4.1,0.6,6.7
2841429,6.0,5.8,1.2,5.9
1216385,5.9,5.0,1.2,5.2
5621373,7.2,5.7,0.3,3.9
1210158,6.9,4.8,0.2,4.5
2373181,5.4,4.3,1.7,4.9
8006271,6.2,4.7,1.9,3.9
49424,6.1,5.6,0.9,5.8
2600282,4.5,4.5,0.0,3.7
1158446,6.2,5.5,1.4,5.8
1567694,6.5,4.4,1.4,4.8
8107970,2.7,5.5,0.2,5.6
6263653,5.9,5.5,1.0,6.0
12041434,4.7,4.6,3.3,4.8
7127854,5.2,5.1,2.6,4.5
12144128,4.7,4.3,3.9,4.2
5203938,6.7,5.7,0.8,6.2
4410652,6.3,4.4,3.2,3.7
8453837,4.8,5.5,0.9,5.9
6765730,5.6,4.9,2.3,5.1
84394,6.5,5.5,1.0,6.0
1153194,5.8,5.0,0.5,6.1
84395,6.4,5.2,0.6,5.9
1153105,6.3,6.3,1.2,6.0
1213462,4.5,4.1,1.8,4.1
9681038,5.0,3.1,2.9,1.9
2155204,4.1,3.3,1.9,4.1
6597133,4.7,4.7,2.6,4.3
2362252,6.6,4.7,2.5,5.0
15832,7.8,3.9,2.1,2.5
2410628,8.1,3.9,2.5,2.2
1142203,7.1,4.1,2.4,4.4
3197554,7.1,4.1,2.9,3.5
11295927,5.0,4.2,3.7,4.2
1867054,5.7,3.1,4.2,2.6
1159821,4.6,3.8,3.1,4.5
2593557,5.1,3.9,4.1,2.7
1795732,3.0,3.6,0.2,5.8
5937853,4.8,4.3,1.5,3.0
2357284,5.7,4.2,2.4,3.9
2305391,6.3,6.0,0.3,6.7
2321919,8.1,3.9,0.6,4.5
1615566,6.3,5.3,0.5,5.9
1193066,5.8,6.3,1.2,5.6
2650018,6.3,4.0,1.3,4.8
1135538,6.1,6.0,1.0,6.0
5503855,6.9,6.2,0.0,4.2
1377390,5.6,4.0,2.0,5.0
7203772,4.6,4.9,2.1,5.2
51664,6.8,4.6,1.5,4.5
1129459,6.1,5.6,0.8,5.7
6407690,6.2,6.4,0.8,5.8
12152395,5.5,4.2,1.8,4.2
1367561,6.2,5.9,0.8,5.9
1198159,6.0,4.8,1.2,5.7
3966800,5.6,3.6,3.6,5.7
5762573,6.5,2.3,4.3,1.6
12217709,5.5,4.7,2.9,4.2
2554070,5.7,7.0,0.8,5.4
7089045,6.4,4.6,0.0,5.9
1450109,5.3,5.4,1.8,5.7
10523141,5.9,5.4,2.0,5.2
1368709,5.7,3.4,1.7,4.4
1816176,8.3,4.6,0.4,5.0
28254,5.8,5.3,1.1,5.0
2244166,7.3,6.2,1.2,6.1
3136281,4.2,6.8,0.0,5.5
1595263,6.4,6.2,1.3,6.2
1230065,6.3,4.7,0.5,5.2
1385210,6.1,3.8,1.0,4.4
8958254,5.2,3.5,1.8,3.9
1597342,4.4,4.3,1.3,7.4
14529,5.1,4.3,0.4,6.8
7308441,3.7,4.4,1.0,6.8
1168508,5.8,7.6,0.7,8.1
1154301,5.2,5.6,0.3,6.5
1126796,6.3,2.2,1.3,5.6
1152931,6.1,5.6,0.7,5.3
1316766,6.2,7.5,0.8,7.7
1526517,5.5,6.3,1.6,6.1
1401062,6.4,6.0,0.3,6.6
1206224,5.9,5.5,1.0,5.8
1187861,7.4,4.6,0.7,4.4
1253336,6.2,4.5,2.2,3.6
1715246,5.9,4.7,1.1,4.2
1161042,6.5,5.5,0.7,6.0
16118,6.6,5.2,1.1,6.0
3267031,2.3,1.9,0.9,6.2
75774,6.1,8.0,0.1,8.4
93339,6.6,4.1,1.9,4.4
1662878,7.4,6.7,0.7,6.8
2145687,7.2,7.2,0.5,7.2
1244872,6.9,4.5,1.2,3.2
78468,7.9,4.9,1.1,3.2
5803146,6.8,6.0,0.5,6.8
8441618,6.5,4.4,0.6,4.7
1847,7.0,4.5,1.7,4.8
1214580,0.5,1.5,0.6,8.1
1630006,6.1,4.2,0.6,2.7
1220101,6.8,4.5,0.6,4.5
3821778,8.5,8.3,1.5,7.7
1221574,8.1,4.5,2.9,3.1
1616947,0.3,1.5,0.6,8.2
21811,4.3,2.5,3.4,7.8
1101216,6.7,6.2,1.3,5.3
1936193,1.2,3.1,0.0,7.5
11007892,6.3,3.7,1.6,3.1
2825844,3.0,1.9,0.0,6.6
2576831,5.5,5.6,0.1,5.9
1181881,5.9,4.6,0.4,4.9
4110541,0.5,1.6,1.1,8.5
8554734,5.2,5.8,0.0,6.8
43994,6.4,3.4,2.0,3.6
5877003,7.3,8.0,0.3,7.4
2774263,7.5,5.0,1.4,4.6
1168676,7.2,7.0,0.9,7.1
22447,6.4,6.5,1.2,5.4
1648183,6.5,4.3,1.2,4.5
5362368,4.0,2.9,1.6,6.4
1705997,6.1,4.9,1.2,7.6
6900561,7.7,4.7,1.7,5.0
4383995,6.5,2.5,2.7,4.7
49754,6.5,5.8,1.1,5.0
1175427,6.5,5.4,1.4,5.9
1702712,5.3,4.5,1.7,4.5
736577,7.0,6.1,1.5,5.9
6020,5.9,6.1,0.8,6.9
1204488,5.3,7.5,0.8,8.1
1446306,7.0,4.5,2.8,3.4
1134433,3.9,3.3,0.8,7.6
1202931,7.9,4.4,2.4,3.4
1186580,6.5,7.1,1.0,7.3
28214,6.7,7.5,1.6,8.2
1766590,6.7,4.3,1.8,3.5
1169316,6.6,7.4,1.4,7.7
1910553,4.1,2.5,0.0,6.8
63844,0.4,2.3,0.2,7.0
63834,0.8,2.2,0.0,7.3
82203,6.2,7.6,0.8,8.0
1186481,4.6,3.2,1.3,7.2
74346,7.2,7.3,0.9,7.2
66104,6.0,6.8,0.8,8.4
5905888,5.6,5.7,0.6,6.2
1125543,6.9,7.0,0.7,7.1
1215654,6.2,5.5,0.8,6.7
12535360,5.9,5.9,2.2,4.0
1365051,5.7,4.8,1.9,4.6
5776486,5.8,7.7,0.0,8.5
77483,8.4,4.1,2.5,4.5
81849,7.0,5.3,0.9,5.2
89900,5.4,4.3,1.3,4.6
1214213,6.2,7.3,0.5,8.2
92702,6.6,7.9,0.8,8.2
83173,4.6,5.5,0.9,6.3
82690,5.4,4.6,1.5,4.6
77458,5.0,5.8,1.5,6.3
1191335,7.3,5.6,1.5,5.2
1128993,4.5,3.5,1.3,7.1
3125433,7.3,5.4,1.9,5.6
5647455,6.5,7.5,0.0,8.1
2716528,7.1,7.1,0.9,7.1
5905644,6.1,7.0,0.7,8.5
1126964,7.8,5.0,1.1,3.4
8237397,5.9,5.3,1.3,5.7
6111465,6.4,2.6,4.0,2.4
7807174,5.4,6.6,1.2,7.4
77109,6.8,5.7,0.8,6.2
7163091,5.2,4.6,1.5,4.3
11780780,4.6,4.5,1.6,4.9
77873,6.2,6.2,0.9,6.3
22774,5.9,7.2,0.5,7.9
5462736,4.7,6.6,1.4,5.3
78580,5.6,2.6,1.4,6.5
1191816,6.0,4.3,1.8,4.5
2169879,5.7,3.8,0.0,4.8
3078416,6.8,3.3,0.9,4.2
6232178,6.3,4.4,1.4,4.2
2951926,8.1,6.8,2.0,7.8
1561410,8.0,6.8,3.2,8.0
2154189,8.0,6.8,0.0,3.0
2919845,7.8,4.7,1.7,3.3
5731628,5.5,5.2,2.6,5.0
5020015,8.2,5.2,1.9,5.1
1184461,4.7,5.9,0.6,6.5
6169190,7.3,7.0,0.0,4.8
1164120,6.0,5.4,1.0,6.0
2701316,4.4,3.8,2.7,4.4
8455755,4.5,4.6,2.2,4.4
1562823,6.0,3.7,1.1,3.9
1700939,6.1,4.2,1.5,3.6
2286962,5.1,4.2,0.3,4.7
4602958,7.2,4.9,1.4,4.6
2252080,5.8,4.2,3.1,4.2
1249623,6.2,4.4,1.2,3.7
4460539,2.5,2.0,0.4,6.5
1865689,6.0,3.5,2.1,3.9
2670579,7.1,5.1,2.0,4.7
1598444,2.5,2.2,1.0,6.3
7455131,5.4,4.2,2.7,3.4
10068271,5.1,5.4,1.0,5.2
5837416,5.5,5.3,1.9,5.5
1150067,6.2,4.0,1.6,3.0
7703965,5.9,4.8,2.3,5.6
10169377,5.4,6.2,1.2,6.0
1226536,0.0,1.2,0.9,8.2
1236366,6.5,4.8,0.7,5.5
1791312,7.2,7.1,0.4,7.1
12551190,3.0,4.2,0.0,6.8
4408713,6.8,4.4,1.4,5.3
3265923,6.0,3.8,1.8,2.7
1137292,4.8,5.8,0.5,6.4
1195191,5.8,4.3,1.3,3.7
21079,5.1,3.2,0.9,4.5
2228071,6.8,4.2,0.5,1.7
1500517,4.2,6.8,0.0,5.5
3220473,6.0,3.9,3.4,2.9
1183851,6.0,5.0,1.4,3.9
1216515,5.9,2.5,0.8,6.6
3687086,5.5,3.8,0.0,5.6
1192291,5.0,4.9,1.4,3.5
2254128,7.8,4.5,0.8,4.5
1710449,5.2,4.0,1.6,3.4
2387037,7.3,3.8,2.3,4.0
6007846,6.9,5.2,1.2,3.5
2185839,7.8,5.2,0.9,3.5
2798178,6.9,2.7,4.3,1.7
12520741,6.3,7.0,1.5,6.3
1686332,5.7,6.7,1.0,7.0
6005655,5.5,5.0,1.5,4.7
1129117,5.7,2.4,0.4,6.1
12379,4.6,4.1,0.5,4.8
23810,6.5,5.6,1.1,6.2
6721949,6.7,5.1,1.2,5.2
28354,5.1,4.8,1.3,4.7
6543473,6.9,5.9,1.7,5.5
1718230,2.5,3.0,0.0,6.5
8998812,5.0,5.6,0.0,6.0
1160444,6.9,5.3,1.4,5.4
10661870,6.5,5.4,0.0,6.2
54224,4.3,4.5,0.5,5.0
8040,8.2,3.7,3.8,2.8
5754619,6.8,3.5,0.0,2.4
16757,6.1,4.1,1.4,3.1
1459583,5.8,6.2,0.0,8.1
21664,4.5,4.7,0.9,5.0
1138217,8.5,3.9,3.0,2.5
2151834,6.7,3.6,3.1,2.3
2029807,5.6,7.7,0.0,7.8
1250880,4.7,5.1,0.4,5.5
8080018,5.5,5.6,0.9,5.7
1261538,6.5,5.7,2.2,5.6
6361682,5.9,3.3,1.0,3.9
18223,6.3,2.0,2.1,2.0
8432324,7.0,4.2,1.0,2.9
3347299,5.5,3.4,0.0,5.0
4420111,5.9,2.4,4.1,1.9
1361986,7.0,6.4,0.8,6.0
2768107,4.4,6.0,0.6,6.3
1141550,5.8,3.9,1.9,4.3
2058266,5.4,4.3,0.0,4.4
1489330,6.8,5.4,1.4,5.0
1206433,4.2,2.7,1.8,8.1
1142402,7.4,5.1,0.4,5.4
1721939,5.4,4.6,0.0,4.6
1198634,5.5,2.7,0.9,6.5
1634,5.9,5.8,0.8,6.0
1246061,3.4,2.1,1.4,5.6
7623378,5.4,4.9,2.2,6.0
1189970,6.2,5.7,1.5,5.9
1775189,5.5,6.2,1.1,5.9
1579266,3.4,2.1,0.0,6.5
1284886,6.6,5.3,1.4,5.6
74903,6.7,6.5,0.4,6.5
5361779,5.1,4.2,0.2,4.0
1124886,8.5,5.1,1.4,6.1
2465785,6.8,6.8,0.0,4.2
1395078,6.4,4.1,0.2,4.4
1174014,7.8,5.6,1.7,5.1
1196254,6.3,5.2,0.7,4.8
2022517,6.1,4.4,1.5,3.8
2252425,6.0,5.9,2.1,6.0
10255,6.3,6.4,1.2,6.4
1199825,8.3,3.7,0.8,4.4
6271649,6.2,4.5,1.6,4.9
1208800,8.5,3.7,3.4,2.3
2956114,6.5,5.3,1.5,6.0
99586,6.3,6.3,1.2,6.2
1258774,5.5,1.8,0.3,6.1
8725195,2.7,2.6,2.1,5.7
1170510,6.7,5.0,1.4,5.4
1215461,6.9,6.1,0.9,6.4
8176067,6.7,7.5,0.6,6.2
2385686,1.8,1.5,0.0,6.6
1171489,7.4,5.5,0.4,5.2
1183727,5.8,4.6,0.9,4.8
1184650,6.7,5.3,2.4,5.5
5872862,0.4,1.8,0.3,7.2
2705486,6.5,5.5,1.1,5.2
23239,7.7,5.0,2.5,3.2
8682368,5.4,6.9,1.2,7.1
1975751,6.5,5.6,0.8,5.9
1538304,6.5,5.2,1.8,4.8
2034039,6.5,5.5,1.4,5.6
10194332,8.3,4.7,1.4,4.1
2108134,7.7,4.3,1.4,4.4
9415065,7.0,4.5,0.0,4.7
75840,5.2,2.4,0.5,6.3
1617187,1.6,2.2,0.9,7.2
1208672,2.7,2.5,0.4,6.2
8072618,2.4,2.5,1.1,6.6
1398621,2.2,2.1,0.2,6.3
6723239,4.3,3.3,0.7,6.8
2127198,7.8,4.2,2.3,3.5
4142,7.4,6.7,0.5,7.0
1136985,6.2,6.3,0.0,7.0
1659025,5.8,5.5,0.0,6.0
9465999,2.0,2.4,0.3,7.0
2217304,4.0,4.3,1.2,8.0
1860123,6.6,4.2,1.9,2.8
2707214,6.4,5.5,1.8,5.7
1253193,6.7,6.0,1.4,5.5
4623625,6.1,5.9,0.7,6.2
1160498,6.6,5.0,1.9,4.6
2773019,7.0,4.6,2.6,4.4
3057235,6.7,4.0,1.7,4.1
1242742,7.8,4.6,1.4,5.2
1180351,8.2,2.8,4.3,2.5
6176836,4.9,5.6,1.8,6.3
1194081,8.2,6.7,0.9,5.2
2270506,6.0,3.1,1.8,2.3
11298385,5.7,4.1,2.0,4.7
1523524,4.9,4.2,0.0,4.3
1108149,6.0,5.9,0.9,5.5
2415743,4.2,6.8,0.0,5.5
1157235,8.5,5.5,0.8,4.2
1543932,3.1,2.5,0.8,6.4
8716900,5.8,5.8,1.2,6.1
2299830,6.7,5.4,1.0,6.1
1540063,7.0,4.8,1.7,4.1
1179191,4.9,5.2,1.4,4.7
7991283,6.4,6.8,0.7,6.1
1940545,6.6,4.6,1.8,4.6
1172945,5.4,6.2,0.0,6.5
1749238,4.3,3.5,2.6,6.8
85645,6.5,7.8,0.1,8.4
2015889,6.3,5.5,1.7,4.7
5297825,3.9,5.6,0.0,6.7
1164429,6.9,4.7,0.3,4.7
1117228,7.7,4.8,0.7,5.3
11102464,5.8,5.9,0.5,4.6
33734,4.8,5.5,0.6,6.3
1782289,5.7,4.4,1.2,4.2
2493183,7.8,5.2,1.0,3.6
1658075,4.5,4.5,1.3,6.9
4030538,7.8,4.9,1.2,5.1
1686153,7.3,4.8,0.8,5.5
1194496,7.4,5.7,0.6,4.9
2145576,7.6,5.7,0.2,5.5
4881720,6.7,4.1,2.2,4.2
2326395,6.9,3.3,2.2,3.7
1191238,7.2,5.3,0.4,5.3
1389489,3.6,3.2,0.5,6.1
2975382,3.8,3.5,0.0,6.9
2182801,6.0,6.5,0.0,7.2
12085,8.5,2.8,4.8,2.4
1223800,4.2,2.7,1.8,7.1
1128229,4.0,4.4,0.9,7.5
6525434,3.9,4.0,2.4,7.5
1200787,5.4,6.1,0.8,6.3
2348401,5.7,5.8,2.1,5.5
1512964,6.8,5.5,0.0,5.5
8953522,3.2,1.3,0.0,6.7
1926087,2.7,1.5,0.2,7.0
1366710,3.9,3.3,0.7,7.2
1917543,8.0,5.2,0.4,4.9
1126668,4.9,6.2,0.2,7.6
7399539,4.2,4.2,2.7,6.6
1448998,5.4,4.9,2.1,7.7
1583468,6.9,5.2,0.0,5.5
1391864,4.2,4.8,2.7,4.2
11158474,8.2,6.6,1.4,4.9
5131433,2.8,1.8,0.9,7.2
6057817,5.0,6.1,2.0,6.3
2141695,6.6,3.3,0.9,3.8
1193201,6.6,5.8,1.3,5.8
8763330,7.2,8.4,0.0,8.5
3956762,5.5,6.2,0.6,5.9
1250077,6.6,7.5,1.4,8.2
1379473,5.3,6.2,0.0,6.4
2707668,5.8,4.6,1.3,5.0
1236285,7.4,4.5,0.1,5.5
6080661,8.5,4.2,0.6,3.8
1201379,5.2,3.7,1.0,7.2
4978885,6.6,6.9,1.7,6.4
11627128,7.1,3.3,3.9,3.3
1181199,4.5,3.7,0.7,7.6
779866,3.9,2.6,0.6,6.7
9844175,3.0,1.8,0.1,6.8
86261,4.5,3.7,0.5,7.3
5616419,3.8,2.8,1.2,6.7
2100521,3.1,2.4,0.4,6.4
779069,4.2,3.4,1.1,7.2
1706705,8.4,5.0,3.0,5.2
1108007,6.4,4.9,0.3,5.6
2229683,8.5,4.9,0.5,5.7
1784287,6.5,6.4,0.0,6.8
89193,8.5,5.5,0.8,6.1
1633095,5.3,4.8,0.7,4.7
80357,8.5,4.5,2.3,4.2
39374,6.5,7.7,0.9,8.2
12011,5.5,2.5,0.8,6.5
1264788,0.2,2.1,0.8,7.1
2319651,4.5,4.4,0.7,5.3
1892508,6.2,5.7,0.8,6.4
1128221,4.3,3.6,1.2,6.6
90711,5.9,1.6,0.2,5.8
2016001,4.1,4.5,0.6,6.8
1886414,7.6,4.0,3.4,2.2
1468895,8.5,2.3,5.1,1.7
1459837,6.8,6.1,1.3,5.9
82470,6.2,5.7,0.0,6.6
5294592,3.4,2.6,0.1,5.9
1370733,8.0,3.7,0.9,4.8
89417,7.2,5.3,1.2,5.0
5506,8.5,5.2,0.8,5.2
7337744,7.7,4.5,2.3,4.7
1283569,6.8,5.3,1.5,5.9
1150730,8.5,5.4,2.1,5.5
9304870,7.9,5.4,0.8,4.2
1188113,4.8,4.2,0.7,5.1
1397857,4.7,1.4,0.0,6.0
5016736,3.0,6.5,2.9,5.0
1276076,8.3,5.4,1.2,5.5
1109178,7.6,5.1,0.4,5.2
8571,6.1,7.7,0.7,8.2
1506951,7.3,5.5,2.5,3.3
1690415,4.0,2.9,0.5,6.3
1143429,7.2,4.7,0.7,5.6
5912836,6.2,4.7,2.3,4.6
1389370,4.3,2.6,0.1,6.2
6246033,7.1,5.0,0.7,5.7
6210335,8.5,7.6,0.0,5.5
76303,6.7,5.8,0.6,5.8
2020168,3.1,2.4,0.0,6.4
1275268,6.8,4.3,1.4,4.2
1103264,7.1,6.4,0.7,6.4
1200320,3.9,3.1,1.1,6.9
15488,6.2,6.0,1.0,5.9
1600091,4.3,3.0,1.3,6.7
1961565,6.5,4.5,1.2,4.5
1366406,6.3,5.9,0.3,6.6
1208879,6.4,7.6,0.8,8.2
3513770,4.3,3.7,2.4,5.7
1206355,4.7,2.9,1.4,6.9
2031641,8.5,4.7,1.8,5.1
1657556,8.4,4.2,2.6,5.1
1250683,3.8,2.8,1.3,6.3
1682464,6.4,4.7,0.3,4.3
825166,6.7,5.2,0.9,5.4
9949454,4.4,4.4,1.6,5.7
1255024,5.7,7.2,0.5,7.8
1597567,6.5,6.0,0.6,5.9
5970695,6.9,4.7,1.8,3.4
2105846,3.9,3.5,2.0,5.6
2192166,5.3,5.8,1.9,6.4
7549916,5.7,4.5,3.0,4.0
1288121,5.4,4.6,0.5,4.6
1175732,5.7,7.0,0.2,8.4
4274784,8.5,2.2,5.7,1.8
10852607,4.4,5.3,2.0,4.9
5418398,3.0,4.8,0.0,5.6
12345916,4.2,2.0,0.0,5.5
6188759,6.0,6.9,0.7,5.9
6739446,5.5,4.9,1.6,5.2
1186123,4.0,3.1,0.7,6.4
2273483,5.1,4.0,2.7,6.1
1171475,8.5,5.2,1.4,4.7
1322105,5.7,4.2,2.9,4.4
5151095,5.8,4.4,1.7,6.7
1887300,2.2,1.4,0.4,7.1
2027,6.3,6.3,1.1,6.1
5014272,2.3,2.4,1.1,6.6
86089,2.6,2.4,1.1,6.2
2414322,2.7,2.1,1.0,5.6
1391830,6.5,2.9,1.1,3.9
3957350,1.0,2.7,1.0,7.2
1171616,4.5,5.5,0.3,6.0
5172309,3.9,3.3,0.0,7.4
1366569,3.1,2.2,0.0,6.3
6411358,7.5,5.3,0.5,4.7
1607817,7.1,5.0,0.2,4.8
9643425,6.4,6.0,0.0,7.2
6685514,1.4,2.5,0.8,6.9
4105979,3.7,4.6,0.6,6.2
2011340,5.5,3.8,2.0,4.5
2306731,4.6,2.7,3.0,4.6
4757486,4.9,6.7,0.8,6.5
1159460,4.7,4.2,0.7,6.4
1369146,6.8,5.8,1.2,6.0
1235914,7.2,5.9,2.0,6.0
1779364,6.8,6.3,0.7,6.4
7386535,4.1,2.5,0.0,6.6
1547038,8.1,4.0,2.1,3.6
5459156,7.7,7.0,1.4,8.0
1307828,1.9,3.3,1.0,6.9
2622872,6.8,5.6,2.6,5.7
2183845,4.1,3.5,0.8,7.4
3620004,3.0,1.8,0.0,6.8
1410277,7.9,5.2,0.9,3.3
100377,5.9,7.0,0.6,7.9
9652744,6.3,6.7,0.0,8.5
4454596,3.2,2.2,2.1,6.4
1232231,5.5,3.9,2.8,7.1
4948,5.5,4.5,0.8,4.7
2307391,6.8,5.4,1.4,5.6
6574798,6.4,6.7,1.3,6.6
1117675,6.8,5.6,1.4,6.0
6166929,8.0,5.8,1.8,5.9
2080895,7.5,5.5,0.1,4.3
2152939,5.6,6.3,1.3,6.8
1990083,6.8,4.0,2.9,2.4
1971953,6.8,5.3,1.2,5.8
2339434,3.3,3.0,1.0,5.7
1221456,6.3,4.5,1.8,3.5
1127665,3.4,2.7,0.6,6.6
1458181,3.7,3.2,1.0,7.9
8357373,2.8,1.7,2.2,5.2
12440,6.5,5.0,0.6,6.1
10201333,3.8,3.3,1.4,4.0
1102045,4.8,5.4,0.9,6.2
100369,6.3,7.5,0.5,8.2
9957053,3.7,4.5,0.1,6.4
1680644,2.9,1.8,0.7,5.8
23402,8.4,2.5,4.6,2.7
75320,6.3,7.9,0.7,8.3
4096167,6.8,4.4,1.5,5.2
32074,3.6,2.4,0.8,6.2
1105486,8.3,4.8,1.0,5.4
99406,6.8,5.9,1.9,6.2
5265490,8.2,5.5,1.4,4.1
1107968,4.3,2.9,0.0,7.1
1309180,5.9,5.8,0.7,6.5
6686195,6.9,4.9,1.3,5.5
4212680,1.4,2.7,0.4,7.7
1328203,8.5,4.9,2.0,2.9
1240817,6.5,5.2,0.9,5.9
1219407,7.3,4.3,2.5,3.8
1173045,3.0,2.2,1.0,6.7
1246274,5.8,5.8,1.0,4.8
1253646,6.9,5.8,1.2,6.0
12134241,6.2,5.2,1.5,5.3
1888880,3.2,2.2,1.3,6.1
4900949,3.2,3.0,1.3,6.6
1151783,4.3,3.4,2.1,5.9
6061080,6.1,4.8,0.0,4.9
1571334,6.1,5.9,1.4,5.9
10072320,6.0,6.5,0.0,5.8
1138368,6.4,6.5,0.8,7.2
1183225,7.6,5.8,0.0,5.5
1456966,6.4,3.7,0.9,4.6
1249754,6.8,4.6,0.9,4.4
1270097,6.3,7.2,0.3,8.5
9762316,5.0,4.9,2.1,4.7
9542263,6.2,5.0,1.2,5.2
2915329,0.9,1.6,1.0,7.9
10949438,3.6,3.2,0.0,6.8
1190075,7.3,5.7,0.8,5.0
1725833,6.8,5.8,1.1,6.3
1171698,5.4,4.4,1.5,6.6
12263,6.7,5.7,1.5,5.8
1188636,5.8,2.6,0.3,6.9
1179098,4.7,4.4,0.7,4.5
7980348,3.2,4.5,0.0,6.3
5172066,3.0,2.4,0.0,6.2
8816623,1.2,3.0,0.4,7.0
1173927,8.1,5.0,1.2,5.3
2657263,8.0,4.9,1.1,5.7
10926,6.4,4.9,0.7,4.6
6127428,2.6,2.8,0.3,7.7
5448256,5.9,2.7,1.0,5.9
99356,7.1,4.1,1.8,4.4
2132858,7.0,4.8,0.5,5.4
7203703,5.1,4.5,0.6,3.8
83596,5.2,4.5,0.9,4.6
91755,8.5,4.7,1.2,5.1
1245550,6.4,5.6,0.9,6.0
1553987,5.9,4.7,1.7,3.2
1799266,3.7,3.0,0.0,6.5
6001771,2.0,2.1,0.5,7.1
1423384,3.1,2.4,0.5,6.5
4875765,6.7,5.8,1.7,5.8
1138193,6.9,6.9,0.8,7.1
9007046,3.3,2.2,0.2,5.9
1228698,7.6,7.3,0.5,7.5
1188208,5.2,6.6,0.9,6.5
6477029,6.1,4.7,1.2,4.8
7238072,6.5,5.6,1.4,5.1
5630437,8.0,4.4,1.1,4.5
4539790,6.8,4.8,1.6,4.5
4401673,3.8,3.0,0.7,6.4
9691585,2.9,2.0,0.0,7.4
1100835,6.9,4.8,1.3,4.6
5354380,4.9,5.6,0.9,6.3
1207629,5.1,6.0,1.2,6.8
1254159,8.1,4.0,2.4,3.1
1137773,6.9,5.2,0.7,5.0
1921801,6.4,6.1,1.3,5.8
3896585,6.9,4.9,1.4,5.3
2132350,3.5,4.5,0.9,7.9
3793508,6.5,6.1,1.4,5.7
1207201,7.2,5.8,1.1,5.4
8938424,2.1,1.9,2.9,8.1
8303055,5.5,6.3,0.2,6.8
5109759,0.4,1.7,0.4,8.4
1199672,4.1,4.3,1.4,7.9
6415047,5.8,4.4,0.8,6.4
1700690,7.4,7.2,0.7,7.0
1757712,5.3,4.4,0.4,6.0
12213910,2.8,1.8,0.0,6.8
11144617,8.5,3.3,0.5,3.0
1204137,5.7,3.7,1.1,4.0
7465068,3.4,3.3,1.8,4.1
2138245,7.4,5.5,1.4,3.1
2293452,5.2,5.9,1.0,6.3
1301968,3.9,3.0,0.3,7.3
1983885,3.0,2.6,1.4,6.7
6074107,6.2,4.7,2.0,3.5
1188856,5.6,4.2,1.7,3.8
1190329,5.8,2.3,1.5,6.2
12015142,4.5,5.0,3.4,4.6
1438794,5.8,4.3,0.5,4.9
5024140,5.9,6.3,0.0,5.8
1514444,6.5,7.9,1.2,8.3
2148245,4.9,4.1,1.1,6.0
1499064,3.2,2.6,0.8,6.4
3859623,4.2,6.8,0.0,5.5
9714794,7.8,5.3,1.3,3.6
1839127,8.5,4.8,1.9,3.3
1597078,5.8,5.6,0.0,5.2
4025351,7.7,5.0,0.0,4.6
6417379,3.3,2.3,0.3,6.2
875,6.6,5.2,1.4,5.8
10259955,6.2,6.3,0.0,4.9
9247763,6.5,5.8,2.1,6.1
2145253,8.5,5.0,2.3,4.0
7983546,5.8,4.7,0.1,5.9
5889830,5.9,3.4,1.9,3.8
6971514,7.0,3.2,3.0,3.7
2356065,4.1,2.8,1.0,6.2
3585526,4.2,5.6,0.1,6.2
1531730,8.5,5.0,0.5,5.3
4152636,6.2,6.3,1.0,6.3
7686586,4.9,3.0,0.0,6.7
1150323,6.6,5.8,0.8,6.5
5418047,7.1,4.4,1.8,4.2
7126405,8.5,6.8,1.6,5.2
7682649,6.6,4.3,1.6,4.6
11824,6.1,8.1,0.3,8.3
5502619,6.2,3.8,2.4,1.9
2331209,7.6,4.6,2.3,3.9
1302544,7.4,5.4,1.6,4.5
1516082,2.6,2.3,0.7,6.0
3944881,6.1,3.7,2.4,4.3
2306926,6.0,6.0,0.5,6.2
1204956,8.5,5.9,1.2,5.3
9484407,5.8,7.7,0.0,5.7
3005552,3.4,2.2,1.1,5.5
1241650,7.3,4.7,0.1,5.4
1143846,6.3,6.3,0.4,7.1
63094,7.1,7.1,0.5,7.1
4811830,7.5,6.2,0.8,5.6
8806602,3.7,6.8,0.0,6.2
73468,4.8,5.8,0.5,6.3
5392328,6.2,4.3,1.2,4.4
96030,6.6,6.5,1.2,6.0
1247422,2.8,3.8,1.2,7.0
7583470,6.3,7.0,0.2,8.4
1191709,6.1,6.7,0.2,8.0
2584613,4.4,4.3,0.0,3.4
9678414,5.0,3.2,0.9,4.9
1459216,5.8,4.7,0.4,4.5
6646892,7.2,6.2,0.0,5.6
3957895,5.2,5.9,0.5,6.3
1099454,7.3,5.5,0.6,5.2
10423185,4.5,4.3,0.5,5.8
1660569,5.1,4.9,0.7,6.5
2365245,6.4,2.1,4.0,1.4
6264054,8.0,2.5,4.6,2.9
79629,5.5,6.5,1.3,6.9
1230200,5.3,5.9,1.4,6.2
1173808,8.3,4.1,2.6,3.1
6343460,6.4,4.5,1.8,4.1
4829943,7.5,4.6,1.5,4.0
3107407,8.5,3.9,1.8,1.8
4113035,4.8,4.6,1.5,4.7
1503529,6.8,4.0,1.1,4.4
10138370,1.5,2.3,0.0,8.5
1260741,5.6,5.3,2.5,6.0
1182681,7.7,5.3,1.3,3.7
2264927,5.4,6.3,1.7,6.9
2580724,6.2,7.7,1.2,8.1
1257185,8.1,4.8,1.7,5.3
2203839,6.3,4.6,1.1,4.1
1511193,4.2,6.8,0.0,5.5
9764562,1.1,1.6,0.6,7.6
1611523,8.4,4.7,0.9,5.3
4994071,5.5,3.9,0.0,4.5
1265499,6.3,3.9,1.0,3.9
1766089,5.2,6.3,1.2,6.7
1151536,5.0,4.2,0.7,5.7
8786879,7.6,4.6,1.3,3.8
1151533,5.5,4.7,1.1,6.6
1123741,4.8,4.4,0.9,7.4
1169092,4.8,5.7,0.8,6.3
86557,6.2,6.8,0.2,8.5
85480,6.0,2.7,0.4,6.3
97829,7.4,5.4,0.6,5.2
3671820,4.7,5.5,0.9,6.7
77026,6.7,6.4,1.6,6.0
6729149,0.0,1.2,0.3,8.3
1226169,4.5,5.8,0.9,6.5
1100124,6.3,7.9,0.2,8.5
1175624,6.3,7.1,1.4,7.7
1117054,2.3,2.3,0.8,6.3
1220239,8.2,4.5,2.6,3.4
2318670,5.6,5.5,0.6,4.8
2104576,4.8,5.6,1.1,6.2
6525866,4.8,4.4,3.2,4.1
1136616,6.3,5.0,1.7,4.2
1614048,4.5,0.8,1.0,4.9
1204867,6.4,6.4,0.7,7.1
8445028,5.5,7.8,0.3,8.0
1209628,7.4,5.8,0.2,5.4
1254673,5.4,6.2,1.2,6.9
3284098,6.8,4.2,0.5,1.8
11814293,4.5,4.0,1.8,5.3
6910171,6.3,5.6,2.4,5.7
2422330,7.8,6.3,0.9,5.1
5793065,5.3,4.4,1.1,4.9
1368240,5.0,4.0,0.0,6.0
1171483,4.8,5.7,0.7,6.5
1773974,8.4,5.1,2.5,3.4
1280919,6.4,4.3,0.8,2.7
2835177,6.7,2.3,5.0,1.2
5474266,1.6,2.3,0.0,6.9
778938,7.2,5.7,0.7,5.3
9304769,6.8,6.1,1.9,3.5
6411013,4.7,4.9,0.6,5.7
12018332,2.1,0.5,0.7,6.2
6169,8.5,4.7,2.2,4.4
1101036,5.4,4.4,1.6,4.8
1163698,4.9,4.1,0.8,4.6
1126984,8.5,5.3,1.1,5.5
5727751,6.9,4.6,1.6,3.6
1481026,3.7,3.5,0.0,4.5
5614373,5.4,4.7,1.7,5.0
1136029,8.5,2.3,4.6,2.4
1098912,4.9,5.8,0.7,6.4
1159313,6.4,4.1,0.6,4.5
1492745,3.0,3.1,0.8,6.8
2174089,3.1,2.5,0.0,6.8
8190260,6.8,4.8,1.8,5.5
7201391,5.5,4.7,2.8,4.6
1499464,6.3,4.4,2.1,3.7
1900718,5.8,3.2,0.0,6.6
84588,6.4,4.4,3.3,5.2
1125287,3.7,2.9,0.1,6.9
84675,7.1,5.8,1.4,6.5
77888,7.9,5.4,1.0,3.5
2302451,3.3,3.0,0.2,6.6
7132581,5.7,6.9,1.1,5.3
1108969,5.1,6.7,0.0,6.5
1105933,8.5,5.3,1.4,5.7
5330854,4.3,1.5,0.8,5.4
3092918,8.0,5.5,1.9,4.4
92621,3.4,2.7,0.7,6.3
8365736,6.1,4.4,1.7,5.0
7430337,3.0,2.8,0.3,6.7
2421651,1.2,2.8,2.0,6.6
1207034,7.4,5.7,1.2,5.2
1761362,6.1,4.1,1.4,4.0
9848294,5.6,3.8,0.3,3.1
1234527,4.6,5.9,0.4,6.4
1508050,6.5,4.8,1.6,3.6
1212395,4.5,3.6,0.1,4.6
1196780,3.9,4.1,2.3,7.4
1182878,3.3,2.2,0.0,5.9
1252937,2.4,2.5,0.7,5.6
1144821,7.2,5.4,0.5,5.4
11238123,3.5,3.2,2.3,5.3
1262492,6.8,6.1,1.6,6.2
10490884,3.5,1.8,0.3,4.8
7231385,7.4,3.8,1.7,3.6
1797822,5.6,4.9,2.5,4.5
4253447,7.1,6.3,1.6,7.8
1470082,7.0,3.6,1.3,3.6
7450443,7.2,4.6,0.0,4.8
2288998,4.0,3.7,0.0,7.2
84953,6.9,4.5,1.4,3.3
5144694,3.8,6.1,0.0,5.6
7397868,4.0,2.0,1.4,6.8
1164946,8.5,2.4,5.3,2.5
5574410,7.7,2.9,4.6,3.1
2356871,6.5,4.5,1.1,2.8
86286,6.4,3.9,0.5,4.4
3489598,6.3,6.5,0.9,6.5
7957434,5.8,3.9,1.6,3.4
8115654,5.9,4.3,1.2,3.2
9025836,6.6,4.7,1.1,2.9
1360350,5.3,4.3,0.7,4.8
6181851,6.7,4.2,3.2,2.8
61104,5.4,2.3,0.8,6.4
73472,5.3,4.7,0.9,4.4
1460398,8.5,4.5,2.5,2.8
1307021,6.7,4.0,0.6,4.0
6678823,5.1,4.7,0.9,5.1
5420166,3.2,2.6,0.0,6.2
1136767,4.7,4.0,0.1,4.4
17130,7.9,4.6,2.7,3.2
2469077,4.9,5.5,0.7,6.2
2566228,6.1,4.2,1.5,2.7
2521158,5.3,4.0,0.6,4.6
23364,6.1,4.3,1.5,3.5
1209001,5.5,4.6,1.2,4.9
7104811,7.0,2.4,3.9,3.6
4225331,6.3,7.7,0.1,8.2
9253143,6.2,8.0,0.4,7.9
7186768,4.0,3.7,1.2,6.0
3070666,6.9,5.5,0.9,5.8
1084110,7.3,4.8,1.3,4.4
1202737,6.8,4.1,1.4,4.4
6897585,7.0,5.0,1.4,4.0
9973255,5.5,5.4,1.9,4.6
1941488,8.2,4.9,2.0,3.5
1102048,6.5,5.5,0.9,6.3
7149605,4.2,3.6,1.7,6.1
1219736,3.6,2.3,0.8,6.0
3015283,6.8,5.3,2.0,3.7
1391567,5.7,7.7,0.3,8.1
2164945,2.8,3.3,2.4,4.8
5056711,5.9,3.8,0.5,5.0
6839789,5.8,4.9,2.7,5.4
7084243,3.1,1.6,0.0,6.7
8392033,6.6,4.1,2.2,4.2
1212720,8.5,7.4,0.8,5.5
2257419,4.2,6.8,0.0,5.5
11998085,5.0,5.1,2.5,4.7
1147775,6.1,4.8,2.7,2.5
1900254,6.8,6.6,1.2,6.8
1982777,6.8,8.0,0.0,6.8
1321898,2.2,2.2,0.5,6.3
1183531,6.4,4.6,2.0,3.2
1126475,7.2,4.2,1.8,4.3
9780204,3.9,4.5,0.3,5.3
24105,2.8,2.2,0.4,6.6
2089547,6.0,4.7,1.2,4.3
1278181,6.7,5.9,2.0,4.8
1218454,2.1,2.3,0.3,7.8
8666654,5.5,5.3,0.3,5.1
2048977,6.3,7.8,0.4,8.4
73660,8.5,5.3,0.9,4.3
15286,6.7,5.2,1.5,5.2
1822109,3.0,1.9,0.0,6.9
1128920,3.3,2.3,0.7,6.3
10115729,8.4,5.0,2.2,3.7
5805414,6.7,6.0,1.7,5.1
1200848,2.8,2.1,0.0,7.1
10680553,4.0,1.8,0.0,5.5
3178166,8.5,2.7,4.7,2.3
1122276,8.5,2.2,4.8,2.5
1631202,5.5,5.7,0.2,6.5
1302873,4.6,3.7,0.5,6.5
1109400,7.4,6.9,0.7,6.4
10000,4.5,1.3,1.6,4.5
1301134,4.1,2.2,1.3,8.1
4281886,6.6,5.6,1.8,4.6
9998,6.7,3.8,2.3,3.6
4282128,4.3,3.5,0.2,6.1
80458,7.2,7.3,0.6,7.3
7933929,6.0,4.5,2.2,4.5
2217389,4.8,4.1,0.4,7.3
7584104,4.9,2.4,0.9,4.5
7448628,5.4,6.2,0.0,6.5
1223391,5.3,5.7,0.2,6.3
14526,8.4,3.8,0.7,4.5
9224861,6.8,2.0,3.4,3.4
1206280,6.3,7.2,0.8,8.5
8828521,6.0,1.8,2.8,4.4
1198913,7.9,5.8,1.3,4.5
1164257,6.8,2.8,3.2,2.6
1517965,6.7,5.0,1.0,5.9
7275735,3.7,5.5,0.7,6.0
7727831,5.8,4.4,2.0,6.0
8057053,6.8,7.5,0.0,6.9
1206924,6.1,7.3,0.7,8.5
1285860,6.1,6.9,1.2,7.5
1211303,1.4,2.0,0.8,8.3
7704341,6.5,5.0,0.8,5.0
1226571,5.9,4.5,1.0,4.5
5509311,6.2,7.3,0.0,8.5
6331126,7.1,6.4,1.0,5.6
6494042,7.6,5.7,1.1,3.9
7355098,6.1,5.7,0.5,5.7
10125630,6.3,4.3,0.0,4.4
11024097,5.7,4.2,0.9,4.4
8782323,5.3,4.8,2.2,4.3
8760959,5.2,6.2,1.0,7.4
7292123,6.1,3.9,2.1,4.3
1172930,4.9,5.3,0.8,6.0
6401245,6.1,4.5,1.4,4.8
6266481,6.0,5.0,1.0,5.8
1204001,6.5,7.7,0.9,8.4
1189764,8.5,5.2,0.9,4.4
11024218,4.8,5.1,2.5,4.6
1139437,6.6,6.5,1.2,5.4
7662666,6.7,5.8,1.9,3.9
9259,8.2,4.7,2.6,3.3
11078791,6.9,6.0,0.5,6.4
2483356,6.5,4.3,2.9,5.3
1720689,3.9,2.9,0.9,6.3
10528782,5.3,2.6,0.1,6.4
1156860,6.3,5.8,0.7,6.2
7923673,6.8,4.1,0.7,2.4
1152909,6.1,3.7,1.0,3.8
10107117,6.2,7.9,0.6,8.1
7218703,6.0,4.9,1.8,5.7
1258866,4.5,2.8,0.7,6.1
1141353,8.5,4.9,0.5,5.4
8080445,3.1,2.0,1.3,7.0
76259,6.0,4.6,0.7,5.3
84866,5.1,3.5,0.9,4.5
1237448,3.0,2.3,0.0,6.6
1962334,7.4,5.7,1.0,3.5
2602767,7.1,7.0,1.5,6.5
7010830,6.6,5.5,1.3,5.6
1151603,6.8,6.2,2.0,6.3
1695911,6.8,4.3,2.6,4.2
1176259,5.5,4.9,0.4,4.6
5873482,7.4,6.8,0.0,6.3
79046,3.1,2.7,0.7,6.4
9572745,5.4,3.9,1.1,5.5
3889868,6.3,6.7,0.2,7.4
8947670,2.2,3.2,0.5,6.6
1194224,6.8,6.3,1.4,6.6
7457338,6.3,6.5,0.8,5.3
10354189,7.2,4.4,1.3,3.7
7120470,5.6,3.7,1.1,4.9
3045,3.0,2.8,0.4,6.4
9332946,5.9,6.1,2.0,5.3
4130364,6.2,7.6,1.2,8.1
77748,6.5,7.7,0.5,7.9
2388393,5.9,5.2,1.5,3.8
85779,6.3,8.3,1.1,8.1
9105692,6.3,5.1,2.0,5.5
1163575,6.7,5.7,1.9,6.3
1152131,6.3,4.6,1.5,3.9
1164920,6.7,5.5,1.1,3.8
1298072,6.4,4.0,2.0,3.5
5574070,3.5,5.3,0.0,6.5
7856101,8.0,4.6,2.9,3.4
4209018,4.2,6.8,0.0,5.5
5320268,4.1,1.5,1.5,6.9
1100134,6.4,5.2,1.5,3.6
1203679,6.6,4.8,1.8,4.5
2265390,5.1,6.1,0.4,6.5
1454861,7.4,7.6,0.1,6.6
96633,5.8,6.0,0.6,7.0
10551004,1.7,1.7,0.7,6.0
1224563,7.7,6.0,1.0,5.9
2747421,2.1,2.6,0.3,6.7
4625857,5.6,5.1,1.4,7.4
2046408,6.8,4.2,0.0,4.2
7368054,6.7,4.9,1.0,4.7
1829384,8.5,5.5,0.7,6.0
2351625,6.6,3.6,1.4,4.3
65204,4.9,4.6,0.8,4.8
1739467,6.0,4.4,1.9,3.0
11061953,2.4,3.0,1.8,5.3
2604806,5.1,4.7,1.0,7.4
74788,6.5,4.1,3.5,4.1
1226154,4.3,2.3,1.5,7.6
10455231,5.4,4.6,2.8,4.2
6453328,6.6,6.1,1.1,6.4
4740622,5.7,8.0,0.0,8.3
1217471,6.4,7.2,0.4,8.5
2128268,6.1,5.9,0.8,5.8
4488635,2.0,1.9,0.6,5.8
1107977,5.5,7.3,0.0,8.2
2376360,6.5,3.9,1.6,4.1
6542021,6.9,5.3,1.1,5.9
1671668,7.3,6.2,1.4,5.8
1694260,7.6,5.3,1.2,5.0
5356807,1.3,1.9,0.9,8.5
79377,8.5,4.8,2.2,4.3
1246401,6.6,5.1,0.3,4.4
4061269,7.6,4.6,1.1,5.0
1320775,2.1,2.9,0.9,6.2
1219777,7.6,5.8,0.5,5.3
1202090,4.2,2.2,1.1,5.3
9957222,5.2,3.7,0.9,5.8
1704044,5.8,5.7,1.1,6.1
5906527,5.8,4.9,2.3,5.0
9915,4.4,5.6,0.5,6.4
5248344,8.5,4.3,2.2,4.4
1151589,6.5,6.8,1.1,5.6
2503889,8.5,4.9,0.0,5.2
1134984,1.8,2.1,1.0,8.2
1361004,6.1,2.9,1.0,6.4
2479792,6.7,6.0,1.4,6.5
2492507,6.7,3.2,2.0,3.3
1119822,5.8,5.2,0.6,4.7
2163858,8.1,5.9,1.5,5.7
2724903,5.1,4.4,0.0,4.2
2063676,2.4,2.1,0.3,6.5
1539907,6.6,4.5,1.1,4.5
6021459,0.5,1.1,1.0,8.5
2445128,8.4,4.0,1.2,4.5
1786302,5.8,4.6,0.9,4.7
1508908,6.7,6.1,1.3,6.3
3458489,5.7,4.9,0.3,7.5
1101215,6.2,5.8,1.6,4.7
1161059,6.2,5.3,1.1,4.8
3189434,8.2,5.1,0.3,5.3
6275,4.3,1.9,1.0,5.4
3031,3.0,2.8,0.5,6.6
1135040,2.4,2.7,0.7,6.6
1150228,3.1,2.3,0.5,6.3
1226307,3.2,1.8,0.9,6.3
1500656,4.0,3.0,0.1,6.9
91291,7.5,7.2,0.6,7.2
1100689,5.7,4.8,0.0,5.7
1970945,6.5,5.4,1.3,5.9
17679,3.2,3.4,0.1,7.7
5645383,6.6,5.8,1.6,4.6
1194181,7.3,5.5,0.8,5.3
81916,6.8,4.3,0.9,4.6
97972,7.2,5.5,1.1,5.2
8816019,4.9,5.0,0.8,5.5
1273434,6.6,4.0,3.1,2.6
1634308,6.6,5.9,4.4,4.7
4222295,2.0,1.0,2.5,4.8
1178034,5.0,5.8,1.4,4.8
2716866,2.4,1.9,1.2,8.4
2849661,4.2,3.5,1.0,7.1
1232623,6.7,4.3,2.2,4.7
1132598,7.6,7.6,0.7,7.3
1196992,5.6,4.2,1.0,4.4
2032650,4.6,3.8,0.3,5.5
1167698,7.3,5.1,0.6,5.1
1171488,7.1,5.8,0.7,5.4
1254168,6.0,4.2,1.7,5.2
4203455,2.0,1.7,0.0,6.8
2677682,6.7,2.7,2.6,4.7
4413520,5.9,5.1,1.4,5.7
2217103,7.2,2.9,1.4,5.0
1188873,6.9,4.8,0.0,5.3
6615319,6.4,4.5,1.8,3.3
1851188,5.6,4.8,1.1,4.6
97374,5.4,2.7,0.5,6.6
7670477,5.2,3.9,0.8,5.4
2932866,4.8,5.4,1.3,6.7
77817,7.6,5.2,0.7,3.6
2211345,7.6,4.8,2.2,5.3
3178915,7.9,6.4,0.0,5.8
1195730,7.3,7.4,0.1,7.4
9356254,0.9,1.8,0.3,8.4
1638094,7.3,5.5,1.9,3.7
2614898,6.7,7.0,1.2,6.7
6350992,7.1,5.9,0.6,4.7
1140878,8.5,6.1,1.4,4.2
1169596,8.0,4.2,2.8,3.4
1825284,0.0,1.6,1.1,7.9
1829771,7.7,5.4,0.0,5.2
9792451,5.2,5.4,0.9,5.7
9617896,3.1,3.4,1.7,5.1
2321059,5.6,4.4,1.7,2.9
1199023,5.5,5.2,1.2,4.7
1197988,5.2,4.3,0.3,5.5
1618982,6.8,4.2,1.9,3.2
8432319,5.5,4.3,1.8,3.7
4219725,2.0,2.4,0.9,6.6
36314,6.8,5.1,1.4,4.0
8362215,6.9,5.7,0.5,5.2
8859805,5.3,4.9,2.7,4.7
1785978,7.8,4.2,2.9,3.4
6353542,7.4,4.3,0.8,4.0
5342613,7.8,4.2,0.5,4.6
12289060,6.8,6.8,0.0,6.8
5445926,6.1,6.2,0.8,5.9
98839,5.7,4.0,1.1,4.5
1126523,8.2,5.1,1.0,5.6
1151759,6.8,5.2,1.2,5.8
1483173,7.6,4.0,2.5,3.4
14640,6.4,4.7,0.6,5.3
7557971,8.1,4.6,0.5,5.4
1394173,6.4,5.9,1.0,5.7
5506323,5.7,6.0,1.3,6.7
8460262,6.2,4.7,2.4,3.9
1174990,6.4,5.7,1.1,6.0
8842939,6.8,5.3,0.0,6.3
2237000,5.9,5.8,1.2,5.6
7481752,2.9,2.8,0.7,6.2
5056642,8.4,4.1,2.3,4.4
1667323,6.6,5.0,0.0,5.0
1160617,6.8,5.3,1.2,6.0
1812152,6.2,5.3,1.2,3.7
6739569,6.8,2.7,2.5,3.3
9885438,4.2,4.9,2.0,6.7
86683,5.9,3.7,1.0,4.3
1837647,6.6,5.5,0.9,6.3
1182494,6.3,4.9,0.4,4.7
1408308,6.7,5.7,0.8,6.3
1150289,6.7,4.1,3.0,2.8
14438,5.6,2.5,0.7,6.1
2816632,6.4,5.7,1.1,6.1
1469500,5.8,4.6,0.0,5.0
1593270,8.0,5.7,0.7,3.5
2023316,6.5,3.7,1.7,2.5
5052432,5.9,5.1,1.4,5.3
2870792,6.3,5.8,0.9,5.8
9598752,8.0,6.9,1.3,8.0
1188591,7.4,4.7,1.3,5.4
1775088,6.1,4.7,2.0,3.6
8862519,4.6,3.7,1.1,4.3
6366812,6.0,4.4,2.0,4.9
1403094,6.1,6.0,0.9,6.0
1222476,6.0,3.9,1.5,4.2
8317551,5.7,4.3,1.4,5.2
77659,5.9,4.1,1.7,3.5
87653,5.3,4.4,0.8,4.4
7191552,3.9,4.3,1.3,4.6
1897072,2.6,2.1,0.2,6.9
1822301,5.9,5.4,0.9,5.8
3868197,8.1,5.4,0.4,5.1
7927867,3.8,3.9,2.1,3.4
5443571,5.2,3.7,1.3,4.2
1574046,6.2,4.8,2.2,2.7
2708788,7.4,3.3,3.6,2.5
1213817,6.3,4.5,1.0,3.5
8558473,4.3,4.5,0.8,4.9
6872613,5.5,5.1,1.9,4.6
3824583,5.2,5.3,0.9,4.6
1190555,6.5,4.2,1.5,4.4
1387244,3.1,2.3,0.2,6.1
10273005,4.9,7.4,0.1,5.7
5795486,6.5,3.9,2.2,4.0
5875108,6.9,7.6,0.5,7.1
1452915,4.8,4.1,0.2,5.2
6202147,6.6,5.1,0.8,5.3
73470,4.6,4.6,0.7,4.9
61114,6.2,4.4,1.9,3.5
1182498,6.0,4.5,1.5,5.5
11578789,4.7,4.0,2.4,4.9
2597369,6.3,4.3,1.9,4.0
6883999,4.8,4.8,0.9,4.0
73257,2.9,2.2,0.0,6.5
1510071,0.6,2.0,2.0,8.1
6910099,0.6,1.0,0.4,8.5
5903169,4.9,4.6,0.7,5.9
1281624,8.4,4.7,2.4,4.8
2562055,6.3,6.6,1.3,5.0
1602782,6.8,2.2,4.1,1.6
5932795,5.6,5.9,1.3,6.8
1100227,6.2,6.1,0.6,6.0
1207803,4.2,0.6,1.1,4.7
1165915,5.5,4.1,0.8,4.5
3393906,6.4,5.8,0.7,5.8
6076141,6.7,5.4,0.1,5.4
2219440,8.1,5.1,0.6,3.6
7145705,5.3,4.6,1.4,2.8
5445061,6.1,4.2,1.3,4.9
4419598,0.0,1.8,0.7,8.0
6206,5.3,4.4,0.9,4.6
3505802,5.8,6.7,1.0,6.4
27334,8.1,4.2,2.7,3.1
2282656,6.4,5.4,0.5,6.4
2552550,6.6,7.6,0.0,7.3
5261965,6.6,5.8,0.3,6.3
92448,6.0,7.6,0.2,8.1
4403008,3.3,2.6,0.6,6.6
1971547,7.1,7.3,0.9,6.7
1926263,3.8,5.7,0.0,5.5
1587115,0.5,2.5,0.6,6.5
2217398,5.4,3.6,1.9,3.3
11543325,6.9,4.9,1.5,5.3
2416901,6.3,3.7,2.7,4.8
2744639,3.0,1.8,0.0,6.8
10247,6.2,6.0,0.8,6.0
2434148,4.2,1.4,1.8,4.2
1205182,3.5,2.7,0.1,6.6
97038,7.6,7.0,0.3,6.9
14517,6.7,5.8,1.2,6.2
1518360,6.7,5.6,0.1,6.1
1143704,4.2,6.8,0.0,5.5
9633044,3.3,2.4,0.0,6.9
1408538,2.1,2.0,0.8,5.9
11270,5.4,6.4,1.0,7.5
20572,6.8,6.8,0.5,4.2
1187116,2.2,1.8,0.7,7.4
1467529,0.3,1.5,1.1,8.2
23733,6.4,6.4,0.0,7.3
1183720,6.7,6.8,0.8,6.6
1374734,4.2,5.0,2.1,6.6
5938625,8.0,5.2,0.4,4.3
7614708,3.8,1.6,1.3,5.1
2816,3.0,2.5,0.5,6.4
1176488,6.2,6.1,1.0,6.0
3586603,7.5,6.8,0.0,7.0
1150203,7.2,5.8,1.4,5.5
1587820,7.2,5.8,0.6,5.3
5850138,6.6,4.5,0.2,4.7
1213994,6.7,6.0,0.0,6.2
77899,6.7,4.8,2.5,3.9
1221559,6.9,4.7,0.9,4.7
1125776,5.8,6.3,0.3,6.5
3954986,8.0,6.0,1.2,7.5
1293338,7.8,8.1,0.3,7.8
1272274,2.0,2.3,0.1,6.8
4642388,6.3,6.1,0.8,5.8
2397514,6.8,1.8,0.5,0.5
1504497,6.6,5.9,0.1,4.8
1442649,4.7,5.2,0.6,5.4
1204925,6.4,7.4,0.3,8.5
17490,6.4,6.3,0.6,6.2
2479000,5.7,3.5,0.3,4.7
5460596,6.8,3.0,0.0,2.4
1102046,4.6,4.3,0.6,4.8
1207842,6.6,5.9,0.1,5.9
65764,8.0,6.4,0.0,3.5
1162130,6.6,4.6,0.0,3.8
1139495,6.6,6.7,1.2,6.6
1488465,5.8,5.7,1.0,5.6
96002,6.4,7.1,0.0,6.3
1257523,3.0,2.3,0.0,6.5
1518584,5.6,2.4,0.6,6.4
1399523,7.4,5.1,0.5,5.1
2300931,7.6,8.0,0.1,7.2
2238743,4.7,5.7,0.3,5.7
1145711,5.7,4.0,1.5,4.2
1668586,6.6,4.8,1.6,4.8
7179295,4.2,6.8,0.0,5.5
8710014,2.6,1.8,1.0,7.0
1107274,5.5,5.6,0.0,6.0
1480557,5.5,3.7,1.7,4.4
10813572,5.7,7.3,0.1,7.6
7750424,7.5,4.5,2.0,3.8
1211486,6.3,5.4,1.0,5.7
5330321,5.6,6.4,0.9,6.1
99087,6.0,3.9,3.2,4.4
1268222,8.5,5.5,1.9,3.5
3936335,5.9,5.2,1.1,5.9
2155788,6.9,5.5,2.2,4.0
1271240,5.8,4.1,0.6,4.6
1182643,5.8,4.6,1.4,4.5
1693444,5.8,5.3,0.8,5.7
2212750,6.7,5.6,0.2,4.3
8356603,5.5,6.2,1.2,6.0
2735953,6.0,5.7,1.0,5.3
2302515,6.8,6.8,0.0,6.8
5433416,5.2,5.0,1.7,5.5
1154856,6.0,4.2,1.3,4.4
1204924,6.1,4.5,1.8,4.4
5946348,0.0,1.6,0.8,8.3
4938585,5.6,5.0,0.5,5.8
7980800,5.6,5.7,0.9,5.8
1369782,5.0,3.5,1.6,3.4
9847054,5.1,5.0,0.7,5.0
1548535,6.7,4.4,0.5,5.0
1978855,5.9,4.2,1.6,4.5
1194415,4.2,4.2,0.5,4.2
9719152,6.4,5.6,1.5,4.7
6874291,6.8,4.2,0.0,4.2
1480974,6.1,5.1,1.8,4.9
6320055,7.8,4.3,0.8,4.8
5793376,5.9,4.9,0.6,5.1
1367703,6.5,6.1,0.5,5.4
2132719,6.4,5.7,0.0,5.9
2333336,8.0,4.1,0.6,4.7
1111659,5.9,5.7,1.3,5.7
1263479,6.0,4.8,0.5,5.7
5197184,6.2,4.0,1.3,4.6
8516607,6.3,4.2,2.9,4.3
1403702,7.7,6.0,0.7,3.8
1202716,5.9,4.1,1.0,4.7
1562615,6.8,4.2,0.0,4.2
98958,7.3,4.9,0.9,5.4
1134571,5.8,6.7,1.5,5.4
4664496,4.8,4.6,2.3,5.1
1712675,6.2,5.8,1.1,6.3
1857260,6.0,3.9,1.1,2.9
1235973,6.2,5.0,1.5,5.0
7427468,5.5,4.4,3.3,4.8
5912963,6.2,4.7,2.1,4.7
1105334,6.2,6.2,1.0,6.4
4013207,6.1,3.5,0.4,5.2
8021389,6.0,4.2,0.0,3.0
2291254,5.2,4.3,3.1,4.3
4541459,5.7,5.9,1.1,5.7
1158582,6.4,5.9,0.3,6.1
1196336,6.0,5.9,1.5,6.1
6981077,5.8,6.3,0.6,5.4
1248739,6.4,4.5,0.4,4.9
3505071,5.8,6.3,0.4,5.8
1744295,8.5,4.1,1.0,4.5
1139252,7.1,4.4,1.1,4.6
1599976,5.9,4.5,1.6,4.6
1315997,5.8,4.5,0.9,5.1
1222533,6.1,5.5,1.8,3.6
1375301,5.6,3.7,1.7,4.5
1251813,7.2,5.6,0.5,4.4
1991390,5.9,5.3,0.4,6.5
1714209,7.2,5.4,1.0,3.5
4750177,6.1,4.7,1.7,5.1
1392332,7.7,4.1,0.8,4.8
3478145,5.9,5.9,1.7,5.9
9440207,6.7,6.7,0.3,5.8
1301320,6.4,3.9,0.9,4.4
1224522,6.0,5.9,0.8,5.9
1446123,5.6,6.3,1.3,4.9
1151276,6.0,4.3,0.8,4.9
6353424,5.4,4.0,0.7,6.2
7201173,6.2,5.8,0.7,5.9
16736,7.2,5.1,1.0,5.9
1212091,6.3,2.8,1.2,3.8
9606234,4.9,4.7,2.5,4.6
1288740,4.7,4.9,1.7,5.4
7551225,5.6,7.3,0.8,5.6
10545083,6.0,4.9,2.3,5.1
7501874,6.8,5.0,1.9,4.4
3288432,5.1,4.0,1.5,4.8
1258529,5.0,4.0,0.3,6.3
1787864,6.7,4.1,1.3,4.4
1952604,6.0,4.0,1.8,4.5
1709661,5.5,4.2,1.0,5.2
1171913,6.8,6.8,0.0,6.8
5203987,5.6,4.3,1.8,4.3
1239755,7.7,5.6,0.0,5.4
2016016,5.8,5.0,1.3,5.8
2568897,5.5,6.8,0.9,5.5
3907111,7.3,6.1,1.4,2.6
1131274,5.9,5.6,1.6,5.7
2846845,7.1,4.9,0.0,4.5
3343395,6.3,4.2,1.0,4.6
15713,7.2,4.7,1.1,4.9
1246882,6.8,4.4,1.8,4.4
1853501,6.2,4.9,1.1,4.8
2026400,6.3,4.5,1.0,5.0
9609642,3.3,5.1,1.5,6.0
1314194,5.9,4.3,0.9,4.8
9076243,5.7,5.7,1.8,5.2
2801731,8.5,5.8,0.3,5.3
11989216,4.5,4.2,3.0,5.0
2135805,2.5,2.3,0.6,7.3
1375237,6.8,6.1,2.2,6.2
1174897,8.0,5.2,0.0,5.4
5364438,4.2,6.8,0.0,5.5
1102970,6.9,4.6,0.5,5.1
5940089,4.8,5.7,2.2,7.8
2160185,7.4,5.2,0.3,5.1
1203825,5.0,6.3,0.8,7.3
2266205,7.1,5.9,0.0,6.9
78472,7.2,4.5,0.9,4.5
1883657,6.2,6.3,1.6,5.5
4807163,2.7,1.9,1.5,6.3
2249280,4.2,6.3,0.0,6.4
5012097,6.7,5.3,1.6,5.5
7027669,6.0,5.7,1.6,5.2
1180657,7.0,4.2,1.7,4.4
1379370,6.5,5.3,1.3,6.0
6802242,7.1,4.3,1.3,4.3
5370725,6.3,4.7,3.5,3.7
4177583,5.8,6.2,1.0,5.8
1267613,7.5,5.2,0.3,5.1
1108213,7.3,7.0,0.2,7.1
2482638,6.7,5.1,0.2,4.6
2443594,4.7,4.2,0.1,7.3
78789,4.3,7.4,0.3,6.4
2211642,5.9,4.2,0.7,4.1
2650491,4.9,3.1,2.5,3.5
1365372,0.7,2.0,0.0,7.4
1169036,6.5,5.8,1.6,4.8
5341015,4.2,6.8,0.5,4.3
1576174,3.0,2.3,0.0,6.3
85935,7.2,5.3,0.7,5.4
2217543,5.5,6.2,0.0,7.2
1697148,6.3,6.7,0.0,7.3
96605,4.7,3.5,2.5,5.5
1915408,6.1,7.8,0.5,8.0
4195549,4.9,5.5,1.6,7.4
5392305,2.0,2.0,0.8,6.2
3812776,0.3,2.3,1.2,7.2
1729758,4.0,2.3,0.6,5.4
1127054,7.7,6.5,0.9,6.0
1150313,5.6,4.5,1.3,4.5
8800791,5.0,5.0,0.1,5.2
21442,4.7,4.6,2.3,6.7
1172285,8.4,2.3,5.2,2.4
6093526,6.3,5.7,0.8,5.4
1515932,8.5,4.7,1.5,4.6
5515829,6.6,5.2,1.4,4.6
1565694,7.4,4.3,0.4,5.4
10105386,7.1,5.2,0.0,3.4
4177745,1.4,2.2,1.3,7.8
3891446,3.8,3.1,0.7,5.9
10437994,6.8,7.0,2.4,8.0
7325465,6.1,5.0,1.1,5.2
6312424,6.2,5.7,0.7,5.9
9847702,6.1,7.1,0.0,8.3
1288112,7.5,4.9,1.3,4.2
5204844,4.6,2.6,0.8,5.4
1103311,7.7,5.4,0.2,5.4
5792928,2.9,1.9,0.7,6.1
2604055,8.4,2.6,4.7,2.8
10019500,6.0,5.7,0.0,4.8
2237702,7.4,4.7,1.4,5.2
3945303,3.6,4.0,1.1,7.3
1571272,8.5,3.7,1.4,4.3
3819289,2.5,2.4,0.6,7.3
1159455,6.2,4.0,2.7,2.9
1201145,1.8,2.0,0.1,6.4
5585597,6.3,4.5,0.5,5.3
2018803,4.1,3.2,2.4,6.3
5109166,3.0,2.9,0.0,6.6
1460633,5.9,5.6,0.4,6.0
1256592,6.5,4.6,2.3,3.7
1203346,6.7,6.9,0.0,6.6
1225494,4.4,3.3,0.0,6.9
1872024,4.5,7.0,0.0,7.0
1881120,7.8,5.1,0.6,4.6
1192469,3.2,2.3,0.7,6.4
1207774,6.9,3.9,1.6,5.5
7188004,3.0,1.9,1.1,6.9
23768,6.2,5.8,0.9,7.5
2917,3.9,3.6,0.5,7.3
10032317,7.6,5.6,0.4,5.7
2458636,4.5,6.0,2.1,4.7
1449462,7.1,5.7,1.5,6.1
5261745,6.8,5.3,1.9,5.4
1200540,6.3,3.9,1.4,4.7
1177331,8.0,5.5,1.2,4.5
16966,7.9,5.7,1.2,4.5
2213100,8.1,4.7,2.4,4.0
2269253,5.4,4.3,1.4,4.9
2498798,5.0,4.0,2.8,7.2
1309861,6.9,6.4,0.6,6.6
5394414,8.2,5.3,1.7,5.0
4092735,6.8,5.4,0.5,6.1
77754,6.7,5.8,2.1,4.2
1180988,8.5,4.3,2.1,5.4
1661503,4.5,3.4,0.4,5.0
1203655,4.5,3.8,1.1,5.8
20459,3.3,2.5,0.4,7.2
2078334,4.7,3.7,0.9,6.9
1270154,4.0,3.0,1.6,7.0
1647049,4.2,3.7,1.7,7.4
1186476,4.2,3.2,1.3,7.4
1178284,4.2,3.1,0.8,7.2
1211610,3.2,1.8,1.0,6.6
1109691,7.1,7.1,0.9,6.3
1826203,4.8,3.2,1.8,7.3
92320,4.0,1.9,0.5,6.4
87560,4.6,3.8,1.3,5.4
79235,4.2,3.1,0.9,6.8
1186486,5.3,3.6,2.0,7.0
1158778,4.5,3.3,1.4,7.0
3952759,6.9,4.6,0.8,4.8
2015090,4.6,3.1,2.1,6.6
1458126,4.6,3.4,2.6,7.3
1218776,6.3,5.6,0.4,6.1
1495399,4.3,3.6,1.7,7.1
1633841,4.5,3.4,1.2,7.6
1811879,3.8,2.9,0.9,7.1
24084,4.3,3.7,1.3,7.8
1156988,4.7,3.6,1.6,7.4
1892898,4.5,2.2,0.0,6.4
1133308,3.8,3.2,1.3,7.2
6058503,4.7,3.9,1.3,6.9
1978253,7.6,7.5,0.9,6.7
1895206,4.1,3.3,1.9,7.1
1259901,4.1,3.2,0.0,6.8
7260608,3.2,2.8,1.5,6.2
92275,4.2,3.6,1.0,7.1
100044,3.5,3.1,1.8,7.4
1617795,3.7,3.0,0.5,7.2
5670052,4.2,4.1,0.7,7.4
2659159,4.1,3.0,1.1,6.5
2273709,4.3,2.9,1.8,7.0
1451659,4.8,3.8,2.1,7.9
1660190,3.5,2.3,2.1,6.6
2357898,4.3,3.3,1.4,7.4
1137844,4.5,3.2,1.7,7.3
1404040,4.5,3.6,1.3,7.0
98355,4.8,3.5,0.7,7.7
779443,4.2,3.3,0.8,7.5
1696352,5.0,3.1,1.4,7.2
2833,4.9,3.6,1.2,7.1
1545091,4.8,4.0,1.2,7.2
2376338,4.2,2.9,2.0,6.8
1629715,4.6,3.6,1.3,7.2
1890979,4.3,2.9,0.0,6.9
24111,4.1,3.6,1.4,6.5
1132941,3.9,2.9,0.9,7.0
1267815,4.5,3.7,1.4,7.0
36404,7.4,7.1,1.0,6.5
2809,4.6,3.8,0.8,7.0
1780492,4.1,4.1,0.0,7.7
24112,3.6,3.5,1.1,6.7
1241604,4.5,3.5,1.9,7.2
1098851,8.1,6.9,0.9,5.6
24068,4.6,3.3,1.4,6.9
3891171,4.2,3.4,1.2,6.9
779441,4.3,3.3,1.2,7.3
92280,4.0,3.4,1.6,6.9
1371028,3.7,3.3,0.0,7.3
1101360,5.1,5.5,1.6,6.7
1145963,4.4,3.6,1.2,7.5
1757567,4.7,3.3,2.2,6.8
1986510,5.1,3.5,0.6,7.6
1218737,3.4,2.8,0.6,6.6
16529,4.5,3.8,1.9,7.5
1787193,5.8,4.2,1.8,7.0
99969,4.4,3.2,2.2,7.2
1227645,4.6,3.5,1.4,7.1
1099912,7.9,4.3,1.8,4.6
1127821,3.9,2.7,2.5,7.1
2120060,4.3,3.3,2.2,6.7
2900,4.3,3.5,0.4,7.1
2835,4.9,4.0,1.7,7.6
1801505,4.6,3.7,0.9,7.1
87552,7.6,3.7,2.0,4.5
5291228,5.5,3.8,1.1,6.6
1142819,6.3,4.6,1.7,5.4
2127522,5.0,1.9,0.9,6.0
98131,8.5,4.1,1.2,4.6
1633672,4.0,2.9,1.9,6.5
1133293,4.2,3.4,0.6,6.5
1883038,4.3,2.9,1.6,7.4
3072507,5.1,3.9,0.7,7.0
1691400,4.0,2.9,2.2,5.5
1679833,4.2,3.7,2.4,7.0
1557621,6.2,5.5,1.6,5.8
779442,3.9,3.3,1.3,7.4
4219319,3.6,4.5,0.2,7.9
1300947,4.4,3.5,1.7,7.1
2832,4.7,3.0,0.4,6.8
2894358,4.6,3.9,0.7,7.1
2286582,5.0,3.3,0.6,6.7
1557437,3.3,2.5,1.1,6.3
1806342,3.2,2.2,0.3,6.7
5233399,3.4,3.8,0.7,7.1
1099253,4.7,3.3,2.6,6.6
1449290,6.1,3.8,1.0,3.8
1468357,7.6,6.6,1.0,6.2
1213237,0.6,1.4,0.4,8.0
1305843,6.3,5.9,3.1,6.9
1926331,6.8,5.6,0.8,6.3
1238406,8.4,2.4,4.7,2.3
5889410,4.7,3.6,0.5,7.0
1182328,5.2,6.3,1.0,6.7
1672879,6.6,6.0,0.8,5.8
2495554,6.2,4.2,1.7,3.2
1830429,7.1,5.2,1.3,4.5
73249,3.2,2.4,0.2,6.2
2504090,3.3,2.4,0.3,6.2
1108986,3.7,3.4,0.5,7.3
1290800,2.2,2.4,0.4,6.3
3268135,5.4,3.7,1.1,7.1
5938696,6.3,5.9,0.8,6.1
1197660,4.8,4.5,1.6,7.4
6791289,6.6,8.0,0.0,6.0
1793403,3.1,2.7,0.0,6.8
1534504,6.8,4.2,1.1,4.7
1469025,6.6,4.8,0.6,5.9
1870660,3.2,2.5,0.2,6.1
2492848,3.0,2.3,1.1,6.4
1274903,2.5,2.9,0.0,5.8
2685622,6.2,6.1,0.8,4.0
1187063,7.1,5.8,0.7,5.3
1138339,3.9,5.6,0.2,6.1
5388532,8.0,5.2,1.1,3.2
1232167,6.4,7.8,0.2,8.5
1146050,7.0,6.3,0.0,8.5
1103079,7.0,5.1,1.5,5.4
1102233,6.5,6.0,2.0,4.6
2039507,4.4,4.6,2.5,7.5
1164605,6.1,5.8,0.8,4.8
1899406,6.3,5.4,1.1,6.3
5352136,5.6,4.4,1.6,4.3
1162863,5.5,2.5,0.9,6.5
1167379,7.0,5.5,0.5,5.3
1128310,7.6,6.7,0.6,6.3
5263627,3.8,3.0,0.8,6.3
27204,4.5,0.4,1.2,4.7
1315828,3.9,2.0,1.1,5.3
6839757,3.3,2.5,1.3,6.4
1175809,4.6,3.2,2.5,4.8
2745767,3.0,2.9,1.1,6.5
1564269,6.6,6.1,0.8,6.2
15813,7.9,4.3,2.5,3.1
96903,2.2,2.5,1.2,7.7
1127053,7.4,4.7,1.0,5.0
1815666,6.2,4.0,1.7,3.4
1392078,3.4,2.3,0.0,6.6
2852168,5.2,5.5,0.2,6.0
1099139,8.3,4.6,0.2,4.7
76177,7.7,4.6,1.0,5.0
1413868,5.8,7.7,0.3,8.1
11825918,4.4,4.4,1.6,5.1
9325828,6.9,7.6,0.6,7.3
3841310,7.8,5.0,2.1,5.5
2594208,3.6,3.0,0.0,6.3
1136182,8.4,4.0,1.0,4.4
1171794,5.7,2.3,1.4,6.5
93240,6.3,5.4,0.9,5.4
1491042,7.7,5.0,1.0,5.5
6660921,7.7,7.5,0.5,7.5
2121743,7.1,6.6,1.1,6.1
1571620,5.5,5.1,1.1,4.2
1149281,8.2,2.4,4.7,2.5
1184927,7.0,6.8,0.0,7.2
2230710,4.0,3.1,0.5,6.3
1320717,5.3,4.2,0.4,4.6
1523849,3.7,2.7,1.1,6.5
1210601,8.5,5.3,1.0,4.3
1868925,5.6,2.5,1.7,6.7
85207,4.8,6.2,0.9,6.5
6111381,6.4,6.3,1.0,6.0
1492236,4.6,5.2,0.1,7.5
7753751,6.0,7.4,0.2,8.3
6314859,7.2,7.6,0.2,6.6
1272673,5.4,5.7,0.7,7.3
1970195,4.2,4.2,1.8,8.0
1117097,3.1,3.9,0.2,7.3
2651,6.4,3.0,1.0,2.5
5886001,7.1,4.7,1.6,4.7
80398,6.3,4.3,1.2,4.0
1168360,6.4,6.0,0.6,6.5
1258465,5.3,4.3,0.9,3.0
1211987,2.2,2.2,0.0,6.7
1162071,6.4,7.1,0.5,8.1
1780094,5.7,7.1,1.0,8.0
3050577,4.0,2.9,3.7,4.6
2802841,6.3,7.7,0.1,8.5
2264136,0.2,2.1,1.5,7.4
1784002,6.5,4.4,0.8,4.3
1174664,7.4,4.8,1.1,3.6
3084963,5.7,4.7,0.0,6.5
5928887,7.9,4.9,2.0,3.5
1084217,8.2,3.7,0.7,4.3
1222720,6.6,4.8,0.8,4.2
1702557,6.0,5.1,1.3,5.9
2945399,8.5,5.1,1.3,5.4
8696354,3.2,4.1,1.8,6.5
1638158,5.8,4.5,1.6,6.3
5954030,7.0,4.5,1.4,2.2
6121551,5.6,5.5,1.1,5.5
1888429,7.0,5.0,1.0,5.4
8859887,6.4,4.4,1.7,4.0
10072466,6.0,7.1,1.2,6.2
19577,4.8,5.8,0.7,6.5
9523775,5.3,4.1,0.0,4.8
1125266,3.6,1.5,0.8,4.5
1198974,7.2,5.8,0.5,5.3
6123011,5.7,6.6,0.4,4.7
1981094,6.5,4.9,0.4,4.8
1629874,6.2,3.2,2.2,3.6
2101093,7.4,5.8,1.1,5.2
6633799,6.6,6.3,1.6,6.1
1236752,8.5,7.5,0.8,6.2
1101258,6.8,5.5,1.6,5.9
9626837,4.4,3.8,0.2,5.2
9477346,4.5,3.4,1.5,4.7
4677325,8.5,6.0,1.1,6.4
8808959,5.5,6.7,0.0,5.2
6529048,4.0,4.1,0.7,5.8
8257987,5.4,3.9,0.7,4.7
6659526,7.9,7.7,0.0,7.2
8838402,5.8,4.3,1.3,3.0
1540040,0.0,1.5,0.4,8.5
5762647,5.4,4.2,2.0,4.1
3917808,4.9,3.8,1.0,4.9
2476891,6.8,4.2,0.5,1.8
1225844,5.1,5.3,0.3,6.4
1184084,3.1,2.3,0.2,6.2
5924661,5.9,8.0,0.0,8.3
1109281,6.3,4.2,1.7,3.0
1126960,6.8,4.5,0.8,4.8
10366851,6.6,5.5,1.0,5.4
92922,3.0,2.2,0.5,6.3
1245706,6.5,3.0,1.9,3.6
1134564,5.5,3.6,2.4,3.8
1259104,6.5,5.1,1.2,4.5
9548998,6.8,5.5,0.6,4.5
1123503,5.4,5.6,0.0,5.0
1665973,6.2,5.4,1.0,4.3
1826191,5.7,4.3,1.0,2.0
2201616,7.2,6.9,0.3,4.9
1372488,8.1,5.0,1.6,5.2
1872687,6.2,3.3,0.9,5.9
1274806,6.8,5.9,1.2,4.4
1179350,6.5,4.8,0.4,4.5
1162582,5.2,4.3,0.7,5.4
1139544,7.5,7.4,1.0,7.2
7110430,2.8,4.3,0.0,5.8
1635819,4.8,3.7,1.8,4.8
7689223,5.3,4.7,2.7,4.7
6369211,6.7,5.1,1.3,4.0
4275592,6.0,7.9,0.3,8.3
2483309,7.2,4.9,0.6,5.2
1439771,6.6,4.7,0.7,5.3
9096557,6.8,6.8,0.0,6.9
1204279,6.3,4.8,1.8,5.3
2636458,8.5,4.9,2.2,3.7
3329228,7.6,4.5,2.3,3.4
1278100,6.6,4.6,1.1,4.5
3202208,5.4,2.3,0.5,6.9
3428985,6.7,4.1,1.0,2.1
3957489,5.4,2.5,0.3,6.4
7268818,6.0,4.0,0.9,4.9
2050064,6.6,5.8,0.6,6.2
6202115,6.7,3.6,3.9,2.7
5907648,6.7,5.2,2.0,3.6
5418467,4.5,3.4,2.0,5.1
2401789,5.5,4.5,0.3,3.5
80081,6.0,5.5,1.4,4.5
1136094,3.4,4.7,1.0,6.2
6472793,4.4,3.3,2.2,5.4
6815463,6.1,4.5,0.5,5.1
1150741,6.4,4.6,1.5,3.6
6820967,5.3,4.2,2.9,4.4
6219038,6.3,4.1,3.1,3.3
9799920,4.3,4.8,0.1,5.6
7218028,6.5,5.1,1.1,5.3
7859646,4.2,6.8,0.0,5.5
3433822,6.5,4.5,0.8,4.7
83825,8.2,4.8,1.4,5.3
1713585,6.0,3.9,1.7,3.4
9782012,4.8,1.8,0.0,5.6
2558243,5.1,4.7,0.9,4.6
6388509,6.0,2.9,0.5,6.0
10196218,6.0,5.3,0.5,5.4
1190704,6.7,3.5,1.5,2.7
1191483,4.9,4.2,0.5,4.7
3745869,6.3,4.6,1.1,3.0
7945528,5.5,6.7,0.2,6.5
1183158,6.5,5.7,0.9,6.2
1160766,6.2,4.3,2.8,2.9
81211,4.8,3.8,0.8,7.1
1382462,6.7,5.7,1.6,6.1
5773,6.1,8.0,0.2,8.1
5443219,6.6,6.2,1.4,6.2
11830,7.7,3.9,2.4,5.4
1132785,4.8,5.7,0.6,6.4
1560905,6.3,8.1,0.0,8.5
2430168,4.8,5.9,1.1,6.5
18796,5.6,4.7,0.7,4.6
1803069,6.8,4.5,0.0,8.0
5206961,5.3,3.9,3.1,3.0
1152982,7.1,5.5,1.1,2.4
1161179,6.4,8.1,0.3,8.2
2160538,5.9,7.4,0.3,7.9
1172486,7.3,5.4,1.1,5.2
81848,6.2,6.4,0.8,7.2
16342,6.8,6.7,0.7,6.4
1446275,6.5,7.4,0.6,8.3
1658,6.6,6.4,1.1,5.3
88009,4.9,4.4,0.9,5.0
7709274,5.6,4.9,0.9,4.2
7026145,7.1,4.9,1.1,5.6
1647685,4.8,6.0,1.5,6.3
7356283,6.7,5.0,1.5,5.5
1994112,6.5,6.1,1.2,5.7
1108737,7.1,5.4,1.0,5.2
84760,8.2,3.9,0.5,4.5
61744,6.2,6.3,0.7,7.2
14874,6.8,6.3,0.8,6.3
6636,7.2,6.5,0.5,6.6
2724667,7.2,5.9,0.7,6.2
1412727,5.2,4.1,2.8,3.3
28104,6.5,4.0,1.0,4.4
4241024,4.7,6.0,1.3,6.4
80472,7.2,7.6,0.8,7.4
1127745,7.9,3.1,5.1,2.9
94752,5.2,4.4,1.2,4.7
1206912,3.3,2.4,1.0,5.8
16778,7.0,5.4,0.9,5.2
1128526,7.1,5.4,0.8,5.4
1840856,3.6,2.2,0.0,6.5
1563086,7.8,5.4,0.2,6.0
1184188,5.6,4.2,1.6,4.5
75318,6.1,7.8,0.7,8.2
1153702,7.3,5.7,1.0,5.3
7290338,6.9,5.7,0.0,5.6
16587,8.5,5.5,1.1,6.3
1451951,6.5,5.6,1.0,6.4
1274818,5.5,7.4,0.8,8.1
8998706,4.5,2.6,1.5,6.3
87242,4.2,3.2,0.2,7.3
1253823,4.8,5.7,1.5,6.2
1167555,7.4,5.6,1.0,5.2
75816,5.6,4.4,1.7,4.4
11822,6.0,6.7,1.2,8.3
9712,5.2,5.7,1.2,6.3
2750218,4.3,3.5,1.5,6.5
1269058,3.9,3.1,0.8,7.3
1498074,4.2,3.7,0.5,7.4
1696799,6.4,6.5,1.8,5.2
2539047,7.9,5.1,2.3,5.3
1815148,7.9,4.7,1.4,5.5
75764,6.3,7.7,0.8,8.3
22721,5.5,4.7,1.1,4.8
1135626,6.6,6.6,0.8,5.5
6431641,2.1,2.8,0.0,7.3
1128998,5.0,3.8,1.3,7.0
22317,6.9,6.1,1.5,5.4
1966359,6.8,5.5,2.3,5.5
1507186,6.2,7.4,0.0,7.9
16833,5.6,4.5,1.4,4.6
1112169,4.2,3.0,0.0,8.0
13632,7.1,7.4,0.7,7.2
11001,6.4,6.1,1.2,6.1
2439813,6.4,4.3,0.7,4.5
9220,6.1,6.2,1.0,7.1
1163208,0.3,2.9,0.2,7.4
49734,6.9,5.9,1.1,4.7
79814,6.5,5.6,1.3,6.0
15636,4.4,5.7,0.3,6.3
1291524,8.3,4.2,3.3,3.0
19250,6.3,7.6,0.7,8.1
1160530,6.5,7.7,1.0,8.0
7078132,4.6,6.1,1.8,5.2
99917,3.1,2.5,0.5,6.2
1127692,3.6,2.4,0.9,6.3
5016312,5.8,7.4,0.2,8.0
1218242,4.3,3.2,0.9,7.0
1772604,4.2,3.1,1.2,7.1
7962425,5.5,3.0,0.7,4.3
7495,6.8,6.5,1.3,6.3
9594951,6.3,6.1,0.1,6.4
1161631,4.8,6.0,1.2,6.5
2034907,6.8,5.8,1.1,6.2
1447267,6.2,7.7,0.3,8.2
2144510,6.2,7.9,1.4,8.2
1919561,4.5,3.2,1.3,6.7
98062,4.0,3.0,1.7,6.7
5123871,5.9,3.6,0.0,8.0
1560732,5.5,6.6,0.0,7.7
4903947,3.0,2.5,1.8,6.7
1981344,5.5,7.3,0.3,7.9
1190091,6.6,5.0,1.0,4.5
4596862,4.1,4.8,1.2,8.2
1902392,7.7,4.3,2.1,3.4
9224619,6.9,5.4,1.3,5.4
1407862,5.5,4.0,1.3,3.7
8935014,3.0,2.7,1.2,5.8
1154129,6.7,4.2,3.1,5.3
1789051,6.4,7.9,0.4,8.4
1866365,2.1,2.2,0.3,6.2
80283,2.4,2.3,0.0,6.5
1241840,5.4,5.4,0.5,5.4
2795073,6.5,6.3,0.6,4.9
1478575,8.4,5.8,1.1,5.6
3974719,8.5,4.8,2.5,3.4
6273634,4.1,4.7,1.5,5.3
6864395,6.5,7.6,1.5,7.5
5033838,4.7,5.6,0.2,6.2
5749218,6.6,7.4,0.0,8.1
78720,8.5,2.4,4.7,2.4
5672846,8.4,4.8,1.8,3.5
10568028,5.9,4.2,0.0,4.2
11880568,5.2,4.3,2.9,4.2
1486340,6.3,6.9,0.9,7.5
1751034,3.4,2.3,0.9,6.0
1697791,2.6,1.6,0.8,6.2
1161172,8.5,3.8,0.6,4.4
7706865,6.7,6.3,1.7,5.8
2247558,3.8,5.1,0.5,8.1
1986204,6.3,5.7,1.4,7.5
3892611,3.0,4.1,0.0,6.9
1232315,7.5,5.2,0.2,4.7
99975,5.2,4.5,0.8,4.5
1524519,2.8,1.8,1.2,6.0
1421783,5.7,4.6,0.7,4.6
11272137,4.7,5.6,1.6,6.1
1694427,7.6,5.1,2.4,3.0
1219218,7.1,4.1,1.8,4.2
1412079,6.1,4.1,2.8,4.0
1810514,3.9,2.7,0.0,6.3
8743337,6.3,5.3,1.2,5.4
1219497,2.8,2.7,0.0,6.6
1378641,5.7,4.5,0.7,4.6
6280267,3.1,1.8,2.4,5.6
2291816,6.3,5.3,1.4,5.6
2157986,3.1,2.4,0.0,8.4
2147110,3.0,2.1,0.3,6.3
1197961,6.3,4.3,0.4,4.6
6302287,6.8,5.3,0.7,5.9
4922633,6.7,7.2,0.7,7.3
6097331,6.0,6.4,0.2,5.9
1875114,6.3,5.4,0.1,6.6
5314500,3.4,3.1,0.0,6.3
1630217,4.3,4.3,1.5,4.5
11060935,4.8,4.6,2.8,4.7
1453427,3.5,3.7,0.8,6.3
2503959,0.9,2.6,0.7,7.2
91999,8.5,2.9,4.5,2.7
5325292,3.3,4.5,2.4,7.6
1794,6.2,7.4,0.3,8.1
2445883,0.2,0.8,0.1,8.5
1555217,3.0,1.5,0.0,7.6
2392780,7.5,4.3,2.0,3.2
5548710,5.7,4.8,1.4,5.5
94540,7.9,4.0,2.8,3.1
1574051,6.5,4.4,1.8,4.2
4952718,2.9,2.0,0.9,4.4
5545402,2.7,1.5,0.0,7.0
8795982,4.2,2.5,0.8,6.1
7584610,6.8,6.6,1.9,3.6
1179888,4.5,4.1,0.3,4.7
1215843,7.1,5.7,1.3,5.9
6162,8.5,4.7,2.2,4.3
7513068,6.3,4.9,2.5,4.5
5977895,8.3,2.4,5.0,2.6
2513713,4.4,3.4,0.7,5.2
11745,5.4,4.3,1.0,4.6
8371816,4.2,6.8,0.0,5.5
6794822,2.3,2.8,2.5,6.1
4227595,6.2,8.5,0.3,8.5
1547904,2.7,2.1,1.4,7.0
1618638,3.1,2.1,0.5,6.4
5528708,4.2,6.8,0.5,8.0
4637099,6.7,2.2,0.7,3.0
2007832,0.7,1.4,0.1,7.9
9292434,6.0,6.8,0.8,7.4
2595792,5.8,5.8,1.9,5.1
7015937,4.2,2.8,0.2,6.1
5968280,8.2,6.0,0.7,3.7
3305742,7.8,2.5,4.5,2.8
1536838,3.8,3.1,0.0,6.5
80371,7.2,5.0,0.8,5.5
83001,3.0,2.2,0.0,6.9
75819,4.9,4.3,0.9,4.9
1182385,5.6,4.6,0.8,4.7
1174854,5.1,5.6,0.8,6.3
80282,2.2,2.2,0.7,6.5
2137768,4.4,2.0,1.2,5.2
98103,5.0,3.4,0.8,6.6
6400433,3.8,4.1,3.0,7.2
1891824,6.5,5.9,1.5,6.3
6798684,7.6,5.4,1.3,3.8
1652144,2.7,2.1,1.0,6.2
1709086,8.4,4.9,2.7,4.9
1685206,0.0,1.8,0.2,8.0
4564212,6.4,6.7,0.0,6.6
1391582,8.5,4.4,1.0,4.4
1166126,7.7,8.4,0.0,7.6
1153607,5.3,5.7,1.0,6.4
779409,3.0,3.6,0.7,6.8
1237423,7.2,6.5,0.3,7.0
12210,4.1,5.4,0.4,6.2
1621039,3.3,2.2,0.1,6.5
1182208,4.8,5.3,0.0,6.9
1165261,6.9,8.4,0.0,8.5
1634420,3.5,4.7,0.5,5.2
10553017,4.2,3.0,0.0,8.0
1563208,5.2,4.5,1.2,3.7
1293974,6.4,7.5,0.3,7.9
8795341,8.5,4.7,1.6,3.8
1110997,4.9,3.8,0.0,5.3
9261,8.1,4.9,2.2,3.5
1691,4.2,3.4,0.3,5.0
9490,5.3,7.9,0.3,8.5
1207203,7.4,6.5,0.6,6.2
3329191,5.8,3.0,0.7,6.2
11220919,3.4,3.9,0.0,7.2
11688123,5.1,4.3,3.6,4.2
2084692,4.2,2.4,0.0,6.8
1495815,6.8,5.1,1.8,4.2
12330059,5.6,4.0,1.2,5.4
1158245,2.9,2.0,0.6,6.5
12262,6.7,5.4,1.8,5.9
1384140,3.7,3.3,0.4,6.5
7413124,5.6,5.9,1.2,5.0
1209572,7.2,4.6,0.6,2.9
1904357,3.4,3.4,0.1,7.9
7547372,4.2,6.8,0.0,5.5
95418,3.3,3.3,0.6,6.7
9302008,5.5,6.0,2.0,6.7
1237903,5.9,3.4,1.7,5.5
1567167,6.6,7.5,0.0,8.5
6347116,7.2,4.9,1.8,3.9
5474641,5.9,8.5,0.0,8.5
8606387,3.6,3.0,1.8,5.5
6359540,2.1,1.8,0.0,6.8
1169877,5.1,6.3,0.9,6.5
4278301,3.1,2.4,0.8,6.7
1166503,6.2,3.4,3.7,1.7
1200321,6.1,4.3,1.2,2.9
8070410,6.6,5.5,0.0,5.3
1182247,6.3,6.5,0.0,6.6
8470,4.2,2.1,0.9,5.4
12276291,6.4,2.2,1.4,4.8
6572981,5.9,5.2,1.1,4.9
2284119,5.4,4.5,1.4,4.6
9534776,5.8,4.5,1.8,4.2
1166810,7.2,7.0,0.0,7.1
12315152,5.3,5.1,1.7,5.8
6397008,4.1,4.0,0.9,5.1
2037045,6.7,5.0,0.7,2.7
12499807,8.5,4.2,0.0,4.2
1481979,5.3,4.3,1.1,4.9
4488637,3.0,2.4,0.7,5.4
1887,6.9,4.9,1.6,4.6
1857024,3.8,3.0,0.1,6.3
1406664,4.7,4.7,1.9,6.5
6096247,3.0,1.7,0.0,6.8
1647655,7.7,5.7,0.7,4.5
1681369,6.9,4.9,0.0,4.3
1313527,3.0,2.4,0.3,6.4
779347,2.6,1.7,0.1,6.7
2378885,4.8,4.0,0.8,6.5
6960160,7.7,6.9,0.0,3.9
1576052,4.6,3.0,0.0,6.4
1128392,2.3,2.6,0.2,6.5
16117,2.7,2.3,1.1,6.3
9868658,7.3,4.5,0.9,5.0
2033425,6.7,5.2,0.2,8.0
10328058,6.2,8.0,0.0,8.0
3733,8.5,3.2,3.1,2.0
1500521,6.5,4.5,2.6,3.1
2144074,4.5,5.7,0.6,6.7
2719905,3.8,2.3,0.0,6.8
1629681,3.2,2.4,0.0,6.8
6184546,6.0,6.7,0.9,7.0
5939885,3.1,1.6,0.0,5.5
9266706,5.3,5.3,1.7,5.3
10624155,4.2,1.6,0.4,4.6
6783344,6.8,4.6,2.2,4.3
2445451,7.5,5.5,1.6,4.5
86317,3.7,1.9,1.1,5.1
5805371,6.3,6.2,0.7,6.0
2123571,3.8,2.1,0.5,6.8
6289,3.8,2.2,0.3,6.7
2031360,0.7,1.1,0.6,8.5
1229812,8.4,5.0,1.9,5.2
1297769,3.6,3.4,0.0,6.5
2474333,2.4,2.3,1.1,6.3
12568955,4.2,4.2,2.3,6.2
3133324,7.9,2.2,4.8,2.9
75403,3.3,2.1,0.0,6.0
5310395,2.4,3.0,0.7,7.2
2287964,0.1,2.7,1.0,7.8
1117020,2.5,2.5,0.8,6.4
1648179,6.8,4.6,2.2,4.2
1172589,7.1,7.0,0.3,7.5
11587043,7.8,4.0,3.1,2.8
15634,4.4,5.7,0.3,6.4
1323302,7.3,7.1,0.5,7.2
1174560,7.4,7.5,0.9,7.5
6126939,6.4,3.7,3.0,2.8
15944,4.6,5.5,0.5,6.4
5297590,2.2,2.1,0.2,8.0
1759418,2.6,2.3,0.9,6.5
4706814,5.8,7.5,0.6,7.8
7238549,4.1,2.6,0.7,5.6
2847401,8.5,5.4,1.6,4.7
1665120,6.5,5.8,1.0,6.1
5147682,6.8,6.8,0.5,4.2
1215528,6.8,5.6,0.8,6.3
2119338,6.8,5.4,1.3,6.0
1131302,6.3,5.5,0.8,5.9
2814057,3.7,2.7,2.1,5.4
2020299,6.6,4.2,3.3,5.6
89738,6.0,7.3,0.2,8.2
1102322,5.1,5.0,1.2,7.6
778841,8.5,3.9,1.7,4.3
2272696,6.8,5.1,3.0,4.4
1412401,2.9,1.7,0.6,6.6
2888339,6.5,4.9,2.5,5.1
2269266,3.5,3.5,1.2,7.6
1190912,6.6,7.1,1.1,5.6
2169215,4.5,5.0,0.9,5.6
2655015,5.1,3.2,0.7,5.3
5910472,5.9,5.8,1.2,6.9
1591157,8.5,4.4,1.0,4.6
1273566,4.2,4.6,0.0,6.0
1172088,7.0,3.8,2.8,2.8
1170285,6.5,8.2,0.0,8.2
1721874,6.7,5.0,1.4,5.9
9439643,7.1,5.2,1.6,4.3
1277509,7.0,4.1,2.0,2.9
1478207,6.4,5.2,1.8,7.4
7540649,4.1,3.2,0.0,5.9
1199123,7.4,6.6,1.2,6.0
1066,7.3,4.7,1.4,5.1
1870600,5.4,4.2,3.2,4.6
1718860,6.2,4.2,2.5,3.5
1201550,0.5,2.4,1.0,7.5
1723183,3.6,6.3,1.5,4.9
1994182,5.5,4.7,1.0,4.9
6771473,6.4,4.7,0.9,5.2
2327757,3.5,2.5,0.4,6.8
2050419,0.4,2.7,0.8,7.4
1408390,5.7,5.5,0.2,5.5
1441870,7.3,5.1,1.3,4.9
1926166,6.9,6.0,0.8,6.7
1488747,3.7,3.2,0.5,7.3
1787,6.2,7.1,0.2,8.1
11468591,8.5,4.2,2.2,3.5
2511582,7.6,5.5,1.6,3.5
1514374,8.0,5.2,1.9,3.1
1478816,1.1,2.6,1.0,8.4
1108034,7.7,4.8,1.6,5.5
8837086,6.7,5.4,2.0,5.3
5645386,4.2,6.0,0.0,5.4
1578816,4.0,2.9,0.6,7.3
2127905,6.2,7.7,0.3,7.7
1618635,4.4,3.2,0.4,6.8
1251528,2.8,2.3,0.0,6.5
1107972,5.1,4.0,0.0,7.0
1564068,3.1,2.4,0.5,6.5
1497705,6.6,6.7,0.8,8.3
1782348,3.8,2.6,0.0,6.2
1216033,5.5,4.5,0.7,6.5
2703830,4.4,2.9,1.6,5.9
2540053,0.8,3.9,0.4,7.7
1980324,6.2,6.9,0.3,8.0
1919846,5.3,4.1,1.3,6.6
6211365,5.1,5.2,2.9,6.6
1758645,8.4,5.2,2.7,4.8
9253,8.3,5.0,2.4,3.5
4807457,8.1,7.1,1.5,5.6
3738370,7.5,5.6,0.7,3.3
1200748,7.0,6.7,0.6,6.5
1163413,7.5,7.3,0.5,7.4
1373274,2.5,2.1,1.4,6.5
1099112,8.3,3.9,1.1,4.7
1716879,7.8,4.2,1.8,4.6
1217230,6.9,4.4,0.2,4.6
1931269,6.2,6.3,0.6,5.5
2727302,5.9,5.9,0.5,4.6
1614321,5.5,8.2,0.8,8.5
1218431,5.3,6.2,0.4,7.4
1975787,6.1,5.5,1.8,4.9
1914259,7.1,5.1,1.6,4.8
1218210,8.5,5.7,1.5,6.3
9375801,4.3,3.3,2.1,3.7
10017445,8.5,5.9,0.6,6.4
1134333,8.3,5.7,1.4,5.5
1645873,8.3,5.2,1.3,5.1
1911534,8.3,5.1,0.9,6.2
1205587,8.3,5.7,0.3,5.3
1203578,8.5,5.8,1.3,5.5
1472167,8.5,5.6,1.1,5.5
1145116,8.4,5.5,1.8,5.4
11591411,8.4,4.4,0.0,3.1
9050019,8.3,6.6,0.6,4.0
10021,8.5,6.4,0.9,6.3
10023,8.5,6.6,0.4,6.3
10022,8.5,6.7,0.9,6.5
6735534,6.7,6.1,2.2,4.9
6767257,5.0,3.6,2.8,3.5
3715,8.4,6.8,1.1,6.6
11310310,5.8,4.9,1.9,4.7
1695288,8.5,5.6,0.9,5.2
82043,5.1,3.2,3.7,4.0
1719376,8.0,5.3,1.0,5.2
1513317,6.5,4.4,1.8,5.4
1395643,7.7,6.5,2.5,4.5
2284774,4.0,3.8,1.2,4.7
2001547,8.1,4.8,1.4,4.3
4460897,4.9,4.1,3.2,4.4
9327399,6.2,6.7,0.2,5.9
10505739,5.7,3.8,2.9,3.7
9343216,7.9,6.4,0.6,5.5
17817,8.5,5.4,1.2,5.3
17818,8.2,5.7,1.1,5.5
1752084,8.1,5.3,1.4,5.3
10423489,8.0,5.8,1.1,4.4
9958,8.3,5.6,1.0,6.3
82025,8.1,5.6,1.8,5.2
5274,8.5,5.5,1.2,5.2
99224,8.5,5.6,1.4,6.4
8075594,8.4,6.1,0.9,5.2
2812156,8.5,5.6,0.0,4.5
18199,8.3,5.8,1.0,5.2
6022056,7.1,5.4,3.0,4.1
1173568,8.4,5.7,1.2,6.3
4861082,5.2,4.5,2.4,4.5
1146112,6.4,6.0,1.2,6.2
6398569,3.4,2.2,0.2,7.0
2332322,3.0,2.6,0.7,7.0
2000416,3.5,2.8,1.3,6.2
79266,7.0,7.2,0.8,7.0
1188302,7.5,5.9,0.6,5.7
79282,8.1,5.7,1.1,6.0
2702290,6.9,7.1,3.4,8.0
9740343,4.5,4.4,2.5,4.5
1664638,6.7,4.3,1.6,4.5
3679852,5.9,5.0,0.3,5.6
3958413,6.9,5.6,0.5,6.5
7022524,4.2,6.8,0.0,5.5
2038423,5.4,5.7,1.2,5.9
779217,3.2,2.6,0.3,6.2
1136158,7.6,5.2,1.0,3.6
1296711,7.5,4.4,0.5,3.0
3034,3.1,2.2,0.6,6.2
1136893,3.4,2.6,1.2,6.2
3041,3.0,2.6,0.2,6.6
4290024,6.0,6.2,0.9,5.6
11518313,8.2,6.4,0.5,6.3
1210558,6.7,4.3,1.8,5.6
1534710,3.3,3.0,0.0,5.8
96926,7.1,5.1,1.2,3.9
1661295,4.5,4.3,0.5,5.0
1190294,6.2,6.5,0.7,5.6
95446,7.3,5.3,0.6,5.2
1195351,7.4,4.2,2.5,3.9
5754147,3.6,2.7,0.4,7.3
10265842,5.2,5.1,0.7,5.4
92908,8.2,4.3,1.7,3.6
7199800,7.1,2.6,4.9,2.7
1707664,8.3,5.4,0.3,4.2
2597751,8.5,6.2,1.6,4.1
7565828,6.5,5.0,1.8,4.8
1504403,7.8,5.2,1.1,3.5
2145771,5.1,6.5,0.0,6.7
1236622,4.2,5.8,1.0,5.1
1219254,5.6,4.6,1.6,4.8
1135777,6.8,4.3,1.6,4.3
1434794,4.1,2.8,1.4,6.4
1943620,6.4,7.9,0.1,8.3
97712,6.4,5.7,1.4,6.1
9235812,6.0,3.2,5.5,3.7
4542311,6.7,5.7,1.6,5.8
4945742,5.3,5.8,1.7,6.3
6769250,8.4,2.7,4.5,2.4
24149,3.2,2.3,0.4,6.0
10701612,6.8,5.3,0.7,4.4
97400,7.0,4.6,1.5,2.3
10332203,5.0,5.7,1.2,6.0
5174879,6.3,5.1,0.0,5.0
3208,8.5,5.6,0.9,6.4
1101471,8.1,4.0,0.0,4.9
16466,4.9,5.9,0.8,6.4
95186,5.5,4.4,1.2,4.4
6833265,6.5,5.0,1.3,5.0
3887205,7.0,4.9,0.2,5.7
5135022,6.5,5.1,1.0,5.5
87152,5.5,2.7,0.8,6.7
1660924,7.7,4.6,2.3,4.3
1369674,3.5,3.8,1.7,7.3
1475657,6.4,5.9,0.5,6.4
2088409,6.8,8.0,0.0,7.0
3385833,5.9,3.9,0.9,4.3
86213,6.7,4.3,0.5,4.4
4860474,7.1,8.0,2.4,6.8
1155038,6.8,4.2,1.2,4.2
2067512,6.7,6.6,0.7,5.4
1206528,7.7,6.1,1.3,3.7
1703696,6.4,7.9,0.4,8.0
22633,6.5,5.4,1.3,3.7
1507957,6.7,6.8,0.0,6.8
1218878,6.9,4.5,2.6,4.2
2441493,7.0,2.4,4.4,0.9
1604904,4.9,4.2,0.5,8.0
1177564,5.1,5.7,0.4,6.5
3621178,4.3,2.4,0.0,6.9
1470922,7.7,6.5,1.7,6.1
1948390,6.8,6.8,2.5,4.3
1243706,5.7,5.8,1.1,5.6
4650929,7.2,5.1,0.6,5.2
1451358,7.2,7.5,0.0,7.4
5746484,2.6,2.8,0.3,6.9
2580679,7.7,6.5,0.0,6.1
10209985,6.4,5.1,2.6,4.6
2308882,7.1,5.5,0.0,5.7
2481271,5.6,3.8,1.5,4.8
6482587,6.9,5.8,2.2,4.8
1948423,4.6,5.2,0.0,8.1
4149934,8.4,5.8,0.8,4.8
8859571,7.0,4.0,3.2,2.5
1498758,4.9,5.6,1.8,6.6
1517792,6.7,6.9,0.0,6.4
8966,5.2,1.8,0.4,5.2
1923924,3.9,3.1,0.7,7.2
2266917,3.9,3.9,0.0,7.3
1283596,3.3,3.0,0.0,6.6
1864155,7.2,6.1,0.3,5.5
94232,2.2,1.7,1.3,7.2
2758387,8.2,5.6,0.7,6.1
4964668,6.3,7.3,0.3,8.5
17509,6.2,7.0,1.0,8.5
4919828,5.6,4.7,1.5,4.9
91569,7.2,4.0,2.9,2.7
6062964,7.0,4.5,2.6,4.0
2657722,8.4,2.3,5.0,2.4
1129764,6.7,4.2,2.7,4.1
1390998,7.7,6.7,1.5,6.2
1221965,5.2,5.7,0.9,6.3
1697893,3.3,2.0,1.3,6.9
3227165,2.6,2.8,0.6,6.4
2019994,2.7,2.9,1.2,6.4
1362057,6.5,5.5,1.2,6.5
1318966,7.0,7.3,1.3,6.7
1125308,6.6,5.0,0.8,5.2
1132582,3.2,1.9,0.2,5.9
7262878,7.6,3.6,0.8,4.4
6401308,6.5,3.8,2.2,4.0
6398255,5.5,4.3,1.0,4.6
1175156,8.4,2.7,5.0,2.4
1746752,3.2,2.0,0.2,7.8
1155774,5.2,5.7,0.3,6.3
2686797,4.6,2.3,0.8,5.3
1204526,3.9,3.3,0.4,6.9
1160638,8.5,6.7,0.9,5.6
10043151,5.6,5.9,1.9,5.7
2019565,6.3,4.2,2.2,2.8
3871569,3.3,2.3,1.3,6.2
1653876,3.9,3.9,0.4,7.2
6330797,6.5,5.5,0.6,4.6
1679072,1.2,2.6,1.4,7.3
1169780,6.2,8.0,0.2,8.3
11240482,6.2,6.3,0.0,6.6
1233039,8.5,5.4,0.8,5.6
2210837,4.3,3.7,2.4,7.2
4500178,7.0,7.6,0.6,8.0
6349308,4.6,6.0,0.5,6.5
1565199,4.6,1.8,0.1,5.4
1157167,4.0,1.2,0.6,5.0
2890412,6.1,5.2,1.4,5.2
1183417,5.1,5.7,0.5,6.4
1168313,6.4,6.5,0.8,7.3
76432,7.4,4.5,1.6,4.1
2098184,7.3,7.2,0.6,7.3
5498086,8.3,5.8,1.1,4.6
7569106,5.3,5.1,2.5,4.5
6815787,3.2,4.7,0.2,5.4
1680349,8.0,4.6,2.4,2.9
2604554,7.3,3.9,2.6,3.2
4309706,4.0,3.4,1.4,4.4
2972330,5.7,5.1,1.7,4.4
62174,6.0,4.3,0.1,5.2
5907718,4.2,3.1,0.0,7.0
2065354,4.9,4.2,0.8,4.8
4039,8.5,4.8,1.1,4.3
2574012,2.1,1.9,0.2,6.4
1511900,3.0,2.5,0.4,5.7
11105,3.0,2.4,0.4,6.3
24232,8.5,4.7,1.3,4.5
1699294,6.1,3.7,0.5,2.2
3787127,5.1,4.5,2.0,6.1
1376551,3.0,2.5,0.3,6.4
8961179,6.9,2.6,5.6,1.3
2791,3.4,2.4,0.4,6.3
1729950,2.6,2.7,0.5,6.1
1239196,4.0,3.2,1.0,6.5
6287863,5.3,4.8,1.1,4.8
9453562,5.6,7.6,0.0,7.7
1614485,5.5,4.8,0.0,5.0
2141775,3.8,1.8,0.0,6.4
1797193,5.3,4.2,1.8,5.5
2017548,4.5,5.8,0.0,6.6
1939839,8.5,4.0,2.8,2.8
1280396,6.9,5.7,1.5,6.2
6685714,4.2,4.0,1.0,5.1
1216615,6.6,4.6,1.9,4.0
94616,6.1,7.3,0.2,8.5
8164782,6.1,4.6,0.8,5.3
1686765,5.9,4.2,0.0,4.1
1647277,7.5,4.7,1.9,4.4
6168597,5.0,3.0,2.2,5.1
1870139,8.5,6.0,2.2,6.0
73471,5.5,5.1,1.1,4.7
1526875,8.5,4.6,1.2,2.0
1192651,3.2,2.5,0.0,6.6
1215900,3.3,1.9,0.5,6.4
6949242,6.6,5.3,1.2,5.8
5936497,7.5,5.3,2.1,5.4
6537505,6.5,5.3,2.2,5.1
4194598,7.5,5.5,0.3,5.9
10610494,6.3,4.5,2.5,4.4
1126514,6.6,5.9,0.6,6.2
3261613,2.8,2.4,0.4,6.3
11476293,3.5,2.5,0.6,5.9
5772317,5.9,4.4,2.7,3.5
1729546,4.4,4.6,2.8,7.8
1458404,3.6,5.7,1.5,7.5
9047831,3.3,2.6,1.1,6.2
1751367,2.3,2.1,0.4,6.4
1812383,7.4,6.7,1.0,6.6
2122450,7.4,5.3,1.5,5.1
6936475,6.3,8.5,0.0,8.3
7759201,6.7,5.9,1.9,4.4
1737102,3.6,1.3,1.6,5.7
42794,2.6,2.6,1.1,6.1
10186870,6.2,7.2,0.0,6.7
2610311,3.9,2.0,0.0,6.3
12405,5.8,4.4,1.1,4.5
1394515,7.8,4.5,2.6,3.1
1208412,5.9,8.2,1.6,7.9
8716809,3.6,2.1,1.0,6.3
8370920,5.5,4.2,0.0,3.0
1911182,3.7,2.4,0.2,5.7
4076257,3.1,2.6,0.2,6.5
1841776,8.5,5.3,0.8,6.0
1124745,7.4,5.5,1.3,5.9
1137566,1.6,3.1,0.1,6.0
1299816,5.1,6.1,0.9,6.7
4197877,6.6,7.7,0.0,8.0
18556,7.3,5.5,0.6,5.2
12034209,5.7,6.3,1.0,6.3
1976541,7.2,6.0,0.4,5.2
75894,8.5,3.3,2.9,1.5
10056165,8.0,8.0,0.0,6.8
5128717,6.4,6.2,1.4,6.2
5895453,5.9,6.3,2.0,6.2
2862604,8.5,3.9,0.9,4.3
6923267,7.8,5.4,1.3,5.5
2509892,3.2,2.1,1.3,6.1
2667053,6.5,8.5,0.3,8.2
9697482,6.6,4.3,1.4,2.3
10120801,7.2,6.9,0.0,6.9
11170245,6.1,6.3,0.0,7.1
8014224,4.5,4.6,0.7,4.6
6304496,7.2,7.9,0.5,8.5
10461130,8.0,4.8,1.8,2.4
2129722,8.5,5.2,1.4,3.0
1832853,5.4,3.4,1.9,4.8
8740236,6.8,5.7,0.5,3.9
1192218,6.7,4.9,1.6,4.0
2934,4.1,3.2,0.2,6.8
2633851,4.3,2.7,1.1,6.0
1427114,2.2,2.3,1.3,6.6
2655332,2.4,1.6,0.0,6.8
3705347,3.0,1.4,0.0,4.8
1153008,3.6,2.6,1.5,6.5
1197329,7.3,6.7,0.9,6.5
1954355,5.2,3.9,0.3,5.1
1128511,2.2,2.1,0.7,6.4
1135353,7.8,5.0,0.9,5.1
8172236,4.3,6.2,0.2,7.1
98165,3.1,2.1,0.0,6.5
3077617,6.6,4.7,0.1,5.2
1181076,3.4,2.0,0.0,6.6
1177818,4.6,4.2,0.7,4.9
8837646,4.9,6.0,0.7,6.3
10740079,5.8,6.0,0.1,6.0
3867495,8.5,5.4,1.1,5.6
85173,6.1,7.2,0.0,8.5
10386860,5.6,5.5,2.8,4.7
9724942,6.2,4.8,1.2,4.6
1818120,3.7,2.6,0.0,6.3
12166125,5.9,5.0,1.2,5.7
2585859,2.2,2.3,0.1,7.0
9224629,6.5,5.9,0.6,6.2
7940441,2.8,2.4,2.5,5.1
4956245,6.9,4.7,0.6,2.8
1133767,7.7,6.0,1.1,4.7
5855539,3.1,2.9,1.0,5.7
5123545,0.6,1.8,0.3,7.9
2011072,6.3,5.3,3.6,5.2
11386552,5.2,4.3,3.4,4.5
6739199,7.5,4.2,1.5,3.9
10812088,6.3,4.2,2.3,4.7
15719,8.5,2.4,5.0,2.7
1989095,6.0,7.6,0.6,8.2
2533616,5.1,3.6,0.0,3.9
6869017,1.6,1.9,0.4,8.0
1171332,7.4,4.0,2.0,3.4
1124336,6.8,3.9,1.8,2.5
9627959,3.2,1.6,0.0,6.7
4018624,3.0,4.1,1.2,6.8
5372506,7.0,3.7,1.9,3.4
5980251,6.2,8.3,0.0,8.5
6127152,8.3,2.6,4.7,3.4
1147618,8.2,4.2,0.7,4.4
9781878,5.3,4.6,2.9,4.6
24096,3.1,2.2,0.1,6.4
1186197,4.8,4.2,0.0,5.0
4774696,0.0,1.4,0.5,8.5
1171192,6.5,7.7,0.1,8.5
7572919,5.9,4.4,1.7,4.3
5129006,7.0,4.7,1.8,4.0
1578846,0.4,1.1,0.0,8.4
8704429,2.5,1.8,1.8,6.6
1545161,3.3,3.3,0.0,6.6
10515277,6.5,4.5,0.1,4.7
10077018,5.9,6.7,1.1,5.5
5513709,3.6,2.8,0.0,6.9
1143098,4.6,4.8,0.4,5.5
5889299,8.0,3.9,2.4,4.1
97963,4.9,5.7,0.0,6.5
2237918,3.2,2.7,0.3,6.4
1989459,3.5,2.6,0.7,6.6
6161,8.5,4.5,2.3,4.3
2672688,3.2,2.4,0.2,6.4
12363610,5.9,5.2,2.5,4.8
9279632,4.9,4.4,2.3,4.6
28224,6.3,7.2,1.6,7.9
5547037,8.5,4.2,3.1,2.1
9872747,7.0,8.0,0.5,6.9
8261678,6.3,3.6,1.8,4.1
7412905,6.6,6.5,0.0,6.6
9335462,5.4,4.4,0.3,3.9
9555738,6.5,4.5,2.6,4.4
1891172,3.9,2.3,0.4,6.3
1134992,3.4,2.8,0.2,6.4
11945513,4.7,6.1,2.3,5.7
1483565,5.5,4.4,1.0,4.9
6725627,7.2,3.8,2.2,2.5
9933130,4.3,3.5,0.7,6.3
1892082,8.0,5.0,2.9,3.1
1923813,5.3,5.7,0.6,6.3
11803,8.5,4.5,1.1,4.3
1222371,6.5,4.1,1.4,3.3
8561844,3.7,3.2,1.2,5.6
88473,6.1,4.1,2.3,2.3
1128250,7.6,6.4,1.1,6.3
1108663,3.9,3.0,0.5,6.5
1659945,6.0,5.6,1.4,6.1
8646233,4.0,2.9,3.7,6.3
2888083,7.7,4.8,1.5,5.1
7184900,3.7,2.2,0.0,6.3
1588898,2.6,3.3,0.7,6.2
1951733,5.3,5.1,0.0,5.0
1216679,4.5,3.2,0.4,6.8
1242976,6.3,7.5,0.1,8.5
10535160,3.3,2.4,1.0,5.6
1780824,3.0,2.2,1.6,6.3
9933516,5.1,4.5,1.5,5.7
1939708,6.9,7.0,3.5,8.0
5375262,6.7,3.5,0.2,5.1
1530546,3.5,1.9,0.6,6.6
1701644,1.6,2.5,0.5,8.1
10754401,6.5,6.6,2.0,5.4
7777772,6.8,7.1,0.2,7.8
1850557,5.2,5.2,2.4,4.9
9386302,6.1,3.2,1.2,5.7
1838211,5.4,4.2,2.3,3.7
2030017,4.5,5.8,0.8,6.5
1499507,3.9,2.9,1.0,6.1
1145360,7.1,5.4,1.0,5.2
1543304,4.5,3.4,1.7,6.9
87674,6.6,6.6,1.0,5.4
6942,5.4,4.3,1.3,4.7
1298725,5.2,5.9,1.1,6.5
10922,8.3,6.7,1.0,5.5
11673,8.5,2.5,4.9,2.5
99591,6.5,6.8,1.5,6.7
1183244,6.1,4.9,1.3,4.6
1479987,6.8,5.8,0.8,6.5
20636,6.9,6.6,0.6,6.5
23363,6.2,7.6,0.9,8.1
14513,7.4,5.5,1.8,5.0
3649742,7.3,6.0,0.8,5.4
1246223,5.1,3.5,1.7,7.6
1543812,4.9,2.8,1.2,4.9
1130357,3.4,3.0,0.7,6.3
5769,6.2,6.9,0.5,8.3
25474,8.1,5.6,1.5,4.6
7588837,6.0,5.0,1.3,5.3
4086,8.2,5.6,1.5,4.3
13978,4.7,5.8,0.7,6.5
16418,5.6,4.4,1.5,4.5
1652,5.3,4.2,1.1,4.5
16419,5.5,4.2,1.0,4.5
1274407,5.1,5.8,0.6,6.6
95334,3.3,3.0,0.7,6.9
10933,8.4,4.9,0.7,5.6
97711,7.3,5.1,1.3,5.4
79517,4.6,3.3,2.1,6.9
4089,7.3,7.4,0.7,7.3
77308,6.2,7.8,1.4,8.2
94749,5.3,4.9,1.2,4.8
23271,4.8,5.8,0.6,6.5
78360,8.2,2.6,5.2,2.6
17474,4.8,5.7,1.0,6.3
61084,5.7,6.7,0.3,8.3
779310,4.6,3.3,0.8,7.1
1099373,7.3,5.7,1.2,5.3
12393,8.5,2.4,5.1,2.3
2165166,6.3,5.9,0.5,5.1
85912,3.0,2.1,1.4,6.1
1379887,7.3,7.4,1.1,7.2
6105876,3.8,4.1,1.0,7.7
1302732,6.0,7.6,0.6,8.0
94692,8.3,5.4,0.7,5.8
1148844,7.2,7.3,0.6,7.3
1180377,7.0,5.7,0.6,5.1
1748339,6.7,5.7,0.7,5.5
1224874,7.7,6.0,0.6,5.5
4184137,6.6,4.8,1.7,5.7
2088452,6.4,4.7,2.2,3.4
1217639,7.4,4.8,2.0,3.6
1146204,3.9,2.9,0.7,7.0
7203961,6.6,4.7,1.0,5.5
6052328,8.2,5.4,2.1,4.3
98586,4.7,5.8,1.4,6.4
1207722,5.1,5.8,0.8,6.1
12216,5.4,4.5,1.2,4.7
1180658,4.6,6.0,0.9,6.5
9808,3.9,2.7,0.5,6.6
1195785,5.1,4.2,0.5,4.2
1129321,6.4,7.4,1.1,7.8
2352964,7.0,6.7,0.7,6.4
3631248,2.7,1.7,2.7,5.7
1244108,7.0,5.5,0.9,5.3
88440,6.4,8.2,0.5,8.5
1100673,7.3,6.4,1.7,6.4
1544749,4.4,3.4,1.1,7.2
1099193,4.6,3.6,1.0,6.7
7953532,6.0,3.9,0.9,5.3
7133,6.4,7.6,0.7,8.4
1191922,5.4,3.8,0.7,4.7
84068,6.7,4.0,2.8,3.0
10151455,4.5,4.1,1.9,3.8
89753,5.4,3.9,2.5,5.5
1627949,4.3,3.2,0.5,7.1
5194,8.5,5.0,0.8,6.3
43934,6.9,3.4,2.4,3.2
7614735,6.1,4.0,1.0,5.4
79907,3.9,3.2,1.0,7.3
1165708,4.9,5.8,0.8,6.3
9538941,6.2,8.0,1.0,8.1
8190,6.6,4.0,2.2,2.6
78151,7.7,4.1,2.4,5.4
4159026,8.5,5.0,2.7,4.3
14882,6.5,6.1,1.7,6.1
2233584,5.6,4.7,0.0,4.2
99584,6.9,6.2,1.4,6.1
2391715,6.7,5.5,0.5,5.8
84344,7.2,2.6,4.2,3.9
1161798,8.5,5.7,1.0,5.4
1724156,6.3,6.7,1.1,5.5
1833995,4.4,3.2,0.0,7.1
2377143,8.2,4.4,2.0,4.2
53514,6.7,4.6,1.8,3.0
1728821,7.0,4.2,2.5,2.9
8976479,2.8,1.4,0.4,5.4
2038623,7.2,5.3,1.1,5.3
78041,6.5,3.5,2.7,2.3
8859925,5.3,5.2,0.5,3.9
1574127,6.9,3.8,1.8,2.7
4188745,6.1,4.2,1.1,5.0
5956207,4.0,4.0,0.3,7.2
6176024,5.9,4.5,0.9,6.0
1127285,6.9,5.9,1.4,5.7
4901548,2.8,3.0,2.2,4.4
1260504,6.0,3.0,2.3,3.9
1198881,6.3,4.6,0.5,5.4
738526,5.5,2.2,0.0,7.0
1100127,5.4,2.4,0.8,6.6
1877847,6.0,4.3,1.4,4.2
2109058,4.6,3.6,0.1,4.5
1207053,6.9,5.2,1.0,5.7
7126675,5.4,6.6,1.4,6.6
2245615,6.8,6.8,0.5,4.2
3784483,1.8,2.3,0.0,6.0
6125048,4.6,6.4,0.0,6.4
4901538,5.1,3.6,2.5,4.3
6745259,6.2,7.6,0.3,7.5
6331146,7.3,4.0,2.4,2.9
11048079,6.3,4.4,2.3,4.1
2558831,4.6,3.5,0.6,5.3
6328862,4.4,5.9,0.4,6.5
1286048,4.2,4.1,0.8,4.0
9928911,5.5,4.3,1.7,5.0
2013641,8.0,4.5,2.6,3.1
4888265,5.5,3.5,1.1,5.5
1283290,6.0,3.8,1.5,3.2
1282100,8.0,4.7,2.4,3.6
99547,8.5,5.4,2.0,5.2
1678982,6.0,4.2,2.0,4.8
1793306,6.4,3.4,3.3,2.3
9217171,4.8,3.0,0.9,5.4
6520074,7.6,5.9,0.8,4.9
1110327,7.4,6.1,1.4,3.5
5743891,6.4,6.2,0.5,6.6
4133970,4.2,3.2,0.0,6.2
10585816,6.0,6.5,0.7,6.2
1197410,5.5,5.9,0.6,6.2
10676142,5.8,4.7,0.0,4.5
11095722,6.8,3.3,2.5,2.8
1954765,5.4,5.2,1.0,5.2
2459523,4.9,4.5,2.0,3.1
3527025,6.2,3.5,2.0,2.9
84948,5.4,2.3,0.1,6.3
5812908,4.5,4.4,1.3,4.4
1134266,5.9,5.5,1.3,5.9
2139197,8.0,6.8,1.1,5.5
2261393,4.7,4.0,1.3,4.2
10038092,6.0,4.6,0.0,6.1
2678620,3.9,3.7,2.5,3.8
2795563,3.1,2.0,0.0,6.8
1665,5.3,4.1,1.3,4.5
10133790,3.8,3.3,0.5,3.7
6656358,4.9,4.1,2.1,5.5
4219396,4.2,4.9,0.4,5.3
1363749,7.0,7.0,0.3,6.2
60104,5.0,4.1,1.6,4.3
6001723,6.4,2.8,1.4,3.9
5690715,5.3,5.4,2.2,5.1
1193923,6.7,5.6,0.7,6.1
1736395,8.5,5.3,1.8,2.7
1910957,6.7,5.4,1.4,4.7
7865940,3.0,1.8,0.0,6.8
2563994,5.5,4.8,1.0,5.6
4068113,6.6,6.1,0.0,6.2
3656449,6.5,5.1,0.6,4.8
7088519,0.0,1.9,0.0,8.0
18180,7.0,3.6,1.3,4.2
1759011,6.2,5.9,0.8,6.0
5091714,6.8,2.6,3.7,1.5
2565516,5.4,4.6,1.0,4.9
1767522,5.9,3.8,1.5,3.8
8221541,6.8,4.3,1.0,2.7
1160862,6.1,7.7,0.3,8.2
3297938,6.9,4.3,1.3,4.5
3338794,6.7,4.3,1.3,3.9
1696968,5.5,4.5,1.4,3.1
11225298,6.8,4.2,0.0,4.2
9683832,6.5,7.4,0.7,5.2
9683815,6.8,6.9,0.1,4.2
9683810,6.8,2.4,0.0,2.2
6981124,5.5,4.5,2.6,4.3
1558160,0.6,1.4,0.9,7.5
13128219,5.4,5.5,1.8,5.5
1937107,7.9,5.2,0.1,4.2
2418444,6.6,4.4,0.7,4.6
1467386,6.2,5.5,1.6,6.1
61164,5.8,3.7,2.1,3.3
5367105,6.7,6.0,0.7,4.4
1907552,7.8,5.6,1.1,3.4
2132650,5.4,4.3,0.7,5.3
86877,6.5,6.0,1.0,5.8
4857217,6.0,5.3,0.3,6.7
1126813,6.6,5.7,1.0,6.2
3883576,6.5,4.6,2.2,3.5
1142314,7.9,5.5,1.1,4.3
1187985,6.5,6.1,1.0,5.6
6004174,6.6,5.4,1.0,4.4
2807828,7.1,4.7,2.3,5.2
6022116,1.8,2.0,0.1,6.8
7664052,7.2,6.6,0.8,6.2
7147527,7.4,2.0,3.6,2.0
2705890,3.7,2.7,0.0,6.3
6913498,5.7,3.0,2.3,4.4
7121973,8.5,2.0,5.2,2.4
1696803,6.2,5.2,1.1,4.7
1559353,4.3,4.6,0.9,6.1
95904,4.5,4.4,0.1,4.9
1179679,4.4,4.6,0.4,5.3
6074492,6.2,5.8,0.7,5.9
6401250,6.4,6.0,0.9,6.1
1197475,1.4,2.2,0.8,8.1
6251782,5.7,5.5,2.0,5.1
3781305,5.1,6.6,1.5,6.7
1180578,6.8,4.5,1.3,3.0
1456451,8.5,4.8,2.9,3.0
5404109,7.4,4.8,2.0,4.6
6433351,7.6,5.8,0.8,3.4
5678539,7.6,5.3,1.1,3.5
1767318,6.4,4.7,1.4,2.4
11048500,4.6,3.8,0.0,4.2
1277569,8.5,4.3,3.5,2.3
3884770,4.9,5.0,0.0,4.7
8957738,6.9,6.3,0.8,4.2
1189565,7.0,5.1,0.7,4.4
10771685,7.0,3.2,0.8,4.8
6529393,6.7,5.7,0.0,4.6
1817526,3.9,4.6,1.0,7.6
1408825,8.3,3.0,4.4,2.6
99093,6.1,6.1,0.5,6.2
1516746,6.2,4.4,1.3,4.3
1739709,6.0,5.9,1.0,6.0
1249772,6.5,6.0,0.5,6.2
1628,6.6,6.0,0.1,6.2
1164713,6.5,5.3,0.5,6.4
3175,6.9,3.7,1.8,4.2
1249782,5.7,6.5,1.3,5.7
5974111,7.8,3.2,0.0,4.9
1304273,6.3,5.2,2.0,5.1
3090496,6.8,4.4,0.0,4.2
1723109,6.5,4.9,1.8,4.0
4025893,6.5,5.3,0.0,5.3
2162007,7.7,4.1,1.1,5.4
1292886,6.8,6.4,2.3,7.7
2778401,3.5,2.9,2.4,7.3
15355,4.9,5.3,0.5,6.2
1886372,8.0,6.6,0.0,6.0
1210124,6.6,4.3,0.0,5.1
9524049,7.3,4.4,0.4,3.5
1844142,6.7,4.7,0.0,5.2
94000,4.0,5.7,0.0,6.4
2524504,3.7,4.2,1.4,7.8
9110384,6.7,3.6,0.8,5.5
1988702,6.6,5.9,0.8,5.9
1105336,7.2,7.5,0.6,7.3
1495696,8.0,3.7,0.0,4.6
1148083,7.1,4.8,2.2,3.2
2152336,5.6,5.6,1.3,5.7
1577045,5.5,4.9,2.1,6.8
8375150,8.0,5.7,2.0,4.9
1997441,6.7,4.5,3.0,4.0
1146862,6.5,4.9,1.1,3.4
7599228,5.9,2.6,1.2,6.4
1149636,6.6,8.1,0.2,8.5
2349133,6.1,7.8,0.6,8.1
1217359,6.4,7.3,0.3,7.9
2240554,6.0,5.0,0.5,5.7
11564545,4.7,3.5,0.2,6.1
5906415,6.9,5.5,0.5,5.7
1327390,6.0,7.1,1.2,7.9
1277507,6.9,6.1,2.8,4.5
1210210,6.7,5.4,1.7,5.7
1140881,6.6,6.9,1.3,6.3
5248710,3.9,4.6,1.3,7.8
1679578,2.3,2.5,1.5,6.7
4103932,2.6,3.6,0.3,7.2
5478292,7.8,5.0,0.0,6.1
1263799,7.6,5.1,1.0,4.9
1128492,4.3,4.6,2.2,6.9
1160195,6.8,4.8,0.3,4.3
2921,1.9,1.9,0.0,5.7
1665764,2.4,2.1,0.9,6.1
1224790,6.6,5.7,1.2,5.9
2178713,7.4,5.2,0.7,5.6
9394664,5.0,2.8,0.0,6.2
2492992,2.9,2.0,0.0,6.8
7268851,4.3,2.4,0.4,6.6
1154542,3.0,2.4,0.5,6.7
5649777,4.2,6.8,0.0,5.5
98591,8.5,4.7,1.0,5.6
3171160,6.5,5.0,0.9,6.0
79914,2.7,1.9,0.6,6.5
2028659,2.3,2.1,2.2,4.5
2041988,8.5,6.1,0.0,5.6
1803855,5.2,4.8,1.1,4.8
6469584,5.9,6.6,1.6,6.5
1197490,7.1,5.0,1.5,5.3
1100910,4.5,3.1,1.7,6.8
2203155,3.9,3.4,2.3,7.5
100675,3.6,2.8,1.2,6.9
1622488,4.6,3.6,2.0,7.1
1186655,4.1,3.5,1.4,7.0
88180,4.2,3.1,1.5,7.2
1098876,4.6,3.9,0.9,7.6
1152755,6.9,7.3,0.9,7.3
1187200,4.5,3.4,1.4,7.1
1186041,4.5,3.5,1.3,7.1
88181,4.4,3.1,1.1,6.9
1655970,7.0,7.1,1.0,7.0
1099307,7.0,5.7,1.3,5.2
2242666,3.6,4.3,2.0,5.0
1259900,2.6,1.8,0.7,6.5
18936,4.9,6.6,0.0,6.4
83444,4.8,3.8,1.6,7.1
1148747,6.7,5.3,1.1,5.1
3908,6.7,7.0,1.0,7.0
1138125,4.7,3.3,1.7,6.8
1128926,3.9,3.1,1.5,7.4
1733384,4.9,3.5,1.3,6.9
1100248,4.3,3.2,1.4,6.9
1127795,5.9,6.3,0.8,7.1
7542584,7.7,7.5,0.0,6.8
1893206,4.7,4.1,0.5,7.7
2240891,5.8,4.9,2.4,5.1
5799106,4.4,2.8,3.9,5.6
779854,3.6,2.5,1.2,6.8
7294401,4.2,4.0,1.7,6.8
1301241,4.8,3.6,2.0,6.7
1772732,4.4,3.4,1.2,7.1
1211074,4.7,3.3,1.7,7.3
10417547,4.4,3.3,2.7,6.2
1668566,3.8,3.1,1.4,7.0
7360,4.4,3.4,2.2,7.1
1705140,4.6,3.8,1.0,7.2
32124,4.4,3.2,1.1,6.8
1901672,4.7,4.0,1.1,6.9
1238524,4.3,3.2,1.7,7.0
98032,4.4,3.2,2.1,6.8
100046,4.5,3.5,0.8,7.2
10417554,4.2,3.5,0.5,7.2
1369227,4.7,3.5,1.6,7.2
1484043,4.3,3.8,2.2,6.8
1673656,4.6,3.4,1.5,7.1
1658794,3.1,2.2,1.7,6.4
85063,4.3,3.5,1.5,7.2
1207971,4.3,3.3,0.9,6.8
1132939,4.4,3.6,1.1,7.3
1604529,4.8,3.6,1.5,6.7
9129409,5.1,3.8,0.0,8.0
20460,4.9,3.3,0.0,7.7
1127401,4.1,3.7,1.2,7.5
100047,4.3,3.3,1.5,6.9
1218488,4.8,4.3,1.6,7.1
1128189,4.4,3.6,1.2,6.8
1527621,4.5,2.7,1.8,6.5
3506976,3.6,3.0,1.1,6.7
92256,4.7,3.8,1.1,7.0
3102127,4.9,3.1,1.3,6.7
2488659,4.8,4.3,0.9,7.0
1561765,2.7,2.6,1.6,6.1
85062,4.7,4.2,1.7,7.5
779445,4.3,3.3,1.3,7.4
1262884,4.4,2.9,1.3,7.1
2171078,4.8,3.3,1.3,7.8
2312989,3.9,4.2,0.8,7.3
5533162,4.4,3.1,0.3,6.9
2548788,4.3,3.0,0.7,6.4
1246597,4.2,3.0,0.6,8.0
17656,7.3,7.4,0.9,7.3
1261585,2.9,3.5,1.2,6.1
2040797,4.7,3.7,1.2,7.3
2463962,4.6,3.2,1.0,7.5
100045,4.5,3.8,1.2,6.8
1675790,4.2,3.5,1.7,7.2
1207045,4.2,3.4,1.3,7.0
1600556,4.1,3.2,1.0,7.2
1958639,4.6,4.2,0.9,8.0
1869723,4.6,3.1,3.1,6.5
2044023,4.5,3.6,2.0,7.4
2304816,3.7,3.0,0.2,8.0
1831805,4.0,3.3,1.5,7.2
1971440,3.5,2.5,1.0,6.5
1303057,4.3,3.0,0.0,7.7
86666,4.7,3.8,1.5,7.2
6807662,3.1,3.0,0.0,8.0
1450095,4.0,3.3,0.4,6.4
3118652,8.0,6.8,0.0,5.5
9036503,3.7,3.3,1.1,7.0
1570703,5.0,3.2,1.9,6.9
2167518,3.0,2.6,1.0,6.5
1808697,4.0,3.3,0.9,7.7
1128187,4.2,3.5,1.4,7.2
6397037,7.6,7.9,2.2,7.7
1129481,4.3,4.0,0.8,6.6
1783260,3.7,3.2,0.2,6.7
1098886,4.5,3.9,0.9,7.3
6441472,6.2,4.4,1.0,5.4
6253828,6.2,5.5,1.2,4.7
5463135,5.7,4.0,1.4,4.6
5626398,5.0,4.2,2.0,4.7
1705514,7.0,5.4,1.6,3.7
4529872,6.2,2.9,0.0,1.8
5826771,6.8,6.1,1.1,4.1
1459107,6.8,4.9,0.5,4.5
11975224,4.6,4.4,3.6,4.2
2361363,6.0,6.0,0.5,6.0
7084930,5.3,6.4,0.6,5.0
6858399,6.4,4.4,0.5,4.2
2516179,5.6,5.9,2.1,6.1
13942,8.0,6.2,0.8,3.7
8528334,7.2,2.7,4.8,2.0
4670062,6.2,4.2,0.1,4.4
1178638,6.4,6.5,0.0,6.4
5965716,4.5,3.7,1.9,3.9
1201169,5.5,3.9,1.3,4.8
10517146,5.4,4.7,3.3,4.2
7509064,5.0,4.6,1.6,5.2
1219458,6.2,6.1,0.7,6.0
7763502,5.5,5.4,2.0,5.1
1225314,5.9,5.7,1.4,5.6
6574923,4.4,4.2,2.5,4.7
2162262,5.1,4.3,0.5,6.4
7533604,5.4,5.4,1.6,5.5
10378684,7.5,2.9,0.1,4.7
6753550,6.5,3.7,3.4,4.0
1470919,6.7,5.8,0.0,6.6
85758,5.7,7.1,0.9,5.4
1391902,2.6,3.3,0.0,6.1
4977823,4.1,4.4,2.8,4.5
10986,5.5,4.7,0.8,5.1
10331,5.5,5.9,1.5,5.5
7086854,6.1,4.1,1.2,3.8
1148206,6.3,4.5,0.9,4.4
1643710,5.3,6.9,0.7,5.7
10260753,7.0,8.0,0.0,6.9
1984426,6.1,7.4,0.7,6.2
8399715,7.6,4.5,0.5,4.1
1225223,5.3,3.9,0.8,6.3
1211514,5.9,6.3,1.2,6.8
79861,5.2,3.5,1.3,4.3
1653281,6.0,5.6,1.2,5.7
1698359,7.1,5.4,2.5,3.3
1181471,6.0,5.8,1.1,5.9
10259504,4.7,5.5,3.0,4.7
1165903,5.7,3.7,1.7,4.5
4600959,5.6,5.6,1.3,6.3
2720154,5.3,6.0,1.2,6.5
4562055,7.9,4.2,0.3,5.8
9321573,5.5,5.0,1.0,4.8
1595750,5.4,5.1,1.8,5.5
1393134,8.2,4.0,1.1,4.5
1289492,6.6,4.6,1.2,4.4
3168953,5.3,4.4,1.3,4.4
2274930,7.0,6.6,0.1,6.2
1432368,6.4,6.1,1.2,5.9
1647057,6.5,6.2,0.9,6.0
1737208,6.6,4.8,1.5,5.1
3152199,7.7,5.8,1.6,3.4
2766217,6.4,4.1,1.5,4.2
6477060,4.6,5.3,2.0,5.3
4325912,5.2,4.7,2.8,5.0
1233061,5.8,6.1,0.9,5.9
1271833,6.5,6.4,0.6,6.3
4406501,5.9,5.5,1.4,6.0
5460810,7.7,5.2,0.2,3.6
1774637,5.6,5.5,0.8,5.8
85757,5.3,6.9,1.0,5.4
6398875,5.3,4.3,2.5,4.6
1623960,5.7,5.8,1.1,6.0
1668285,6.3,6.3,0.6,5.8
1247469,5.8,5.8,1.0,5.9
3537057,7.6,5.1,1.2,3.5
11096254,8.5,6.8,0.0,6.8
8559285,4.4,4.2,2.3,4.2
2477371,5.0,3.8,1.2,4.6
11262708,5.9,5.6,0.2,5.9
6218942,6.4,4.7,2.2,4.4
5426835,5.6,5.9,0.8,6.0
1222190,4.8,6.3,0.1,6.4
1921901,5.7,5.9,1.1,5.6
1181260,7.6,4.7,0.6,3.5
3297993,6.1,5.0,0.5,5.1
1136269,5.8,5.2,1.3,5.6
1131347,5.8,5.8,1.1,5.6
7213148,5.1,4.4,2.9,4.1
4280703,6.0,4.3,1.1,4.9
6065522,5.4,6.4,0.7,5.4
1966304,4.5,4.1,3.6,4.0
2066819,6.0,4.6,1.3,3.9
4387046,5.8,5.3,1.1,5.6
3028488,5.6,5.1,0.8,3.9
2273106,6.5,5.5,0.1,4.5
11878241,4.2,4.0,3.1,4.3
1378916,6.0,5.4,1.7,5.9
1232503,5.6,5.6,0.8,5.5
8484522,8.5,4.9,0.7,4.2
86853,6.5,3.5,1.8,3.9
8432124,5.0,4.9,2.5,5.0
9880393,4.2,6.8,0.0,5.5
2318810,5.1,5.8,1.1,6.4
1712454,8.5,2.6,4.7,2.5
6805627,3.9,4.6,1.5,4.9
75206,0.5,2.3,0.4,7.5
3613076,5.0,4.5,1.7,4.5
1738809,8.4,5.1,1.3,3.0
6027081,6.2,7.1,1.0,7.6
7397982,7.6,7.7,0.0,7.2
5903496,8.1,4.5,1.9,3.4
1423563,6.4,6.5,1.0,6.0
1990881,3.0,3.5,0.5,8.0
9759551,6.5,4.8,2.6,3.9
11513728,6.9,6.6,0.0,6.7
1889947,6.4,6.2,0.2,5.9
60954,8.0,2.9,0.3,4.6
2857693,0.3,2.7,0.0,6.8
7838383,6.2,4.5,0.5,3.7
1740623,5.5,4.3,0.9,4.6
9079140,4.3,3.9,0.8,5.0
1197366,8.5,3.4,2.6,2.6
1721410,6.7,5.5,1.2,4.2
1112498,6.3,5.0,0.8,5.5
1722815,6.2,4.0,1.2,3.0
79029,3.1,2.4,0.8,6.3
10929723,6.1,5.4,0.7,5.9
61274,6.6,4.0,2.6,2.7
7517684,4.3,6.2,0.1,5.5
1485139,4.6,4.7,0.3,5.8
6860620,6.1,4.4,1.2,2.7
5838026,7.0,3.2,0.8,4.3
1156759,4.4,5.8,0.8,6.2
1986695,8.0,6.1,2.0,3.5
7876396,5.3,5.6,0.5,6.1
1189733,6.5,4.2,0.2,4.1
2287017,4.0,2.0,0.8,5.1
1165226,8.4,4.0,0.3,4.6
2461344,5.5,4.9,2.3,4.8
2257998,7.3,4.0,2.2,3.6
8476583,6.1,6.4,1.1,6.5
2294794,7.8,4.2,3.3,3.7
1377801,6.5,6.4,1.0,5.9
6129719,5.3,4.9,0.0,5.5
4436801,5.9,3.6,0.4,5.5
9098120,4.0,3.6,1.3,5.1
2169782,5.8,4.7,1.4,3.7
1293902,7.4,5.2,1.3,5.0
1187752,6.6,5.2,1.7,5.7
1140882,6.7,5.8,0.8,6.1
1774578,4.7,5.4,0.7,7.8
9925007,3.4,2.6,0.9,5.9
1140880,6.5,7.0,1.1,6.4
1241974,5.2,5.6,0.4,6.9
2185778,6.9,6.5,0.8,6.0
10605773,5.5,5.1,1.9,6.0
5632004,6.4,5.4,1.4,6.2
6811534,2.9,1.7,0.5,6.2
1612250,5.7,7.2,0.3,7.8
9818292,5.5,4.0,0.0,5.4
1587376,8.5,3.1,4.6,2.8
1166880,8.5,2.3,4.7,2.6
5744439,6.7,4.5,1.0,4.7
5513313,3.1,2.9,1.0,6.6
19386,4.6,5.3,0.3,6.4
1100733,6.4,7.0,0.4,8.4
1605312,2.7,1.8,0.0,6.8
1702417,2.1,2.2,0.7,6.0
1806153,6.9,5.2,0.9,5.1
1217271,3.3,6.4,0.0,5.8
6284496,6.2,2.3,1.7,4.2
8375653,7.1,4.2,0.3,4.2
3885158,8.0,3.2,2.6,2.3
11915513,7.2,5.2,1.3,5.5
3542750,5.9,6.2,0.2,6.4
1289969,7.6,5.9,0.3,5.5
1866089,8.5,3.8,0.2,4.4
7632059,6.0,5.7,0.4,6.6
1128877,3.2,2.2,0.8,6.4
12037815,6.6,4.5,2.2,4.0
1905879,5.5,4.6,2.9,3.9
1462859,5.2,4.6,0.7,3.8
10098126,4.6,4.6,0.3,5.7
6388017,0.7,3.0,0.3,7.6
2737245,6.4,7.4,0.0,8.4
1157017,7.0,5.5,1.7,4.8
1511669,2.5,2.7,0.0,6.7
1884031,6.9,2.5,4.2,1.6
2594114,6.5,2.8,3.8,2.1
5074610,5.3,6.6,0.8,6.9
1125987,5.3,4.8,0.8,4.1
1200905,6.2,7.5,0.3,8.1
81777,6.5,4.6,1.6,3.4
2043892,4.1,2.5,0.1,5.8
2906306,6.0,7.2,0.2,7.4
4644927,4.2,1.8,0.0,7.0
6328100,6.8,3.5,3.6,3.5
1166552,5.1,4.3,0.6,4.5
4572128,8.4,3.7,3.5,2.8
2147408,7.3,4.8,1.7,5.1
8429984,7.7,2.4,4.9,1.8
9224101,1.4,2.6,1.5,6.0
1260269,0.4,1.1,0.5,8.3
2716687,0.9,1.6,0.6,8.2
1645067,5.3,3.3,2.1,3.8
11933792,5.3,4.4,2.7,4.7
4095366,5.1,6.3,1.2,6.8
1171516,6.7,5.2,1.2,5.2
1571448,6.5,4.8,2.0,3.8
1412734,6.3,6.4,1.1,4.3
8908377,4.5,4.9,0.0,4.7
1480604,6.4,6.3,1.6,5.0
2497608,6.5,4.9,0.6,4.6
3290965,7.8,4.2,0.6,4.7
1514232,8.5,6.8,2.7,5.5
1143677,5.6,3.5,2.4,4.6
1219823,5.5,4.8,1.5,4.7
2325121,1.6,1.3,1.0,8.5
79362,6.0,7.8,0.4,8.2
1699940,4.6,2.9,2.9,4.7
1211879,6.9,7.0,0.7,7.0
16668,3.0,3.1,0.5,7.5
8788,5.5,2.3,0.7,6.5
5072053,1.7,2.3,0.0,8.0
1486267,0.0,1.4,0.5,6.5
2450183,5.2,5.2,1.1,6.2
1172591,6.9,7.0,0.7,7.0
1532226,7.6,5.3,0.2,5.0
3792828,7.7,6.8,0.9,6.8
73562,7.4,5.5,0.8,5.6
4970420,3.1,3.4,0.0,7.7
1309855,7.5,5.9,0.4,5.4
8028758,4.7,5.4,0.1,7.0
4528315,4.2,5.7,0.0,6.8
6300,6.7,2.0,1.5,1.2
1214739,4.5,3.8,1.5,6.1
1149367,6.7,3.3,2.0,3.7
97378,6.1,7.8,0.6,8.4
1128936,6.7,4.2,1.9,4.3
1190720,6.5,5.1,0.5,5.2
77519,6.7,5.0,0.9,4.6
1845798,0.6,1.6,1.0,8.0
1150265,4.6,5.8,0.1,6.6
6683428,1.2,1.6,0.7,8.1
779052,4.7,3.9,0.0,4.8
5277709,7.1,6.7,0.0,5.8
1830179,0.4,2.5,0.2,7.3
1308169,4.6,5.0,0.1,5.4
1308555,6.1,4.0,0.0,4.2
1663915,6.1,5.9,0.3,6.4
1362442,4.5,5.0,0.8,5.4
2187519,5.0,4.2,1.9,7.7
4656854,6.5,5.3,1.2,6.3
4168648,6.5,5.8,0.7,4.4
1546533,8.4,4.0,3.4,2.7
1129460,5.7,5.8,1.2,5.9
1298070,6.3,4.3,1.5,4.5
1160729,6.1,5.6,0.6,6.0
1538913,6.0,6.1,0.8,5.9
1918129,6.8,3.1,0.0,3.6
2892539,7.3,3.2,1.9,3.1
1219186,6.1,5.9,0.5,6.0
1169910,6.2,5.1,1.7,5.0
1204150,6.8,4.7,2.2,4.8
1109195,4.4,4.8,1.8,7.9
1215816,5.1,5.7,0.0,7.1
1296796,6.7,4.3,1.4,2.9
2249706,4.8,2.7,2.3,3.7
2028978,6.9,5.2,1.6,3.9
1520402,6.6,6.7,1.3,6.2
1442853,5.2,4.8,0.0,8.0
1832806,6.6,5.0,1.0,5.2
1698310,7.5,7.5,0.5,7.4
1968647,4.6,6.6,1.0,5.4
1608874,5.3,3.7,2.8,6.7
1164593,7.2,7.4,0.7,7.3
1451868,4.7,4.2,0.3,7.6
9292749,7.3,6.0,0.7,4.3
1430261,3.4,4.9,0.0,4.8
1467918,6.3,7.2,0.0,5.8
6170656,4.3,5.2,0.3,6.7
6625,6.1,5.1,0.9,5.9
1291952,6.7,4.2,0.0,5.2
6631761,5.0,4.8,0.0,4.2
1204462,7.2,6.4,0.7,5.5
8265688,1.4,2.0,1.4,7.4
1505799,8.4,4.9,1.5,5.5
1521247,5.9,3.9,1.0,3.9
5370977,6.8,5.7,1.6,6.2
1194604,8.0,6.5,0.1,3.2
4950148,5.2,5.4,0.8,6.1
3662162,8.0,5.1,0.8,5.4
1232317,6.7,6.3,4.9,5.1
100400,7.3,4.0,3.1,3.2
1195453,5.6,4.7,1.1,4.8
4405660,8.0,4.2,1.4,4.6
85644,6.2,7.5,0.4,8.0
6914276,4.3,5.0,1.8,7.4
1501633,6.2,6.2,0.9,5.8
1294990,0.1,1.2,0.3,8.4
2428214,7.0,3.9,1.9,2.5
7189992,5.7,3.7,1.6,4.7
2491606,6.8,4.5,1.4,4.1
18187,5.4,5.8,0.4,6.5
1209939,6.8,5.6,0.8,6.3
5938346,5.7,3.5,2.4,4.0
1182130,8.0,5.8,1.6,3.4
78042,6.4,3.7,2.7,2.5
6405447,6.6,6.0,3.5,7.2
1160241,5.0,4.1,0.9,7.3
1900841,6.6,5.0,0.7,4.6
4119345,4.8,4.1,2.0,7.5
1230000,5.6,2.5,1.0,5.6
23036,4.2,4.7,0.7,5.1
1100944,6.5,5.0,0.7,5.2
13908,6.3,4.1,1.5,3.2
1127726,6.3,7.9,0.0,7.9
1526918,4.9,5.7,1.0,6.7
1199097,6.7,5.0,1.3,4.8
1229862,6.0,5.7,1.2,5.1
99714,5.4,5.7,0.4,6.7
4108743,5.5,2.3,1.3,3.5
1498830,6.1,5.8,0.8,6.1
1163745,8.0,7.9,0.0,6.6
1156079,5.4,2.3,0.0,6.4
87763,0.3,1.3,0.3,8.5
1712581,6.6,5.4,0.6,6.0
2043450,5.5,4.1,1.8,3.7
1100034,6.8,5.1,0.5,4.5
7483505,5.8,3.4,2.7,4.3
75215,6.3,8.3,0.0,8.3
6009557,5.9,5.4,0.5,5.0
1127496,7.1,7.0,0.4,7.0
1137096,7.5,5.8,0.5,5.3
1714835,4.8,5.2,1.3,5.6
1137005,7.6,4.1,2.5,3.3
1254146,6.7,3.3,1.5,2.5
6556334,2.3,2.2,0.4,6.1
5609334,3.6,2.7,0.7,6.4
1181781,6.7,5.0,0.9,5.3
97275,7.5,7.3,0.6,7.2
2053873,2.1,1.9,0.4,7.8
1989598,7.7,5.7,0.8,4.9
4989440,4.2,3.0,1.6,6.3
1174645,6.5,5.9,0.3,6.2
1170257,5.1,5.1,0.0,5.5
1444986,4.7,4.1,1.4,4.8
1168521,7.5,6.1,2.9,7.7
6306544,5.6,5.2,1.4,5.3
1625826,7.1,8.2,0.6,7.3
4621342,0.8,3.5,0.0,8.0
1820071,5.9,5.8,1.2,6.0
5292420,5.1,3.9,0.0,4.6
2235310,5.9,3.8,0.7,6.4
1598525,6.4,7.9,0.1,8.2
1157655,8.5,4.8,0.2,4.4
2153874,7.5,7.3,0.3,6.8
1206182,8.4,4.8,1.2,5.2
1211679,6.1,5.9,0.3,5.9
6009710,6.8,4.2,0.0,4.2
1169794,7.0,5.2,0.0,6.8
1162769,6.4,4.3,1.7,4.4
1221918,6.4,6.0,0.5,6.1
13943,6.5,4.0,0.7,4.7
1774434,6.5,4.4,2.1,3.3
1207782,5.1,4.6,1.2,4.7
2626309,6.0,5.6,0.6,6.3
1582784,8.5,4.0,2.5,2.6
2260935,5.8,4.7,0.9,4.1
1743675,3.6,4.3,0.2,6.3
3671431,6.4,3.9,1.0,4.8
7604717,3.8,2.2,1.0,5.1
2906885,3.5,3.0,0.1,6.6
1426246,8.3,4.8,2.0,3.1
1193075,6.2,6.1,2.2,6.3
1211606,6.2,4.4,0.4,4.8
1129112,7.2,6.7,1.5,5.4
2035657,6.9,5.7,1.2,5.8
1202369,6.3,4.8,1.4,4.3
16152,7.6,6.3,0.8,6.2
2001378,6.9,4.5,2.0,3.8
5614845,4.9,6.1,1.4,6.7
1102484,6.2,5.7,0.3,5.8
1984,4.2,0.0,0.7,4.8
90059,6.4,3.8,1.6,4.1
2062663,7.9,4.6,0.0,4.9
1099450,7.3,5.6,0.5,5.4
1628673,6.5,3.3,0.0,2.7
4458663,5.8,4.1,0.7,4.9
2097006,8.5,5.2,2.1,4.4
23817,7.6,4.8,1.0,4.5
5919427,5.1,4.7,2.2,4.9
1165524,5.0,5.2,1.1,5.8
5292474,6.0,4.6,0.1,5.0
1159987,6.5,4.1,2.6,3.0
1585828,5.4,4.7,0.1,5.9
2503569,6.5,5.2,0.4,5.8
1776140,3.8,3.1,1.5,3.9
1126473,6.7,4.0,1.5,4.0
7858107,5.1,2.0,0.3,7.1
4857380,6.0,4.7,1.5,3.8
1168967,5.3,2.2,0.5,6.4
1289381,5.4,1.7,0.0,6.6
99726,5.7,4.0,1.3,3.1
1170248,4.3,4.2,1.3,4.6
1195424,7.6,5.4,0.8,3.7
4735146,6.4,4.5,0.8,5.0
4057760,6.4,4.3,1.2,4.5
1145049,6.8,4.7,1.7,4.4
1127823,6.5,5.8,1.0,6.3
1099296,7.3,7.2,0.5,7.3
1323583,5.7,5.5,1.1,6.3
77545,5.9,4.8,1.2,3.9
10182895,6.0,4.3,2.1,5.3
8486999,4.7,3.0,0.3,5.3
5182117,4.8,5.6,0.9,5.6
5587770,6.7,4.9,3.4,3.1
2401373,4.6,4.0,2.9,6.2
1365653,6.4,4.8,0.4,5.4
779158,6.1,5.7,0.6,5.9
1394262,8.5,4.4,2.3,3.0
1215564,7.6,4.6,0.6,5.1
6297877,6.2,3.5,1.2,3.3
5806265,7.0,6.0,1.1,5.7
1152565,4.2,6.8,0.0,5.5
1151439,4.5,3.8,0.3,4.5
1506779,6.7,4.4,2.5,3.3
4967855,7.6,6.4,0.5,6.9
1607165,6.5,4.2,2.1,4.1
1271699,8.0,5.6,1.3,4.6
1179261,6.5,5.5,1.5,6.2
4558177,6.6,5.8,1.0,4.6
4259413,6.4,4.8,2.2,5.3
1532992,6.2,4.2,1.2,4.7
1555395,5.7,4.8,2.3,3.1
74450,5.1,5.0,0.4,4.8
1449055,6.6,5.7,1.5,5.7
73613,6.7,5.2,2.7,4.4
73610,7.5,4.7,0.9,5.1
1682546,5.3,3.9,1.3,6.1
5716649,7.1,5.8,1.4,7.9
8713288,6.5,3.1,1.8,5.2
1499461,7.2,5.6,0.9,5.9
93036,5.2,4.3,1.4,3.6
5632230,5.0,3.7,1.4,5.3
7328441,5.3,5.7,2.6,5.3
7084406,6.4,2.7,3.8,2.1
26394,6.6,4.2,1.3,4.8
2335164,1.0,1.9,0.0,8.1
2142409,6.6,5.6,0.5,5.8
1196940,8.5,8.5,2.0,7.9
2554429,6.4,5.0,0.0,5.8
7558779,7.3,4.4,2.3,3.8
1204530,4.1,3.2,3.2,5.2
1229033,6.7,6.4,0.9,6.4
1194956,6.0,5.4,1.1,6.0
5117248,5.4,5.2,0.0,7.5
2402296,4.2,3.5,2.3,7.9
1884404,4.5,5.2,1.0,6.3
1506992,5.0,3.3,3.5,6.6
1303052,7.6,4.9,1.3,5.7
1829944,3.9,5.1,0.3,6.5
2493555,4.6,4.1,2.4,7.2
2512576,6.5,5.2,0.5,5.3
1100804,7.8,4.9,0.9,5.5
87839,4.5,4.7,1.5,4.7
1185621,5.8,5.0,1.0,5.3
2072773,4.2,4.0,3.4,8.1
82199,6.1,7.6,1.3,8.0
2446729,5.8,4.6,1.7,4.5
5855091,6.5,7.1,1.4,8.2
66144,6.4,7.3,1.2,8.5
89750,8.5,3.0,5.1,2.4
2669217,4.8,3.9,1.8,4.9
82698,4.7,5.7,0.9,6.3
66114,6.1,6.6,1.2,8.4
77339,5.9,7.7,0.9,8.2
1651,5.4,4.2,1.5,4.4
1134562,6.2,7.9,1.6,8.4
4978718,6.0,7.3,1.4,8.0
1100936,6.0,7.3,0.6,8.1
81836,5.5,5.9,1.1,6.3
5889425,6.7,8.0,1.0,8.5
1187886,8.5,2.6,5.4,2.7
1858797,6.8,4.1,2.9,1.6
66134,6.3,6.8,0.8,8.5
1138262,6.2,7.5,1.1,8.1
2322250,4.5,4.0,1.2,4.2
1146850,6.0,8.0,0.5,8.4
3506888,5.8,7.6,0.8,8.2
7650016,5.9,4.2,1.7,4.6
1169881,5.6,4.4,2.0,4.6
7619265,6.0,6.8,0.9,6.9
7555601,5.7,8.2,0.1,8.3
1458882,4.8,5.3,0.8,6.3
77453,6.6,8.2,1.3,8.4
1382212,6.8,3.8,2.5,3.8
5770,6.4,7.7,0.7,8.1
1128574,8.5,7.0,1.1,5.5
1136699,7.1,7.2,0.9,7.2
1186673,4.1,2.9,1.2,6.0
7092105,6.3,6.1,1.4,6.4
1245019,5.3,4.5,1.0,4.8
4481786,4.6,3.2,1.7,7.4
5358841,3.3,2.3,1.5,6.5
8983238,4.5,3.0,1.0,5.7
1197407,4.2,3.2,1.1,7.4
94872,3.4,3.5,0.4,8.1
7365926,8.0,8.0,0.5,7.0
1525041,8.2,5.1,0.8,5.1
1242853,5.2,5.3,1.3,6.2
19247,6.4,7.3,0.9,8.1
1323533,3.7,3.3,0.9,7.6
1196374,4.3,3.6,1.5,7.2
8656813,4.8,6.2,0.7,6.5
1197946,4.0,3.1,0.2,7.0
15297,7.6,4.3,2.3,3.5
5575067,6.6,7.9,0.8,8.4
1974164,3.0,2.9,0.0,6.6
4637047,8.0,4.4,0.6,4.9
80362,8.5,4.2,2.2,4.1
1404819,6.7,3.0,1.9,3.4
2129208,4.4,4.0,3.3,3.7
1517828,6.7,6.0,1.4,6.1
1165542,5.8,2.1,0.9,6.4
1433081,4.6,3.1,0.8,7.7
1278736,6.2,7.1,0.4,8.0
3837839,4.6,3.6,0.8,6.8
1100884,7.0,5.2,0.9,5.1
2893,4.9,3.8,1.1,7.1
7603352,7.7,7.7,2.3,6.8
1484987,5.6,4.1,0.5,4.6
1255238,3.5,2.8,0.3,6.3
11245,5.2,4.3,2.8,7.1
75771,6.5,7.9,1.0,8.1
1456406,8.0,4.8,1.4,4.4
1148839,7.3,7.2,0.7,7.1
1173797,5.9,7.2,1.1,8.0
2399973,6.1,7.7,1.1,8.0
1310041,6.7,5.2,1.2,6.1
77028,8.5,5.2,1.2,5.5
1208857,4.5,3.1,2.0,7.1
1213299,3.9,3.8,0.8,6.8
23380,4.8,4.2,1.0,6.2
1244709,4.0,3.2,1.2,6.7
1137098,4.7,3.4,1.8,4.6
1153577,3.5,2.8,0.8,6.2
5386833,4.1,3.8,2.5,4.7
86597,4.4,3.7,0.9,7.1
1489242,6.5,6.2,0.9,6.6
1525603,5.8,2.9,0.5,6.3
1126419,5.1,6.0,0.2,7.2
1750896,7.0,6.6,0.4,6.6
1970463,4.2,3.0,0.5,7.1
2868,4.0,3.2,1.5,6.4
1207221,6.1,7.7,0.9,8.2
825162,6.5,5.4,1.1,5.5
23381,5.3,4.6,1.2,5.6
22529,6.5,7.4,1.1,8.0
1181560,4.6,6.0,0.7,6.5
11756145,3.4,3.6,1.2,6.7
2016049,6.7,5.1,2.4,4.2
7952,8.5,5.3,0.7,5.2
2051144,3.3,1.7,0.8,6.4
11128419,4.2,6.8,0.5,4.2
6211484,8.4,5.2,1.9,4.2
1365404,2.6,2.6,0.0,5.4
6278561,6.3,8.2,0.2,8.0
1117558,1.0,2.6,0.7,7.5
1800513,6.2,7.6,1.0,8.2
1128910,4.1,3.4,0.9,7.1
10722591,6.5,4.5,0.2,3.9
93225,6.5,5.7,0.5,6.3
1157096,8.5,4.0,1.3,4.4
4131389,2.4,2.5,0.4,6.6
1915936,5.5,4.6,0.1,5.7
1792661,5.9,4.9,0.6,5.8
1412304,5.6,6.6,0.9,6.9
1259904,7.8,7.6,0.0,7.9
5841016,5.4,5.3,1.6,5.6
4026368,6.5,6.1,1.6,8.0
84852,7.5,7.4,0.4,7.3
1134518,4.6,3.7,2.8,3.6
2410736,5.5,6.0,0.9,7.4
1587293,6.0,4.5,1.6,3.5
1206928,8.3,4.3,2.0,4.5
9883477,6.7,6.3,0.6,6.2
88318,2.5,2.2,1.1,6.2
1137716,7.0,6.7,0.4,6.8
1201932,5.9,7.4,0.4,8.2
1459274,7.3,5.3,1.0,5.3
3555449,4.2,2.6,1.8,4.2
5772,6.1,7.5,0.6,8.2
1275772,4.6,4.6,2.7,7.2
1189479,3.6,2.8,0.8,7.4
5246871,4.4,2.3,0.9,5.6
1173985,3.2,2.4,1.0,6.1
2405782,8.0,8.1,1.1,5.5
5390659,5.4,6.2,0.0,5.3
1149101,4.8,6.3,0.0,6.9
1557128,6.8,4.1,1.7,3.1
2041804,7.8,5.0,0.8,5.5
1741814,6.4,6.1,1.5,5.2
7979110,7.7,5.3,0.9,6.8
10391030,2.2,2.5,0.1,7.8
1198189,6.0,7.7,0.4,8.3
6993318,1.9,2.1,1.1,7.7
86473,6.8,5.2,1.9,5.5
1146066,5.0,4.5,1.2,4.7
6716141,4.7,3.6,0.5,7.1
1263078,8.4,6.9,0.8,5.6
1147371,8.5,6.9,1.1,5.3
6626598,2.4,2.3,0.2,6.4
1084002,8.3,3.9,0.9,4.6
1148246,5.6,4.5,1.2,4.4
7374,2.6,1.5,0.0,6.6
1149100,5.0,4.9,2.5,7.2
1585761,6.8,5.3,0.6,4.0
1098878,3.2,2.6,0.7,6.3
1317535,3.9,3.5,0.9,7.3
5280597,1.4,2.9,0.7,7.2
1615062,1.3,2.0,1.2,8.5
1155999,7.4,5.6,0.8,4.5
2316144,7.1,6.1,0.3,6.3
87115,6.1,7.6,0.7,7.9
2016732,4.7,3.3,0.0,7.8
1134731,4.8,5.9,0.3,6.5
778764,8.5,3.7,1.2,4.2
10152,4.9,5.5,0.7,6.3
1363598,6.2,7.0,0.4,8.4
779414,2.7,3.2,0.0,7.0
778762,8.4,4.3,0.5,4.7
1242145,4.8,5.6,0.7,6.4
1712697,6.4,7.7,1.0,7.9
1653,5.0,5.6,0.9,6.2
6742120,6.6,5.3,0.5,5.0
12145252,4.8,5.0,3.2,5.2
100376,6.2,7.6,0.8,7.9
2154405,2.0,2.2,0.3,7.4
5929291,8.5,5.5,0.0,5.5
3758185,5.1,4.3,1.4,6.3
10741626,5.7,8.0,0.7,7.6
1153094,3.5,3.7,0.0,4.2
1851374,4.1,3.0,0.4,7.1
2301362,7.0,6.6,0.8,2.7
2754860,7.1,4.9,3.7,3.5
7068795,4.2,4.3,2.3,7.3
5052798,5.2,6.0,0.1,6.2
1215346,7.4,5.3,0.9,5.2
1758496,6.4,7.3,0.5,8.3
7151,6.1,7.0,0.5,8.5
1321046,6.7,5.0,2.5,3.4
20920,7.7,6.2,1.0,6.2
1790577,6.5,5.2,1.3,6.0
5809302,5.9,6.2,3.4,6.1
80358,8.4,4.5,1.8,4.1
3941986,4.3,4.6,1.3,7.3
3358808,3.4,2.1,0.2,6.5
2365350,1.4,2.7,0.2,7.6
1165845,7.1,5.7,0.3,6.3
2518785,3.5,2.2,0.0,6.5
6008200,5.0,5.3,0.4,6.4
1123166,6.9,4.5,1.0,4.0
92485,6.3,7.5,0.0,8.5
1428373,7.0,5.4,1.8,5.8
5731330,2.5,2.2,0.6,6.2
1893992,6.5,5.6,1.3,6.2
9598113,7.1,6.9,1.0,7.3
1910156,3.2,2.0,0.4,4.9
5275616,6.5,5.4,1.4,3.5
1529053,4.4,3.7,0.8,6.6
1283092,8.5,5.3,1.1,6.2
6145209,5.5,5.6,2.1,6.8
9917830,3.5,3.2,2.7,3.6
3878410,3.3,2.8,0.0,6.8
1267823,7.9,5.5,1.1,5.2
16666,2.2,2.5,1.2,6.5
79017,3.5,2.5,1.0,6.1
5006607,6.9,8.3,0.7,8.2
1773968,6.7,5.8,0.0,6.8
5067381,6.4,4.6,1.3,5.6
1169991,3.3,2.0,0.2,6.3
1990729,2.8,2.0,0.3,6.2
1109638,3.8,3.1,1.5,6.5
1726718,6.4,7.8,0.1,8.4
1177624,7.4,5.8,0.6,6.9
4807056,1.1,2.7,0.1,7.5
1597641,0.4,2.9,0.5,7.3
1200261,4.1,2.7,0.8,6.9
2244088,2.9,2.6,0.6,6.1
6656514,6.0,5.2,0.0,6.6
3438885,3.0,1.8,1.8,6.8
1246149,6.2,7.6,0.0,8.5
1915928,7.4,6.3,1.1,6.5
1654,4.9,5.5,0.7,6.3
1645929,7.4,7.8,0.6,7.3
7283838,6.8,6.5,1.9,5.3
1198951,7.9,4.8,1.2,5.2
7604685,5.5,5.8,0.1,5.7
1126961,6.0,4.2,1.0,4.5
1361982,4.7,3.6,1.0,4.9
2085063,3.4,2.0,0.9,6.5
3957098,7.1,4.8,0.4,5.1
10216357,8.0,6.8,0.0,5.5
2035173,6.3,7.5,0.8,8.1
9466312,6.8,6.8,0.8,7.6
1107919,7.5,7.4,0.9,7.3
1899441,7.0,5.8,2.0,5.6
3141910,4.2,3.0,0.0,8.0
13040636,5.9,5.9,0.9,5.9
1292008,6.1,4.2,1.1,4.7
6475466,4.5,4.1,2.0,4.7
9119,6.0,6.0,0.7,6.3
23352,6.0,5.7,1.2,5.8
1184545,6.5,4.6,0.4,5.6
53124,1.1,1.9,0.7,7.8
54214,4.7,5.7,0.5,6.3
1126326,6.8,6.0,0.5,6.4
9316902,6.2,3.8,2.7,3.5
779902,3.7,2.3,0.0,5.5
5919175,7.0,5.1,1.1,5.2
1434669,6.0,4.3,1.6,4.7
2183,5.2,4.3,0.6,4.5
12543951,5.0,4.9,2.5,4.9
11458526,5.5,4.7,2.8,4.4
1981084,8.0,3.7,1.9,2.3
5707480,5.7,4.7,1.6,4.7
1242068,7.5,6.1,1.9,7.7
1156335,7.9,4.2,0.8,4.4
6318646,1.8,2.6,0.5,7.7
1177570,4.2,3.3,1.8,5.6
2806600,7.2,5.1,0.7,4.4
6225310,4.5,3.8,0.0,4.7
5907977,8.2,2.6,4.7,2.6
1755347,6.7,5.4,0.9,6.1
2051261,6.8,6.8,0.0,6.8
4080521,6.6,5.0,0.8,5.0
1166307,6.4,5.1,1.3,5.4
5744491,4.9,4.4,0.6,4.9
5577391,6.1,7.2,0.0,7.7
6001999,5.1,5.0,2.5,4.6
5871657,6.0,5.7,1.7,5.3
1142267,5.6,4.2,0.9,5.6
11888885,4.6,5.0,2.0,5.5
6472341,5.8,4.7,0.4,3.6
11652456,4.9,4.4,3.1,4.5
9654967,5.2,5.7,0.0,6.2
1222394,6.6,5.8,1.6,4.9
7255179,5.2,7.1,0.8,7.8
1163924,7.3,5.6,0.9,5.2
3999605,7.7,5.0,0.7,3.9
9880645,5.2,6.3,0.9,5.0
6132986,7.7,7.3,0.5,7.1
1214229,6.1,5.8,0.8,6.4
5242280,8.5,3.8,1.0,4.2
9501881,6.8,5.7,1.7,3.0
1887223,6.4,5.9,0.9,6.3
9436772,6.9,7.0,0.0,5.6
2563227,4.6,5.7,2.0,5.0
1147003,3.1,1.6,0.0,6.0
1492681,7.7,3.9,2.1,3.5
17126,7.6,4.9,2.2,3.7
91020,6.4,6.5,0.4,7.2
8767556,5.2,4.1,1.7,4.6
10664380,5.6,4.0,0.0,4.8
2327836,6.4,4.9,1.1,3.8
2277749,8.2,4.2,2.9,3.0
1126659,5.5,4.5,0.6,6.5
1263896,7.1,4.9,0.9,5.6
9585830,5.4,5.5,1.5,5.7
6715854,6.8,6.1,2.6,4.5
3427305,6.7,4.6,1.4,4.5
8758208,5.2,4.6,1.5,5.1
6716161,6.7,6.3,2.2,6.3
7041855,5.7,3.8,1.3,4.8
2230182,6.4,5.8,0.8,6.0
11102871,5.5,6.2,1.9,6.5
2385006,7.6,5.5,0.9,5.2
10681048,6.4,4.9,2.3,4.6
1102060,5.6,6.0,1.7,6.6
3933104,6.5,4.1,1.4,4.4
12818,6.2,5.5,1.7,4.8
10761257,5.6,7.0,0.3,7.6
1267338,6.7,6.1,0.2,7.0
1196345,5.9,3.8,0.7,4.8
1674641,4.7,6.5,1.2,6.6
2079257,6.4,3.8,2.6,2.9
7748066,2.9,2.5,0.9,5.7
1187207,6.3,7.3,0.6,8.2
8514907,7.0,4.1,3.0,3.5
79607,2.4,2.6,0.5,6.2
1192407,7.5,7.5,0.9,7.3
1127896,6.8,6.0,1.0,6.4
16642,6.5,4.4,1.7,3.0
10795072,6.1,5.0,1.5,4.0
1917038,6.8,5.7,0.6,5.7
1218075,8.5,4.8,2.8,4.0
2586584,6.8,5.6,1.2,5.9
1384736,8.4,4.6,1.9,5.3
1138187,6.3,6.3,0.6,7.1
1708022,6.5,5.3,0.6,4.8
1710699,5.3,4.5,0.5,5.3
8578109,5.9,4.5,0.8,3.5
7405276,4.8,4.0,0.6,5.8
7274642,4.1,2.5,2.2,5.1
2124116,4.5,2.1,1.2,5.2
3077785,5.9,4.6,0.5,4.2
2797992,6.5,4.9,0.8,3.7
1317327,6.8,5.0,3.0,3.9
1139210,1.8,2.1,0.6,8.0
1335995,3.5,2.0,0.3,6.0
1181413,5.4,4.7,1.0,4.6
1194843,8.4,4.9,2.9,3.1
6891308,5.4,5.0,2.0,4.4
1244,8.5,4.7,1.6,4.3
1138894,6.3,5.9,0.9,6.1
10220185,6.0,4.5,1.1,5.5
1175541,4.4,5.9,0.3,6.6
1182742,7.0,6.3,0.9,6.1
10921781,4.8,5.8,0.0,3.8
73626,4.9,4.2,1.2,4.3
1536706,5.2,4.4,1.1,4.7
1200910,4.7,5.6,1.0,6.1
1843552,7.2,7.7,0.2,7.7
97042,7.5,7.1,0.5,7.2
1180992,0.0,1.2,0.6,8.1
1971270,5.6,5.9,0.4,6.7
1182334,7.2,7.1,0.6,7.2
16223,6.5,5.5,1.3,6.1
2569490,6.8,6.8,1.6,5.1
1478423,4.7,5.9,1.1,6.6
1315693,6.7,4.4,1.0,4.0
5226653,8.5,4.5,1.5,3.2
9091479,6.6,5.2,1.8,5.5
2395325,5.9,4.6,0.0,5.4
1276505,5.6,5.6,0.3,6.4
10403463,6.3,4.8,1.0,3.3
1685284,6.1,5.0,1.2,4.6
1139434,6.7,5.4,1.4,5.7
8375095,5.9,4.6,2.8,5.0
11696107,5.9,6.5,1.0,5.9
6750379,5.2,4.7,0.7,5.5
1084001,8.3,4.2,0.6,4.5
7944537,8.3,4.5,0.2,4.5
7235670,6.2,7.2,0.0,8.2
79514,6.3,5.3,1.1,3.3
6669210,4.9,5.4,1.3,5.5
1896552,6.5,4.1,1.1,4.3
1103219,5.3,7.1,0.2,7.7
4066014,4.4,5.2,1.4,5.4
9418097,3.0,1.5,0.0,6.8
1621094,2.0,2.0,1.8,5.8
5478323,3.1,3.1,0.3,6.7
20967,6.0,4.5,1.7,4.5
1386211,5.2,3.9,0.0,4.0
1172744,5.2,4.5,0.8,4.8
1823717,5.0,4.1,1.4,4.5
8837362,4.9,4.0,1.0,5.1
9445961,2.4,1.7,0.6,7.8
1214235,1.9,2.0,0.3,6.6
1691615,3.0,2.1,0.1,6.3
1485134,7.3,6.8,0.6,7.1
8395505,6.6,3.7,1.5,5.7
11293672,4.0,4.5,0.8,5.5
1129509,6.2,6.7,1.0,7.7
1189285,0.5,1.4,0.8,8.3
1541999,3.4,1.9,0.0,6.8
7029907,6.3,4.7,5.7,5.2
8032785,5.4,4.9,3.2,4.8
2123997,5.4,4.2,1.4,4.0
1239886,4.0,5.9,1.3,4.7
7427285,7.8,8.4,0.5,7.8
22917,4.8,5.5,0.4,6.3
1969090,5.3,4.5,1.1,4.7
79552,2.2,3.5,0.4,6.4
1147460,8.5,4.9,0.9,5.5
1319083,5.6,3.4,1.6,5.3
12204,5.0,3.9,1.1,4.7
5469026,8.1,5.0,1.6,5.2
1213866,8.5,4.7,2.5,4.2
1246142,6.6,5.7,1.8,4.0
5118097,6.0,7.1,0.8,8.1
1659210,5.6,2.2,0.2,6.7
83985,6.7,4.0,1.8,2.9
1637955,6.1,3.3,0.8,5.0
779452,8.4,3.9,0.8,4.5
18980,2.2,2.1,0.7,6.4
1901028,6.7,6.4,1.3,6.2
6021721,5.4,3.7,2.7,4.7
4317896,7.4,6.5,1.1,7.0
1185311,8.0,5.1,1.7,5.5
1225639,7.5,7.4,0.5,7.4
1318937,8.4,5.1,2.0,3.5
6200,5.0,5.5,0.5,6.2
4903755,6.8,7.8,1.3,7.9
3741258,6.7,6.7,1.1,4.6
1153752,6.8,5.0,1.8,5.1
5095417,6.2,4.8,0.3,4.7
7050187,4.8,2.4,1.0,6.4
1906108,5.7,5.5,2.3,7.7
5792919,7.7,4.0,0.2,5.3
5203998,5.1,4.3,2.3,4.4
73282,4.3,3.2,0.3,7.2
3960858,6.0,7.5,0.6,8.5
2893233,7.5,5.8,0.9,4.7
5674483,8.0,4.1,0.7,4.7
1575495,6.6,5.7,0.3,6.4
1679309,4.0,5.8,0.0,6.8
1455474,7.4,7.2,0.4,7.2
1776094,8.5,3.3,2.6,1.9
6281,4.5,5.9,0.5,6.4
1146273,6.5,5.9,0.6,6.3
1164415,6.1,5.6,0.3,6.1
66504,7.4,4.9,1.7,4.9
1937090,8.5,3.4,0.0,4.2
2035944,7.4,5.7,1.1,5.5
1834700,6.3,6.9,0.8,8.5
95338,3.6,2.7,0.5,6.2
1162818,7.1,7.3,0.3,7.3
6542196,6.2,7.7,0.2,8.4
24104,3.2,2.3,0.4,6.2
56174,6.6,5.3,0.7,6.1
2305590,6.2,8.3,0.4,8.2
6140834,8.0,4.3,0.3,4.7
1172951,4.1,3.3,0.8,7.1
1178074,6.3,5.4,1.2,5.9
1770469,6.5,5.4,0.4,6.5
1797743,5.9,5.9,0.8,5.0
1379129,5.5,5.7,2.7,5.5
1183629,8.5,5.9,0.9,5.2
1100844,7.2,6.8,1.2,6.4
1372793,8.5,3.8,2.8,2.6
1178265,8.5,4.3,2.8,3.7
1196266,6.9,6.5,2.0,5.4
2106106,6.5,5.7,1.1,6.0
98074,7.6,7.3,0.4,7.2
2786502,3.3,2.7,1.8,6.5
1845701,4.9,5.5,1.2,6.1
1252400,3.1,2.4,0.0,5.5
1211455,8.5,6.2,0.3,5.4
1810200,5.2,4.5,0.9,7.1
1107923,7.6,4.5,2.6,4.0
1105987,4.3,5.7,1.5,4.2
3874850,5.3,5.9,0.4,5.5
96805,5.3,6.8,1.2,7.4
2325981,5.5,2.6,0.8,6.6
1211385,4.0,3.2,0.2,7.3
5327204,3.7,4.5,2.1,7.7
3573361,4.4,2.6,1.1,6.6
88554,6.4,7.9,0.4,8.4
97222,5.9,7.4,0.4,8.0
1589078,7.0,5.3,0.8,5.5
5888240,6.0,8.3,0.0,8.1
1526785,7.8,4.4,3.0,3.1
1904142,7.4,6.2,1.3,4.9
5693443,7.2,5.1,0.9,4.3
96982,5.0,4.4,3.2,7.0
22406,3.7,2.5,0.3,5.4
8317133,4.1,2.2,1.0,6.3
6317872,4.1,3.5,0.4,7.0
1167572,5.5,6.9,0.1,8.2
1604285,7.2,5.6,0.6,5.2
1160375,6.6,6.6,0.0,7.7
1909251,3.8,3.3,1.1,7.1
1984012,3.4,2.8,0.3,6.0
6029664,6.0,5.1,0.7,4.3
1136621,4.4,2.5,0.2,6.5
2279104,2.5,2.1,0.7,6.8
1495801,8.5,4.9,0.7,4.5
1220652,6.7,5.0,1.3,5.8
9109268,6.4,3.0,0.0,5.9
2048442,8.5,5.0,2.3,2.2
7070909,7.7,4.9,0.9,5.2
1237746,3.3,2.4,0.8,6.7
1212034,6.4,4.8,0.6,4.7
63914,0.7,2.5,0.9,7.6
7470554,3.8,3.3,1.1,6.5
1196865,7.4,5.0,0.6,5.6
5933309,7.7,4.2,1.5,4.8
2552319,4.8,4.4,0.7,4.2
1222470,8.0,5.9,0.8,4.5
1487122,7.5,6.2,0.6,6.1
1972588,7.4,6.2,1.5,5.1
1254093,8.5,2.0,4.9,2.2
1580850,3.1,4.2,2.7,6.5
3192609,6.1,5.3,2.3,4.2
10697385,6.3,7.4,0.6,7.1
7148118,8.3,5.9,0.4,4.7
3992431,3.6,3.3,0.3,7.0
7664900,8.4,5.8,0.8,5.8
1201246,3.7,2.7,0.9,6.4
1197196,5.2,4.7,1.9,7.5
4561692,7.6,4.9,0.0,5.3
10100722,5.2,5.2,1.8,5.5
1851110,6.5,7.5,0.5,8.3
1173136,6.6,6.4,1.5,5.3
1880963,6.5,7.6,0.5,8.4
10220795,1.8,1.8,0.0,7.0
1662478,3.5,2.5,0.3,6.5
6735860,7.6,5.5,0.0,5.0
5312971,5.8,6.5,0.0,6.8
15169,6.0,2.7,1.4,6.2
1192389,5.6,7.3,0.6,8.5
13148,4.9,4.3,1.3,4.4
2018420,6.2,4.3,1.4,3.8
6445696,8.5,7.3,0.2,5.1
1239739,7.3,5.5,0.7,5.2
8636990,5.4,4.1,3.5,3.4
1611480,3.7,3.5,0.7,7.7
89985,4.8,6.0,1.1,6.2
1126101,6.2,7.7,0.5,8.3
1395304,3.9,4.7,0.2,5.7
1768951,5.2,3.6,0.2,4.3
1100697,6.5,7.2,0.3,8.5
19277,6.3,7.1,0.5,8.5
1192659,2.5,2.3,0.0,6.8
15197,5.6,4.2,0.6,4.9
1151960,5.0,6.0,0.4,6.4
1727991,6.3,7.5,0.7,8.0
10666309,8.0,2.5,4.2,3.0
22174,5.3,6.1,0.8,6.4
10749104,3.6,2.5,0.6,6.9
8056702,4.2,6.8,0.0,5.5
6295,3.3,2.3,0.6,6.1
1168441,5.5,4.3,1.7,4.5
15291,4.3,4.6,0.7,5.5
1280558,6.5,4.5,1.4,3.3
1173786,8.5,2.7,4.6,2.9
1237796,2.4,1.6,0.0,5.8
75846,6.3,7.6,1.0,8.1
6299895,2.4,2.5,1.1,6.3
7735413,4.3,6.0,1.7,6.8
1622324,7.4,5.6,0.3,3.8
1224363,4.4,3.5,0.6,7.3
1961156,4.3,3.3,1.0,7.2
1161621,6.0,7.1,0.8,8.4
1439741,4.1,6.5,1.8,4.6
779423,7.3,5.3,2.1,3.3
1710973,8.2,2.5,4.7,2.9
12273,4.7,2.2,0.8,5.3
41594,4.0,3.3,1.3,7.6
2149967,8.2,5.0,2.1,5.3
1965402,7.3,7.5,0.0,7.4
18921,4.9,4.1,1.3,4.4
1212125,5.5,7.3,0.4,8.3
10537,2.5,2.2,0.4,6.2
4586250,3.1,2.8,0.0,6.5
2309765,2.8,2.4,0.8,6.5
10538,2.6,2.1,0.8,6.3
11569548,5.3,3.4,2.1,3.8
2846568,8.5,5.1,1.4,4.8
1101325,3.8,3.1,0.7,7.0
9792346,5.8,8.0,0.0,8.5
1177643,5.7,7.0,0.5,8.4
1859873,2.9,2.6,0.0,6.7
6663419,3.4,2.6,0.9,5.9
1211006,7.7,5.4,0.5,5.2
2379517,6.9,6.3,0.0,6.4
3981861,5.2,6.0,2.0,6.7
2294231,3.1,1.7,0.0,6.1
1084884,6.2,4.3,3.6,2.1
2909417,5.8,4.7,1.0,4.8
88394,6.6,5.0,2.1,3.3
1139003,2.8,2.4,0.5,6.0
1226959,6.0,3.7,3.1,5.0
5583269,7.1,7.2,1.6,6.9
7658373,6.1,4.6,1.3,4.2
1558329,5.4,6.9,0.1,6.9
20807,4.9,6.0,0.0,5.7
3723907,2.9,2.8,1.1,6.6
3944517,3.7,2.9,1.1,7.0
1721745,7.5,6.5,0.7,5.9
1863802,4.0,3.3,1.2,7.4
2062235,8.0,5.7,0.8,5.6
2816892,6.4,7.6,0.6,7.7
88471,5.6,6.9,0.2,8.5
22554,6.1,6.8,0.7,8.3
2646274,4.8,2.0,0.0,7.1
2317730,5.3,6.0,1.9,6.5
1213579,8.5,6.9,0.3,5.5
1128396,8.5,4.9,0.3,5.4
1115165,5.3,4.1,1.2,4.3
1698707,3.7,2.2,1.0,6.0
2565329,7.8,4.8,2.3,4.3
1953132,8.0,8.5,0.1,8.0
1100225,6.2,5.9,0.3,6.1
7948632,8.0,5.3,1.2,4.4
2135728,5.9,4.5,0.6,5.5
1296705,7.5,4.7,1.3,4.5
1128691,8.5,5.4,0.9,6.3
1166217,6.4,5.7,0.7,6.3
5829559,5.0,2.9,0.5,6.6
13356,8.3,5.0,0.7,4.3
16380,6.5,4.7,0.8,5.2
1176141,6.3,5.7,0.6,6.6
5360520,6.7,4.8,1.0,5.0
1109192,4.4,5.2,0.6,6.2
3976524,5.0,4.2,1.2,4.7
1321895,6.1,6.8,1.1,6.1
5953559,6.5,4.5,1.0,5.2
1297817,6.1,5.1,0.2,4.9
1206518,4.8,5.3,0.2,6.3
86942,4.8,5.8,0.4,7.5
16034,8.5,8.2,2.0,7.5
1788781,3.6,4.7,0.3,7.8
1249859,6.1,3.9,1.8,3.1
1724275,8.5,5.1,0.9,4.3
7273075,4.9,4.9,2.3,4.8
2550272,6.9,4.6,0.3,4.6
1127588,6.5,4.6,2.1,5.3
77511,6.6,5.1,0.7,5.4
1234047,6.3,5.7,1.0,5.9
1314572,6.1,5.6,0.4,5.9
1734585,5.9,4.3,1.1,4.2
2180513,7.4,4.8,1.1,5.2
5537589,4.9,4.2,1.4,6.1
1587073,6.4,3.2,0.5,4.2
5807668,6.7,6.6,0.2,4.5
1211652,6.3,4.3,0.8,4.0
7744133,5.7,6.2,0.4,6.1
1488203,6.7,4.8,2.0,4.3
5610531,5.7,6.8,0.5,5.5
1244517,6.3,6.3,1.0,5.7
1514638,5.8,6.3,0.8,6.0
6003418,8.5,4.0,1.0,4.6
1125141,8.5,4.8,0.5,5.2
2593922,6.7,3.7,1.1,5.0
1726242,6.3,5.5,1.0,5.0
1191060,6.0,4.9,0.2,5.3
99545,8.3,5.1,1.0,5.3
1193566,5.4,3.5,1.0,5.8
3211407,8.0,4.3,1.4,6.1
1227822,6.9,6.4,2.0,4.5
8717132,6.1,5.2,0.0,5.8
1389015,6.4,4.9,0.3,4.7
1453769,6.1,5.0,1.2,5.3
1170687,7.2,6.2,0.9,6.7
6470632,5.6,4.4,3.0,4.3
1536095,7.6,8.0,0.2,7.8
3784997,5.5,6.5,1.3,6.0
1775476,4.3,4.2,0.6,4.9
3953766,6.6,4.3,1.3,5.0
4583017,4.9,4.5,0.2,4.7
39574,7.7,6.4,1.0,6.1
1458025,5.9,6.4,0.6,5.9
1574241,5.6,5.1,2.6,5.4
7310758,5.1,4.4,1.7,6.0
1481965,7.4,6.2,0.0,5.3
5374272,6.9,3.4,1.3,4.7
2294384,6.4,6.0,0.5,5.8
8675139,3.9,4.2,2.3,8.1
5409799,7.8,3.9,2.0,4.7
1154161,5.4,5.7,0.3,6.3
2485557,5.8,5.0,1.8,3.6
1470610,7.8,5.0,3.1,3.2
6330004,5.4,4.7,2.1,4.9
1951688,6.5,5.9,1.4,5.6
1252608,1.7,2.6,0.0,6.4
1198985,5.3,4.7,1.8,4.5
1165527,7.5,5.6,1.8,3.7
2324377,5.3,5.0,2.6,4.9
1266561,6.1,3.9,2.1,3.6
2637148,7.8,5.3,1.5,3.1
10420957,6.3,7.2,0.2,6.3
1245687,7.2,6.4,1.3,6.7
4523406,6.3,4.0,1.1,5.2
2156588,5.8,4.5,1.3,4.6
2076523,6.4,4.9,0.7,4.4
2538963,6.0,5.5,1.7,5.3
4759901,7.2,5.7,0.8,3.8
3179546,4.7,3.4,0.4,5.6
1152977,5.6,2.3,0.4,6.5
1163756,7.6,7.8,0.6,7.4
1524302,1.8,2.2,1.6,7.1
2063871,5.4,5.9,0.2,7.6
1573957,6.2,4.7,0.0,3.4
2413128,5.4,4.5,0.9,6.7
1824913,5.6,6.5,0.9,6.0
75962,6.7,4.5,2.8,4.2
6997079,7.3,6.9,0.7,6.2
1177247,4.9,4.5,0.4,4.7
1155093,7.4,4.9,1.5,5.0
77986,6.7,4.4,1.2,4.0
2223,5.0,4.1,1.7,4.0
2852545,6.8,4.1,0.6,2.0
7817429,5.9,5.4,2.4,4.8
7058615,6.1,5.7,0.6,6.2
5251616,6.3,5.2,1.3,4.0
1149912,6.7,5.6,1.7,6.1
1137214,6.5,3.6,3.0,2.8
6522600,6.6,5.4,1.2,5.6
1546791,6.5,3.9,2.1,2.5
1849725,4.5,4.8,0.2,6.4
1638139,6.6,4.2,3.1,3.8
1182136,6.5,6.0,1.0,6.0
2321049,6.0,4.2,1.3,4.4
1542293,4.1,4.4,2.6,4.8
1149000,6.0,5.7,2.0,5.6
5674507,7.2,5.2,0.6,5.1
4123388,7.4,5.3,0.4,5.3
1169235,7.6,5.2,0.8,3.7
5014432,5.8,5.8,0.6,5.8
9744725,7.7,6.6,0.0,6.5
1650507,8.0,4.9,1.5,5.4
1746454,4.8,6.1,0.2,6.8
16648,6.2,4.5,1.3,3.8
1223300,6.6,4.4,1.2,4.6
2215224,7.6,4.8,1.7,2.9
2315286,7.4,8.2,0.1,7.4
8846251,6.6,6.5,0.0,6.6
2125241,5.5,5.5,1.8,5.5
3816628,4.7,3.5,0.6,5.7
1131231,5.1,6.2,1.6,6.5
60984,6.7,2.3,4.0,1.5
81747,7.7,7.8,0.1,7.6
1203270,6.4,5.5,1.8,5.9
1158307,6.3,5.7,1.5,5.7
1213863,7.8,3.6,0.0,4.9
91995,6.3,4.0,2.9,2.6
5336273,6.5,6.4,0.5,5.5
8105668,6.1,6.0,0.3,4.5
7107872,2.5,2.4,0.8,5.7
1840326,6.2,7.4,0.2,8.3
1706640,6.0,6.0,1.5,5.9
1516813,6.5,5.7,1.2,6.2
1595993,6.1,5.5,0.4,5.2
2258604,7.8,4.6,1.0,4.5
77762,5.0,6.0,0.0,6.2
2977862,8.0,5.8,1.4,7.6
9202187,3.9,3.7,0.5,3.8
1776147,6.8,6.9,0.4,7.2
1233522,6.5,5.9,1.0,5.7
2935218,7.0,3.7,1.3,4.8
4507574,5.8,4.1,0.0,4.8
19207,6.3,5.6,0.5,5.9
1690711,8.5,5.3,0.8,5.5
6817360,5.0,3.9,0.2,5.4
3705473,5.8,3.3,0.0,4.3
1186737,5.7,3.7,0.8,4.3
1489246,6.7,4.7,1.5,4.3
54064,7.1,4.6,0.7,4.2
1203117,6.6,1.9,1.6,1.6
1267043,7.4,4.1,0.8,4.5
2568861,6.5,7.0,0.4,7.5
1972245,6.3,6.2,1.1,5.4
1307896,6.9,5.9,0.5,5.2
4546978,6.0,5.5,2.2,5.1
1303028,6.4,6.2,0.9,6.0
2223042,6.7,5.4,0.0,4.2
1174345,6.2,5.4,0.8,5.7
85761,6.5,4.8,1.2,4.5
1688314,5.6,5.4,1.7,5.4
1206153,6.4,6.0,1.1,4.0
1955228,6.0,5.9,0.7,6.0
1844201,6.7,6.3,1.0,6.0
1147949,6.6,4.6,0.6,4.1
1459123,6.9,5.3,0.3,4.5
1542988,6.8,3.4,0.5,1.7
1548097,8.5,4.5,2.9,3.0
18797,5.2,4.3,1.1,4.7
21899,5.3,4.9,1.1,3.5
2063984,6.6,6.0,0.9,6.1
8198779,4.5,4.3,1.9,7.5
5093459,6.2,2.5,4.2,1.9
1595280,5.5,4.5,1.1,4.7
22359,6.8,5.6,0.8,6.3
7499354,6.2,5.4,1.4,5.2
2616371,7.9,6.2,2.1,7.6
1235274,0.4,0.8,0.4,7.8
1972840,3.8,3.4,1.3,4.9
1545785,6.7,4.6,1.2,4.5
1793007,6.8,5.0,0.9,4.1
2501759,7.2,6.6,1.7,7.7
10363525,6.7,5.2,2.1,4.6
7391781,6.5,3.4,0.8,2.1
1789702,2.5,2.1,1.1,5.9
1146263,5.5,2.5,0.8,6.6
77298,6.1,4.4,1.6,3.2
1246946,6.5,4.3,1.5,4.5
1754659,8.1,5.1,0.9,3.4
2448286,6.8,5.3,0.5,6.5
2124596,6.7,8.1,0.2,8.3
1509025,7.4,6.7,0.3,7.2
1209633,6.1,4.7,0.9,4.8
2505199,4.0,4.3,1.3,7.6
1366790,6.5,5.4,0.2,6.2
6643205,4.8,4.2,2.6,4.3
1221446,6.8,5.1,1.3,6.2
1190806,5.6,3.6,2.0,3.9
5940143,4.5,4.2,1.0,5.9
5196834,4.2,1.8,3.2,4.8
82708,7.3,4.0,2.5,3.1
1388267,6.7,6.9,0.2,6.4
1176243,6.0,6.2,0.9,6.1
1219718,5.7,5.5,2.1,5.9
1931355,6.4,6.1,1.0,6.1
1612592,5.6,6.6,0.0,6.8
1283889,5.3,4.3,1.8,4.5
1998846,6.3,5.4,0.5,4.9
1383649,6.7,5.9,0.9,5.7
1213504,8.0,5.8,0.0,2.4
1740186,6.8,6.3,0.3,6.3
1685483,6.7,5.1,0.9,4.9
2034329,7.0,4.8,0.0,4.2
49564,6.4,5.6,0.8,6.2
2425898,6.4,5.9,2.0,6.2
9224,4.4,3.2,1.2,5.6
1211696,6.8,5.7,1.4,4.2
1693718,4.6,3.6,0.2,6.9
2172754,5.4,4.4,0.4,4.9
5262144,7.4,3.4,2.0,4.3
1186293,8.4,5.2,0.5,5.8
1614421,2.3,2.2,0.9,7.3
1250558,6.8,6.0,0.0,5.8
4152717,3.6,2.7,0.0,6.4
15357,4.8,4.7,0.7,5.1
1275482,5.8,6.0,0.8,6.6
1160359,7.5,7.6,0.3,7.4
1607385,6.0,4.4,1.0,4.7
1126214,6.0,6.1,1.2,5.9
58664,6.5,6.3,0.9,6.2
1137635,7.0,5.1,1.1,4.2
6220613,4.0,2.0,0.5,5.1
2307708,7.7,5.5,0.5,5.1
7160307,0.7,1.8,0.0,7.8
7743639,4.2,6.8,0.5,4.2
3355565,4.8,5.7,1.2,4.3
1211322,6.3,4.3,1.9,2.9
8685243,7.3,3.8,0.7,5.5
1297236,5.6,5.8,0.7,6.0
6382051,6.9,5.3,1.0,5.8
1992532,4.2,6.8,0.0,5.5
5110258,5.3,4.6,0.2,6.2
6543677,4.3,4.5,2.5,4.9
1633327,6.8,5.6,1.2,6.3
1747114,6.4,6.6,0.6,6.9
9925138,5.8,4.2,2.1,3.2
1611687,5.0,6.3,1.2,7.0
1242027,6.8,6.9,0.1,6.4
10782354,6.0,5.7,2.8,5.0
7039647,4.2,6.8,0.0,5.5
1222062,6.6,5.1,1.7,5.7
1135812,6.4,5.9,1.1,5.9
1370897,7.4,5.3,0.0,5.8
14875,6.5,4.9,0.8,6.2
1370718,6.2,3.4,2.8,2.7
21584,6.5,6.1,0.8,6.1
3384125,7.5,4.2,0.8,4.9
1164451,7.9,5.2,0.3,3.4
1141810,6.3,5.7,1.0,6.1
1614631,5.4,6.2,1.0,6.2
5926,8.4,5.3,0.9,4.5
1207136,6.0,5.6,1.3,5.6
1101044,5.4,6.0,0.8,6.1
1224518,6.8,6.5,0.5,4.9
7169674,6.3,4.6,2.7,4.0
24227,7.7,4.2,1.1,4.9
1419316,7.7,6.1,1.0,5.9
1721826,7.9,4.2,0.4,3.5
5528454,6.2,4.9,0.2,5.9
7783711,7.6,6.8,0.3,6.0
1624380,5.0,3.2,2.6,4.1
1795366,6.2,5.5,1.4,5.6
1209866,3.2,2.7,0.5,6.5
2031969,6.1,6.3,1.5,5.9
2195194,6.3,4.8,0.5,5.1
1948650,6.8,4.5,1.6,4.5
4286,4.3,5.2,0.6,6.0
1443479,7.4,5.1,0.8,5.9
3671112,2.9,2.4,0.0,6.2
1213359,6.8,5.0,0.9,5.1
1308115,7.8,4.5,0.4,4.4
1171732,6.6,5.5,0.1,6.1
1591264,4.9,4.4,1.2,8.1
1242466,5.4,5.8,1.5,6.4
1239157,5.1,4.6,0.8,7.5
2301739,4.4,6.3,1.3,6.7
9995402,5.2,5.7,1.8,5.6
4309753,4.9,5.8,1.4,6.7
4124393,5.6,4.9,1.8,3.9
1216047,6.1,7.6,0.1,8.1
1196060,7.6,4.1,2.2,3.6
1929639,7.9,5.4,1.5,4.3
1234896,5.1,4.4,0.4,5.3
1459219,6.5,5.1,1.7,5.7
6716094,6.3,5.5,1.0,6.5
6188526,6.5,4.5,2.2,4.5
77990,7.5,4.0,1.1,4.8
7153715,7.2,8.5,0.0,7.3
5789519,5.8,4.7,1.7,4.3
3691796,5.2,5.9,1.5,6.6
18768,6.4,4.7,2.6,4.4
1460183,2.2,2.2,0.0,6.3
2128843,6.6,5.6,1.2,5.7
2076597,6.3,5.0,1.2,5.1
1126582,4.0,1.8,1.1,4.3
1176821,4.8,4.3,0.5,5.0
19579,3.9,3.8,0.4,4.3
12482957,5.3,5.7,1.9,5.9
1234536,5.5,6.7,0.3,8.3
5392459,0.3,1.3,1.2,7.9
1164962,5.8,5.5,0.0,5.0
7484496,3.8,2.6,1.4,5.9
77063,7.5,4.8,1.9,5.0
6089073,3.0,2.1,0.4,6.9
8092834,2.3,1.6,0.2,6.7
11202271,3.2,2.2,0.6,6.7
1881407,7.6,5.4,0.5,5.6
9332241,5.0,5.0,2.7,5.9
6858543,6.9,5.0,1.7,6.4
1250843,7.9,4.7,0.1,5.0
1142007,7.1,4.4,2.3,2.4
2559629,2.5,2.3,1.1,6.4
6083898,5.5,5.1,1.1,4.3
1530504,6.5,5.4,1.3,5.4
1254019,6.4,5.1,1.4,4.0
3534109,6.6,6.3,0.8,6.1
8239038,4.2,3.6,0.5,8.2
1519152,5.5,7.5,1.3,8.1
8178421,2.5,2.1,0.0,6.9
2052626,5.2,3.7,1.1,4.9
5492830,7.4,4.1,3.2,3.8
1213195,5.2,3.8,1.1,4.6
2018443,6.1,4.0,2.2,4.4
1302589,3.5,3.1,0.0,6.5
2172044,3.3,2.4,0.0,6.4
1172842,5.5,4.1,1.7,4.2
1651064,6.5,4.3,2.0,3.5
1141447,8.5,2.6,4.7,2.7
1485668,6.0,4.9,0.7,4.2
1150726,6.1,5.5,0.3,6.1
10332462,2.7,1.7,0.0,7.0
11918432,1.8,1.8,0.0,8.0
1660599,8.4,4.0,1.8,2.6
4538097,8.5,2.1,4.6,2.5
2595602,0.5,2.3,0.4,7.3
2260890,6.0,4.6,0.9,3.9
1196001,8.2,2.7,4.8,2.4
1163814,6.4,7.7,1.3,7.7
2048345,0.9,1.3,0.8,8.4
2031973,5.9,3.4,2.1,3.2
4930882,7.0,6.0,0.6,6.0
9021149,5.0,3.7,0.0,6.6
9309615,5.1,3.6,0.0,5.5
1509050,5.8,6.7,0.3,6.3
5790734,6.9,7.2,1.1,7.0
1360741,8.5,4.1,1.6,4.9
6854522,5.1,3.7,2.3,4.8
4527158,3.2,1.9,0.0,5.8
1208797,7.1,6.2,2.1,5.6
2420311,3.4,2.3,0.8,6.0
1179850,8.0,4.3,3.0,3.0
45874,2.1,2.2,0.5,6.6
2325192,6.2,7.2,0.0,8.5
1228208,5.8,5.6,0.6,6.4
7228047,4.8,4.6,0.9,4.7
1224521,6.9,8.5,1.2,7.9
3419196,8.5,5.4,1.5,5.5
1194378,3.9,5.4,0.4,7.8
1203493,6.7,3.8,2.0,2.8
5935831,1.8,1.8,0.0,6.3
1691282,6.0,4.2,1.4,3.1
3248376,6.2,7.8,0.4,7.8
1812684,4.8,3.9,1.3,4.9
4099478,6.8,5.3,0.8,4.7
5251697,8.4,4.3,1.8,3.1
1143728,8.5,2.5,4.9,2.3
6476927,6.1,5.0,0.2,4.3
8998130,5.6,4.2,1.2,3.3
1195380,6.1,7.7,0.3,8.3
1249454,3.0,2.1,0.9,6.4
2229407,6.2,4.1,1.5,2.9
3743109,3.7,2.8,0.0,7.8
1515613,5.3,3.9,1.0,4.1
1762507,4.2,6.8,1.2,5.4
1867879,6.4,5.1,0.7,5.4
1105339,0.7,1.3,0.9,8.2
1428555,6.6,4.9,1.0,5.5
3767200,5.6,7.5,0.0,8.1
1176260,5.5,5.0,0.8,5.9
2357821,5.9,5.1,0.7,4.7
9792078,1.8,1.9,0.4,8.0
5082967,7.9,4.6,1.0,4.5
8934667,5.5,6.2,1.6,6.1
9913775,5.4,3.2,0.0,4.1
11621841,6.0,4.7,2.5,5.0
99007,6.8,5.1,0.7,5.5
1172515,4.6,5.5,0.5,6.2
5033894,6.4,3.7,1.9,4.8
4806635,6.0,5.2,0.8,5.9
2758426,5.8,4.4,0.6,5.5
8618056,4.7,4.1,1.5,6.2
1176487,6.3,4.1,1.4,4.7
1152683,5.7,4.9,1.4,4.7
2628359,4.6,3.2,2.5,3.8
2099266,6.9,4.1,2.3,4.2
1549673,4.8,4.5,0.6,3.8
1653817,5.6,5.5,1.4,5.7
1158443,6.1,5.3,2.2,5.8
1864832,5.9,4.0,1.2,4.6
7883036,5.4,4.5,2.8,4.7
5422053,6.8,4.0,1.1,4.7
1229780,6.0,5.6,1.2,6.1
4130793,5.6,7.0,0.5,5.5
5167449,4.7,3.8,1.2,3.8
1941374,6.3,5.0,1.5,4.7
2152418,5.2,5.8,1.4,6.0
1968075,5.2,5.5,0.9,6.1
1566718,6.6,3.3,0.8,4.9
1220836,5.6,5.0,1.2,5.0
3973851,6.0,5.6,2.4,3.5
1198590,7.0,4.0,0.2,3.6
1170617,7.4,5.8,0.9,3.5
5795233,5.4,4.3,1.1,4.3
6023690,5.8,5.6,1.1,5.7
1224246,5.5,4.2,2.1,4.4
1177475,7.4,4.9,1.8,5.4
1999623,7.3,4.9,1.2,5.2
1187897,7.8,3.0,3.6,1.6
1859669,5.2,3.9,1.6,5.2
1149907,7.1,5.6,0.7,3.8
2033280,6.1,4.1,1.4,4.4
1986382,5.0,6.3,1.5,6.2
13940,6.3,4.9,0.5,4.3
1902638,6.8,5.0,0.8,5.0
1224401,5.5,4.8,1.7,5.4
11228028,5.0,5.9,1.1,6.4
2356292,6.7,4.6,1.3,4.9
85756,5.6,7.1,0.8,5.7
6941497,6.2,4.9,0.7,4.6
1173849,6.2,4.8,1.0,4.8
1246099,6.3,4.3,1.1,4.4
1220124,6.7,5.2,0.3,4.7
1392241,6.6,4.2,1.3,5.7
2410049,6.2,4.6,1.2,4.8
8029291,4.7,4.7,2.8,4.9
1198075,5.8,4.8,0.0,5.2
6595086,5.1,4.8,1.2,4.0
1400189,5.8,6.0,0.5,6.5
1543290,5.1,2.8,1.9,7.6
6847609,5.9,6.2,0.0,6.7
2572738,7.5,6.3,1.2,7.4
1278316,4.8,3.4,2.3,7.3
1477931,5.1,6.6,0.5,7.7
1136050,6.5,4.5,3.0,5.6
1183003,6.2,7.0,0.2,6.5
2679432,7.3,4.6,1.0,5.2
3941561,5.7,4.1,2.0,4.3
2258819,6.4,5.2,3.2,4.0
1432687,6.8,6.8,0.0,4.4
1715825,5.5,6.9,0.0,5.7
1837759,6.1,6.5,2.6,5.6
1796323,6.8,3.1,0.9,3.4
2392581,6.4,6.1,0.0,6.2
2069517,8.1,5.5,0.0,2.9
1169814,7.9,4.1,3.1,2.8
5662074,6.2,4.7,1.9,4.4
1395858,6.2,5.2,0.4,5.1
77150,5.3,3.6,2.3,3.1
1197872,6.8,4.2,0.0,4.2
1198467,7.3,5.3,2.1,4.0
2397947,4.0,2.8,2.4,2.8
1159103,3.6,3.8,0.1,5.3
6313177,5.6,5.3,2.0,5.4
8237158,4.5,3.6,2.9,6.0
4945481,5.7,6.3,1.4,5.9
1669026,6.3,5.1,2.5,3.4
1731540,5.9,4.3,1.2,4.3
1169156,6.7,5.7,0.3,6.9
2330485,7.7,3.2,3.0,2.3
1219913,6.1,4.3,0.4,4.3
1826171,4.2,5.2,0.0,6.6
4537662,6.1,5.4,1.3,4.3
1387207,6.7,5.0,0.2,4.9
1236654,6.7,5.5,0.3,4.4
1244278,6.3,4.3,0.9,4.5
92130,5.2,4.3,0.5,2.7
2737003,5.9,5.1,0.2,6.0
1293405,7.5,4.8,0.8,3.2
1783077,6.5,6.1,0.0,6.6
3072892,4.0,2.6,1.9,3.4
1755923,4.1,5.9,0.0,6.1
1438824,4.7,5.6,0.0,6.4
1441285,5.6,4.8,1.6,5.0
2309251,6.5,5.6,0.6,6.2
10850450,4.2,1.8,1.8,8.0
1421725,6.3,5.4,1.0,5.5
1136746,7.7,5.1,0.8,3.6
10168998,5.2,4.8,3.2,4.8
1170450,8.2,5.0,2.1,3.0
6671325,7.8,2.2,4.7,2.6
3103298,6.6,5.7,1.0,6.0
1267222,3.9,3.2,0.1,5.9
1260237,3.6,2.6,0.7,6.2
1202714,6.5,3.9,1.7,2.9
1242322,6.7,6.0,1.0,6.1
1197126,6.9,3.8,3.1,2.7
1283688,2.0,2.2,0.6,6.5
2652224,5.9,3.1,0.6,6.0
9235924,8.5,5.0,1.8,2.3
2421048,4.6,6.3,1.6,6.6
7995637,3.0,5.2,0.5,7.5
1214292,8.3,4.0,3.5,2.8
1471430,3.1,2.2,0.3,6.4
76167,7.6,6.1,1.1,5.9
1495732,6.8,4.8,1.0,4.4
1533687,8.5,4.3,2.1,4.8
6874458,6.2,5.0,1.2,5.6
6170272,5.3,6.1,0.8,6.6
2103411,7.7,4.3,0.7,4.6
8938441,5.8,4.2,0.0,4.2
8238490,8.1,5.6,0.0,5.5
5039264,2.1,2.0,0.0,6.7
4673432,4.4,2.9,1.6,5.4
5359831,6.4,4.6,1.4,4.5
1160671,8.4,4.5,2.2,4.3
1409624,5.7,5.6,1.2,6.3
10074686,5.5,3.9,0.5,4.4
2726504,3.1,2.4,0.1,6.5
2652371,7.2,4.2,1.7,4.3
2839955,6.3,6.8,2.0,5.1
23176,7.8,4.2,2.2,3.4
1207793,6.5,3.6,1.1,2.3
6057414,4.0,2.5,0.0,6.1
3803285,2.3,2.4,0.9,6.7
1568241,8.0,5.7,0.8,4.7
2483964,7.9,4.6,2.0,3.8
1210336,6.6,4.8,1.3,4.0
93827,5.9,4.9,0.9,4.3
1434857,7.3,6.0,0.0,5.8
1473952,6.2,7.8,0.0,8.4
4527114,7.1,4.2,2.9,3.1
10748897,5.2,4.1,1.9,5.0
6954830,3.6,2.3,0.3,6.5
1673618,6.5,4.7,1.7,4.3
6207941,6.6,4.8,1.6,4.6
77758,6.5,7.8,0.2,8.4
1299891,4.9,5.4,0.6,6.2
91966,6.8,7.7,0.8,5.7
1195548,7.7,4.4,2.2,2.9
1210172,6.5,4.5,1.2,5.7
4535857,5.5,5.3,0.2,6.0
6080884,8.5,2.1,5.1,2.4
5590359,4.2,5.8,0.3,8.1
2317372,6.5,6.5,0.8,5.3
1159760,5.4,5.0,0.0,7.0
10942417,6.2,4.6,1.5,4.7
10701912,5.6,7.7,0.0,7.2
93009,7.9,5.2,2.5,4.0
92791,8.3,4.3,2.3,3.2
1941524,5.9,4.2,1.4,4.0
7221786,6.6,5.7,1.6,5.5
2227250,6.3,5.9,0.7,5.5
12012523,5.3,5.4,1.9,6.2
1721789,6.2,4.5,1.0,5.5
1236984,6.5,4.3,2.4,4.1
11024096,5.0,5.8,3.4,5.8
6330129,2.3,2.2,1.3,7.6
7477062,2.3,2.0,0.0,6.7
20852,5.5,3.1,0.5,6.1
1146280,7.0,5.5,0.9,5.2
2445262,6.2,3.8,1.1,4.6
2264508,2.3,2.2,0.4,6.3
2200485,6.7,5.5,1.2,5.6
1899579,5.8,4.5,1.3,2.2
2144744,6.2,4.4,1.4,3.0
2058816,7.2,7.3,0.5,7.1
779637,4.1,5.3,0.5,6.2
9927605,5.9,4.6,1.2,4.3
10055927,6.7,6.2,0.8,4.8
1230849,6.4,5.0,0.7,5.6
61294,6.8,4.0,2.2,2.8
5095121,4.5,3.5,0.6,5.0
1105375,7.2,5.1,1.6,4.7
3726697,7.2,3.6,1.2,4.6
7616563,4.9,4.2,2.0,4.2
2326505,7.4,4.1,2.4,3.2
1148142,3.4,2.4,0.1,6.3
3100494,5.1,4.8,0.0,5.0
1214251,4.0,2.0,2.0,4.5
4601751,3.0,2.5,0.1,6.0
11551210,2.1,4.2,0.0,7.3
1359860,5.9,3.4,1.6,4.5
3128992,6.2,6.2,1.2,5.8
1272207,5.4,6.4,0.4,6.8
10098528,5.7,5.5,2.2,5.5
1938625,8.0,5.8,1.9,8.1
5890794,8.5,8.5,0.4,8.0
1193131,6.0,6.0,0.4,6.2
2118457,6.1,5.5,1.5,5.7
1213753,3.0,3.4,0.1,7.4
2041382,6.6,5.3,0.0,3.8
1308070,7.4,5.8,1.8,7.2
2299822,5.8,4.8,1.4,4.5
1180302,5.2,4.2,0.0,5.4
2201655,6.2,6.7,0.4,7.0
1260718,7.7,4.8,0.7,4.5
2143009,6.7,4.3,1.3,4.2
1605679,6.5,3.8,1.8,4.3
1712549,6.0,4.2,0.5,1.8
19435,7.0,4.4,1.4,3.9
9399,7.6,6.0,0.8,3.7
1135925,5.6,6.3,1.4,6.1
1220718,5.2,5.4,0.4,6.3
2367450,4.0,3.7,1.4,4.8
1222462,5.6,4.2,0.5,4.0
4195469,6.6,5.3,1.1,6.0
8483187,5.6,5.3,1.8,7.7
1543539,5.4,3.4,0.7,2.4
1228496,6.0,4.4,0.7,4.9
20842,6.7,4.4,2.0,3.4
1205687,5.6,5.5,1.4,5.7
1178946,4.4,3.8,0.6,4.4
4851842,5.8,4.5,2.3,4.3
1465362,8.5,4.2,0.9,4.0
1218255,8.1,5.7,0.0,5.1
1298703,5.8,6.6,0.0,6.4
1499147,6.7,6.4,1.2,8.1
1138335,8.0,4.9,1.4,2.7
2762373,5.1,2.3,3.5,0.7
1862546,4.2,5.2,0.0,6.0
1263657,4.9,4.6,1.2,5.0
4677774,6.8,1.7,3.0,0.5
1618724,5.9,6.0,1.0,5.5
4608736,6.6,2.6,3.2,1.0
9365576,7.5,4.4,1.5,3.5
94292,7.8,5.2,0.5,3.2
5985956,5.8,5.6,0.9,6.3
1380976,4.5,2.1,1.5,4.3
1274353,5.8,5.2,1.5,5.8
1757223,5.6,4.5,1.5,4.8
4261393,4.2,3.9,2.1,5.1
2739699,5.3,4.1,2.3,4.5
1686667,7.4,5.4,0.1,5.8
76861,7.7,6.3,0.9,6.6
8955981,8.3,6.7,0.0,3.8
4442440,6.8,6.2,0.0,6.5
1173734,4.3,4.5,1.0,4.9
16922,5.7,4.5,1.0,4.7
3976918,5.9,4.4,0.5,4.6
2657772,6.6,7.2,1.3,6.8
2058356,8.5,4.2,0.0,4.2
6260604,5.5,3.9,0.0,6.8
6527947,7.5,3.5,4.6,2.5
5523913,7.5,6.2,0.0,3.6
1124510,6.7,3.4,1.9,4.4
1129480,6.0,5.3,1.2,5.7
5306686,7.5,4.4,2.5,3.3
2374058,5.7,3.6,1.3,3.7
1481197,4.2,4.2,0.5,4.2
2447974,5.1,4.7,1.7,6.3
1117356,5.4,5.5,1.4,5.8
4051480,6.3,4.4,1.7,4.4
2070202,7.0,5.0,0.0,3.9
1904674,6.4,6.4,0.3,6.3
5131692,7.4,4.4,2.9,3.2
3433575,6.8,5.9,1.3,6.2
15714,6.5,4.4,1.1,4.2
1674989,6.0,3.5,0.5,2.8
23482,8.3,5.8,0.6,4.9
1492013,4.2,2.8,1.6,7.0
2487664,7.4,5.3,1.5,5.8
1556204,6.3,4.8,0.2,4.7
76851,6.3,4.3,1.7,4.2
75298,5.5,4.3,1.8,3.6
1175434,4.8,2.8,0.7,2.7
3918904,4.9,3.6,1.6,5.1
1137102,5.0,2.5,0.6,6.2
1253825,6.9,6.4,0.3,6.0
2684098,7.3,3.7,1.0,4.8
1599836,8.5,5.0,1.7,4.6
6398201,5.4,2.4,2.0,2.7
98402,4.3,5.6,0.0,6.2
7151382,5.2,4.9,2.2,5.5
75977,6.9,5.1,1.4,4.2
1119823,5.1,4.8,0.4,4.9
5430201,4.5,4.0,0.1,8.0
2056820,7.6,3.7,3.1,2.9
1546327,6.1,6.2,2.3,5.5
736462,7.5,7.5,0.7,7.2
1582859,6.4,5.5,0.6,6.4
5757354,5.7,4.4,2.4,4.3
2001701,7.9,5.1,1.2,6.0
2536767,5.8,3.3,1.3,4.6
3662137,6.1,5.4,1.5,5.9
10818330,3.4,1.9,0.0,6.8
98625,7.3,7.2,0.3,7.2
2404811,6.4,6.0,0.8,5.4
1985862,6.7,3.9,2.0,2.8
3785332,3.4,3.3,1.1,7.5
1714603,4.0,2.0,0.8,5.5
1865849,5.7,6.2,1.2,5.9
1232825,7.7,4.3,3.0,3.2
4676514,5.0,6.4,0.6,6.5
1099221,4.2,3.4,1.3,6.9
1579353,2.8,2.6,0.2,6.4
1203987,7.1,5.1,0.6,5.3
1932260,4.0,2.8,0.0,7.6
8924658,3.4,2.0,1.5,6.7
1151002,6.0,7.6,0.5,8.2
1100593,3.0,1.9,0.3,6.3
1210090,7.7,5.8,1.6,4.3
1131396,4.1,3.2,0.8,7.1
1380757,1.5,2.2,0.6,8.2
1837993,6.3,6.2,0.0,6.2
94970,7.2,5.5,1.0,5.3
16761,6.8,4.3,2.4,3.0
1206382,3.4,2.3,0.7,6.6
1450217,7.2,6.9,0.2,6.4
82469,7.3,5.6,1.2,5.3
22332,3.1,2.0,0.6,6.4
22755,6.2,7.7,0.6,8.2
1629462,4.9,3.1,1.1,7.2
2219832,7.3,5.7,0.3,5.3
779686,4.0,2.9,1.1,6.9
1150758,6.4,6.3,1.5,4.6
2275652,4.7,2.9,0.0,6.6
1724816,3.6,3.2,0.8,7.1
1125591,7.1,3.7,2.4,3.3
92224,4.4,2.9,1.3,6.3
1230476,4.5,3.4,0.9,7.1
100559,5.9,7.4,0.0,8.3
1137100,6.3,4.5,2.6,2.9
5426305,4.1,3.5,1.3,7.0
99273,8.1,4.3,0.0,5.5
14589,8.5,5.1,0.9,5.5
1527465,5.9,4.1,1.5,4.3
2947,1.2,2.0,1.0,8.0
80045,6.3,6.3,0.8,7.1
98782,8.5,4.0,1.5,4.5
5105486,2.9,2.2,0.5,6.0
1220394,4.6,3.2,1.0,6.9
4102865,6.0,8.1,0.3,8.5
39354,6.3,7.3,0.5,8.1
80046,6.3,6.5,0.7,7.4
1132597,3.0,1.8,0.0,6.8
1891407,8.3,5.0,0.0,5.8
1490710,6.3,7.4,0.3,8.5
1204679,6.2,7.9,0.5,7.9
75818,5.6,4.6,1.1,4.6
1194634,3.3,2.6,1.2,6.3
1241021,4.8,6.5,0.0,6.1
4099227,2.2,2.3,0.4,6.4
1195467,3.6,2.4,0.5,6.3
1178588,8.5,4.1,2.0,4.3
19279,6.2,7.0,0.6,8.5
77472,4.9,5.8,0.9,6.5
1665414,4.3,3.6,1.0,7.3
4740245,4.1,3.1,1.4,7.1
83197,6.3,5.8,2.1,4.5
1283671,8.4,5.9,1.0,4.6
15238,5.0,1.8,1.4,5.2
2178596,8.5,5.4,1.1,6.2
1405161,6.9,6.3,0.3,6.9
2062941,5.6,3.6,0.7,4.3
92985,6.3,6.8,0.5,8.4
88837,6.8,6.8,0.6,6.5
1387023,6.7,5.7,1.6,6.4
4946127,6.5,4.5,0.2,5.7
1828987,5.9,3.2,1.3,4.5
1203843,5.1,4.4,0.6,4.6
2111277,4.6,2.5,0.3,5.2
1101093,7.5,7.4,0.6,7.3
2437499,0.1,2.0,0.6,7.5
1122377,8.5,5.5,0.3,4.4
79637,6.3,5.7,1.3,5.5
1574351,7.3,7.4,0.4,6.8
1106200,2.2,2.5,0.5,6.6
1247438,4.0,3.2,0.7,6.9
2641433,4.0,6.2,0.0,5.6
1605464,3.8,3.3,2.7,5.3
779236,3.4,1.9,0.0,6.1
5919153,4.7,3.9,0.7,7.2
19271,6.3,7.4,0.7,8.5
6334242,5.6,6.8,0.5,6.9
1437298,6.6,5.5,0.6,6.3
2918723,4.2,3.0,0.0,8.0
6447586,6.7,5.3,0.5,5.6
1504122,6.3,5.4,0.8,6.0
1217235,6.6,5.8,1.0,6.1
8117269,7.6,6.4,1.4,6.2
20637,7.1,6.8,0.8,6.5
5664067,3.9,1.8,0.0,5.8
15402,5.8,2.9,3.1,3.8
3847082,6.4,4.5,0.9,5.2
2301192,2.9,2.4,0.0,6.8
1996598,5.1,4.7,0.2,5.4
3017312,6.3,4.7,2.1,3.4
19264,6.2,7.9,0.3,8.5
7066638,6.0,4.8,1.1,5.0
1172644,8.5,4.6,2.6,3.3
2738546,8.3,4.7,2.0,4.9
5674216,8.3,3.1,4.5,3.3
1223574,6.5,4.0,2.6,2.6
1942247,6.1,3.3,2.1,3.7
1812590,5.3,4.1,1.2,4.2
2290886,5.0,4.5,0.4,4.6
1157650,4.3,4.9,0.0,4.8
1447893,7.7,3.8,2.4,3.5
5420148,5.4,4.9,0.5,4.5
1242248,8.5,4.7,2.6,2.8
7373857,0.0,0.8,0.0,8.5
2343110,6.0,3.6,1.6,3.1
12309553,3.0,4.0,2.5,4.9
1261938,4.6,3.8,3.6,4.4
1608001,5.8,4.1,0.9,3.4
7018001,6.7,4.8,1.5,4.0
77838,5.6,5.8,0.0,6.7
6007568,7.4,5.3,1.2,3.3
1450216,6.9,4.1,2.1,2.2
1917050,8.5,4.9,3.0,3.0
1364770,5.9,4.3,1.1,3.3
2170468,4.3,4.3,1.2,4.9
1218405,5.5,4.7,1.2,4.7
10016955,5.5,6.7,1.5,6.5
1225921,3.1,2.9,0.9,6.5
90910,6.3,4.5,1.0,4.4
2681993,5.3,4.1,0.8,3.6
7156955,5.5,4.7,1.0,4.9
1861722,6.7,5.4,1.4,4.2
1657096,6.7,4.6,0.1,6.1
1618995,6.8,5.0,0.0,4.4
7038298,6.6,6.5,1.1,6.7
2526715,6.5,5.6,0.8,5.9
1108468,0.2,0.5,0.0,8.5
2377892,6.5,2.3,1.8,3.4
1251744,6.4,5.7,1.2,6.5
2323905,6.6,2.6,4.5,1.8
2581167,5.2,3.5,0.5,4.1
9041652,2.8,1.5,1.9,6.9
5531052,4.2,4.2,1.4,8.0
11171179,8.4,4.6,2.0,3.8
1766817,6.7,6.1,1.5,6.2
1985548,5.8,4.3,1.8,3.4
1133872,5.7,4.0,1.5,4.0
3787795,6.8,3.9,2.2,3.7
4664983,4.8,4.5,2.9,3.5
7268311,7.5,5.4,2.2,3.7
1509192,6.3,4.3,1.3,3.7
6398358,4.2,3.4,1.4,5.0
6375399,6.1,4.3,2.5,3.1
2465660,5.3,3.9,1.1,5.4
4268757,3.4,2.1,0.0,6.8
2412540,6.5,4.8,0.8,3.1
1123136,2.3,2.2,0.5,6.4
4956564,5.2,4.3,1.2,2.9
8904835,5.3,4.5,2.8,3.7
12133600,6.4,3.5,1.6,4.1
1135346,6.1,5.1,1.1,4.4
1135358,7.9,5.1,0.8,6.0
2306500,5.3,4.0,1.7,3.2
4122,7.3,5.6,0.5,5.4
1153160,6.3,4.0,0.1,4.1
2036050,6.5,4.6,1.0,4.6
1167405,7.1,5.2,1.0,3.8
1209296,6.7,5.7,0.9,6.3
7190603,3.6,2.8,0.8,6.4
7212030,5.5,6.0,3.0,6.7
1247761,6.4,6.2,0.7,6.1
12034585,4.2,6.5,1.3,5.5
5172158,6.2,4.6,1.9,4.3
1151535,5.5,4.0,1.0,5.7
10742010,5.5,3.5,1.8,3.8
2786,0.0,1.2,0.3,8.3
12257060,5.0,5.0,3.1,5.1
1108471,0.0,0.5,0.0,8.5
1219347,7.9,6.2,0.0,7.9
1245272,6.5,5.2,0.7,6.0
1989615,6.6,4.8,1.0,4.8
77021,6.1,5.8,1.2,5.7
10428248,5.7,3.6,1.5,4.4
1520794,6.7,5.7,0.8,6.1
22918,4.7,4.4,0.5,4.8
1239193,6.6,5.5,0.7,6.3
10554451,6.6,4.2,0.6,3.4
5480139,7.2,4.2,2.5,3.6
2112243,6.0,8.1,0.1,7.9
10608337,5.3,4.8,2.4,4.8
1161096,6.5,5.5,1.5,6.1
1376955,6.3,4.3,1.6,4.6
9078249,6.4,5.1,0.6,4.7
88833,6.5,6.2,1.0,6.2
1310572,6.2,3.1,1.7,4.1
5916007,5.5,4.1,0.6,5.2
4946376,5.2,4.4,2.7,4.3
2356740,5.7,6.2,1.1,5.8
1264764,6.1,5.8,1.2,5.9
10017354,6.7,5.6,0.7,6.0
6762782,0.6,2.9,0.8,7.2
3342986,6.1,5.3,0.0,5.6
1923921,8.3,4.3,1.0,4.5
2090107,3.9,4.2,0.0,6.1
2491414,7.3,4.4,0.3,5.2
1222630,6.0,4.4,1.8,3.9
5652966,5.4,3.4,2.3,4.0
2340708,6.5,5.4,1.1,5.8
6441085,5.6,5.0,1.4,5.1
5408054,7.1,6.1,0.4,5.1
1133404,5.5,2.6,1.5,5.6
1133422,5.3,7.7,0.0,8.4
6543584,6.5,5.5,1.2,5.8
1452292,7.3,6.0,0.7,4.1
10382357,5.4,4.0,2.8,4.8
2231345,6.0,6.2,1.0,6.3
6733761,6.8,5.3,1.8,3.6
1399070,6.0,5.9,1.2,5.9
7134723,7.3,4.9,0.9,4.3
83861,4.5,4.3,0.6,4.8
1923912,6.9,5.1,2.0,4.8
10479900,8.4,4.3,1.1,2.6
1399332,6.3,6.1,1.4,5.9
83363,4.5,3.9,1.1,4.5
1547880,6.0,5.7,1.2,5.9
1233261,6.2,5.1,0.0,5.6
1510762,5.4,4.5,2.6,5.3
1764412,6.6,4.4,1.5,2.8
2036172,7.4,6.9,1.4,6.8
6058392,5.4,5.5,0.0,6.2
1160174,5.9,6.2,1.3,6.4
4273881,5.3,6.0,0.6,6.8
5157803,6.7,6.3,0.0,4.8
24229,6.5,5.2,1.4,6.0
1602267,5.9,5.6,0.8,6.3
2632790,3.1,3.3,0.6,7.3
6610385,0.0,2.7,0.0,6.7
1159933,6.4,7.1,0.9,6.8
2809249,7.5,5.3,0.5,2.8
16918,6.4,4.6,1.0,4.7
3802842,6.1,6.6,1.0,6.3
1295928,6.0,6.1,0.6,6.2
1603756,6.3,4.1,0.8,4.5
2035518,5.6,7.2,0.3,6.1
96974,4.8,4.0,3.3,6.7
1211637,8.1,5.4,0.7,5.7
1876134,6.8,4.3,0.3,1.8
1653855,7.9,4.5,2.7,3.2
1197798,7.0,3.8,3.1,2.7
17428,5.5,8.0,0.0,7.6
1100192,5.5,3.3,0.6,3.7
82835,7.2,7.2,0.5,7.1
1162014,6.5,5.3,0.5,5.6
1170197,6.5,5.3,0.8,5.9
1620473,6.3,5.4,1.2,6.0
1164685,7.7,5.5,0.5,3.9
2535979,7.6,4.3,2.0,3.5
96901,4.8,4.3,2.9,7.1
7268366,4.2,3.9,1.4,4.8
1231635,6.5,8.0,0.4,8.0
1797486,5.8,3.8,1.1,4.5
1563061,5.2,4.7,1.2,4.9
2568653,7.7,7.5,0.3,7.4
3186,6.8,5.1,1.3,4.7
1192764,6.4,4.9,1.7,3.6
1718894,4.8,4.5,0.8,4.5
5171881,6.1,6.1,1.1,5.4
2070803,7.5,7.3,0.5,7.4
4527545,6.0,7.6,0.0,7.9
2826296,5.3,4.0,1.3,6.5
2503517,6.2,5.0,2.2,6.0
3589724,4.8,4.2,0.5,6.5
2045286,6.3,3.2,1.8,3.8
1483933,6.6,5.5,1.8,5.2
9003392,4.2,3.0,1.1,5.5
1231186,5.6,2.4,0.5,6.7
3343365,6.6,5.6,0.7,5.5
1864267,4.2,6.8,0.0,5.5
8516616,0.0,0.8,1.6,8.2
9101741,4.2,6.8,0.0,5.5
50474,6.7,4.2,0.9,4.2
1744689,7.0,5.4,1.4,4.7
77019,5.3,4.4,1.1,6.5
2038448,6.9,3.8,0.4,5.0
1158100,6.9,4.7,0.8,5.2
79960,7.6,4.7,1.1,4.8
1667726,8.2,5.8,0.3,5.9
1817709,6.2,5.5,0.7,5.9
1201177,8.2,5.9,0.9,5.3
92845,6.0,4.3,0.6,3.7
7169827,2.8,6.0,1.1,5.0
11173344,5.4,5.2,2.7,4.8
7823808,0.3,1.4,0.5,8.1
3987,8.5,4.8,0.3,4.3
2166209,8.5,6.8,0.5,8.0
11108433,4.2,2.6,2.5,5.1
1100039,8.5,7.0,1.2,5.5
4793,8.2,4.6,2.7,3.0
7224722,7.0,7.5,1.8,5.2
52994,8.2,4.3,1.1,4.5
78343,7.7,5.9,0.6,5.8
1295552,7.8,8.1,0.0,6.1
1183899,7.4,8.2,0.9,7.5
1149245,6.3,7.3,0.1,8.5
1427760,2.9,1.6,0.1,5.5
1242137,6.8,5.0,1.5,6.8
3187562,6.4,5.6,0.0,7.2
2038990,6.2,5.3,1.0,5.9
1246036,4.7,5.7,0.9,6.5
4547144,6.7,4.9,0.4,5.6
2410498,6.1,5.4,0.6,6.3
1464100,8.5,4.8,2.4,4.3
1712400,7.5,3.9,1.8,4.9
4120884,1.8,2.7,0.8,7.2
1247975,5.3,5.7,0.9,6.4
8018791,6.7,8.0,0.0,8.0
1748609,6.6,7.9,1.1,8.3
13904,6.2,7.2,1.2,7.8
1099178,8.0,4.4,1.4,4.4
4835815,6.8,3.9,2.3,3.9
6264196,6.7,4.6,1.3,2.1
1602172,5.2,6.7,0.9,6.9
7515472,6.2,7.2,0.9,7.6
1194144,4.6,5.8,1.3,6.7
5996290,5.1,4.7,2.8,3.9
1171108,5.9,4.3,1.7,4.5
1222979,4.4,3.3,0.8,7.0
1769816,4.4,3.5,0.7,7.1
1648297,8.2,2.9,4.9,2.7
63864,0.4,2.4,0.0,7.0
1901572,3.3,3.0,0.2,6.1
1612088,8.2,3.7,0.5,4.5
9045156,6.3,6.1,0.0,6.6
6427659,4.3,5.8,0.6,6.5
2482317,6.3,3.6,1.3,2.7
36374,7.3,6.7,1.0,6.5
5861280,3.6,2.7,0.0,6.5
3521429,4.4,3.9,0.6,7.3
1146854,5.5,7.4,0.6,8.0
1099184,4.7,4.2,1.1,6.7
2325888,6.5,8.0,0.9,8.2
17480,5.0,5.7,1.0,6.3
1165001,4.9,5.5,1.1,6.4
6544140,7.6,4.8,1.9,4.2
2234138,4.2,4.2,0.9,6.7
5370798,6.8,7.1,1.8,6.5
5869956,6.9,6.3,0.0,5.7
11480079,4.8,5.2,2.3,5.2
12008,5.9,7.3,1.0,8.4
7524858,3.5,2.8,0.0,6.6
1192663,2.7,4.0,0.0,7.7
95909,4.9,5.8,0.6,6.4
3783036,5.3,5.5,1.3,6.4
1099211,4.5,3.6,0.6,7.2
2846581,8.4,4.9,1.3,4.5
14559,8.2,2.2,4.9,2.2
1942643,5.3,8.5,0.5,8.5
5486802,7.3,6.7,0.9,6.4
9327402,7.7,5.6,0.7,5.3
1929080,6.5,5.4,1.7,4.3
7188241,6.8,6.4,1.1,5.9
2241737,4.2,3.5,0.5,7.2
1506181,4.2,3.3,0.7,7.2
1207335,6.0,4.5,0.4,5.0
1221750,8.5,5.4,0.8,4.4
5366999,6.5,3.3,1.3,3.8
2428972,6.7,5.5,0.9,5.2
4216781,5.4,7.5,0.4,8.0
1626074,6.3,8.2,0.8,8.4
4481595,3.9,3.6,0.0,7.3
1208290,3.8,3.0,0.9,6.8
5360412,6.5,8.2,0.5,8.1
63854,0.0,1.8,0.0,8.1
1561046,4.4,3.1,0.9,7.0
4196469,3.4,2.8,0.3,6.8
1263118,7.4,5.3,1.3,5.1
1713667,4.7,3.8,0.0,8.0
1130208,6.6,7.8,1.1,8.1
10190376,6.9,5.1,1.8,1.8
4743915,5.1,5.3,1.3,6.1
9293123,6.2,5.2,1.0,5.9
1472745,7.4,5.9,1.2,6.2
7524870,3.6,2.8,1.8,5.4
84140,7.2,4.3,2.0,4.2
1600153,6.4,4.8,1.2,3.5
1239891,5.9,7.8,0.4,8.1
7664452,6.8,8.0,1.3,6.8
1127670,3.4,2.3,0.8,6.3
1960597,7.3,4.7,0.9,3.2
5144661,5.8,7.1,0.3,8.4
96049,6.8,5.8,0.9,6.2
1251848,4.3,3.3,0.6,7.2
779966,3.4,2.4,0.9,6.5
2333081,5.3,4.4,0.6,6.6
3086403,4.4,3.7,1.9,5.8
1126201,5.4,5.7,0.1,7.1
1996129,4.7,4.5,0.4,7.8
6279229,7.6,5.8,0.5,5.9
7153055,3.1,1.7,0.2,5.9
2793,4.0,2.4,0.8,6.5
2006846,7.9,5.0,2.1,3.0
1238280,4.8,5.2,0.4,6.0
2393556,3.0,1.8,0.4,6.5
4488433,2.7,2.6,0.5,6.5
78643,5.7,6.9,0.7,8.3
1868222,6.6,4.6,1.9,2.8
5671948,3.2,2.6,0.0,8.0
5328903,4.3,2.9,0.0,7.2
1109302,4.2,3.7,0.5,7.5
4242742,4.4,2.5,0.0,7.0
3919907,3.6,2.3,0.0,6.1
7345,4.0,2.6,0.3,6.5
2852001,4.2,2.6,1.8,5.8
1499492,4.3,3.0,1.7,6.5
1126853,3.5,2.8,0.5,6.5
86849,8.5,8.0,2.6,7.6
4875966,8.5,6.0,0.2,6.3
9924955,4.2,6.8,0.0,5.5
86579,6.3,7.1,0.5,7.9
2644896,3.1,2.1,1.1,5.9
79376,2.9,2.2,0.0,6.9
1223450,6.8,5.7,0.6,6.3
5645564,4.9,3.3,0.3,7.3
1654642,5.7,5.9,1.1,6.4
2685663,6.9,5.8,0.5,5.5
74522,8.5,2.4,5.1,2.3
1203506,8.5,2.0,5.3,1.7
1427047,7.3,4.8,1.8,4.1
97049,7.5,5.4,0.9,5.3
1134987,4.2,3.8,0.7,7.1
1189376,7.2,7.2,0.5,7.3
1952813,3.0,2.7,0.7,6.6
1216206,5.3,5.9,0.9,6.1
3376865,6.3,5.1,1.6,5.7
6302751,6.9,6.9,0.9,6.7
1211291,3.0,2.4,1.2,6.5
10043193,2.2,1.8,0.3,8.0
20857,8.5,2.3,4.8,2.6
1127686,3.7,2.5,0.4,6.1
1186911,6.3,6.4,0.8,7.2
1245154,4.5,3.1,0.2,6.5
1213727,3.7,3.2,0.6,6.9
7459405,6.9,4.7,1.3,4.6
75390,3.3,1.9,1.1,6.5
3851757,8.2,4.7,1.3,4.9
1787351,6.8,6.0,0.7,6.1
809810,6.4,5.3,0.7,5.5
5972587,8.5,6.5,0.9,5.5
1626582,4.7,4.5,2.2,7.1
1983726,7.1,6.2,1.2,5.2
1149664,8.4,4.0,1.5,4.3
1128906,8.5,4.3,1.0,4.5
1541890,4.0,3.8,0.8,7.2
1498183,4.6,3.2,0.6,6.2
1269735,8.2,5.6,0.8,6.3
2131726,7.5,5.1,2.3,3.8
10751628,3.3,4.2,2.1,6.0
5576746,4.7,3.7,0.2,7.3
5105312,6.1,4.8,0.3,6.0
16472,5.7,6.4,0.4,8.2
10400,4.5,1.9,0.8,5.3
779528,5.2,3.9,0.9,7.2
1208272,7.7,5.6,1.2,5.2
3427446,8.1,3.8,1.9,4.2
77322,8.3,4.0,2.1,4.2
1083989,7.1,6.9,0.7,6.5
1128916,3.7,3.1,1.2,7.2
1211198,6.2,3.7,1.1,4.1
2969,4.4,3.6,0.5,7.4
4159326,6.5,6.6,0.5,6.6
4588491,3.5,2.7,0.4,6.0
77447,6.0,7.2,0.8,8.5
1117018,2.7,2.5,0.5,6.7
1853727,7.2,4.6,0.5,5.3
1868,7.4,4.8,1.3,4.4
1284163,5.2,5.9,1.5,6.5
1419566,2.9,2.4,0.9,6.3
77462,5.1,4.3,1.0,4.8
96906,5.5,4.2,2.8,6.3
1508734,6.7,6.3,1.9,6.0
13468,6.3,4.9,0.1,4.7
6447073,4.3,3.4,0.3,6.5
1242484,6.8,4.9,1.6,4.7
6273800,6.2,4.9,1.0,7.4
2128402,0.1,1.8,2.0,7.3
7006711,5.6,3.7,0.2,4.1
1297882,4.1,3.0,0.6,6.8
1294950,4.3,5.2,0.4,6.5
1128404,4.4,3.4,0.7,6.9
1122422,8.5,4.9,0.1,5.3
77132,6.4,6.1,1.5,6.2
2280566,5.6,3.7,2.6,5.1
83728,3.8,3.3,2.4,5.2
7570839,8.5,3.5,1.8,2.1
9993314,4.7,5.2,1.3,6.1
7400962,6.2,3.2,1.6,5.0
1881625,7.2,4.3,2.4,3.3
3887160,3.5,2.2,0.7,6.0
7265282,6.1,3.2,0.9,5.9
96853,7.4,5.1,1.0,5.3
1163437,7.4,5.3,0.2,5.3
3787176,6.0,4.4,2.8,4.8
9153067,6.7,2.2,3.1,1.4
4763676,7.9,4.1,1.3,4.2
23244,5.6,4.5,0.4,4.6
5253819,6.1,5.7,0.5,6.7
1677969,2.8,5.9,0.0,5.9
1184099,6.7,4.7,1.1,4.5
10053521,6.9,6.1,0.9,4.4
11083766,7.2,5.4,0.9,6.3
1483090,6.8,4.1,1.2,2.7
2681591,5.7,5.2,1.6,3.8
2397822,7.5,6.0,1.2,8.0
11825,5.5,2.3,0.8,6.6
1218321,6.7,3.9,1.9,2.4
1619366,6.2,6.9,0.0,8.5
1212299,7.5,5.1,0.9,5.3
1294142,5.5,4.7,0.7,4.9
2555924,7.3,5.0,1.8,5.6
7086868,6.6,5.8,1.3,5.6
1915152,6.9,4.8,0.8,4.7
1730169,3.8,2.6,0.3,6.8
1214807,3.3,4.4,0.3,6.7
8887594,7.2,4.4,0.2,4.4
1127494,7.5,5.2,0.4,5.1
7272699,4.2,6.8,0.5,4.2
6664393,4.7,4.3,0.0,5.7
2357885,6.8,4.6,1.1,5.6
1372507,3.8,2.0,0.5,5.4
1570737,6.5,5.3,1.3,5.4
9539438,8.0,5.5,0.0,3.2
1839877,5.4,3.9,2.3,4.0
1099919,4.6,5.2,0.3,6.0
1190087,4.6,5.6,0.5,6.4
77720,6.6,4.8,0.8,5.4
92710,5.6,2.7,1.0,6.5
79093,8.1,4.9,2.7,3.1
4090296,5.3,6.0,0.5,6.5
3046516,6.5,5.0,0.6,5.0
1147988,8.5,4.3,0.9,4.5
5593666,4.4,4.0,0.7,5.2
79733,7.2,5.7,0.5,5.4
1204007,6.5,4.2,1.5,2.4
74354,6.9,6.6,0.7,6.6
7276,3.7,2.9,0.0,7.2
4883493,5.6,6.2,0.6,6.2
3874936,5.2,6.0,0.7,6.5
2161534,6.8,5.5,1.9,6.1
5957393,2.7,2.1,0.5,7.2
1498448,8.5,4.5,2.1,2.6
6966811,6.0,3.9,1.7,4.6
1274966,6.4,4.6,1.5,4.9
7242052,1.8,1.8,0.0,4.8
77884,6.6,6.0,1.5,6.0
3836537,6.7,5.3,1.2,5.9
1296866,8.4,1.5,5.3,2.2
20457,3.3,1.8,0.5,6.2
1927965,6.5,3.4,0.5,2.7
2049180,6.9,6.4,1.1,5.4
3118465,6.8,5.8,1.3,5.8
5580653,3.2,2.1,0.8,6.2
1103725,2.2,2.1,0.6,6.3
1153488,8.1,3.7,0.8,4.4
1158051,8.1,2.5,4.7,2.8
1369769,7.1,7.5,0.7,6.7
1184195,7.2,5.4,0.0,5.3
5284685,5.2,4.5,0.8,4.9
79575,3.7,2.8,0.9,6.5
3112056,7.3,4.0,2.6,4.0
11451852,5.0,4.5,2.9,5.0
99089,6.2,5.9,1.7,5.9
10293262,4.8,5.1,0.9,6.8
1254,8.2,4.8,2.0,4.3
8872263,6.6,4.4,1.8,3.7
1173085,7.0,4.3,2.3,3.8
2247886,6.4,5.2,1.6,5.6
5123556,3.3,5.4,0.6,4.5
4816669,8.5,6.3,1.5,6.3
4561262,3.4,2.0,0.4,6.5
1244668,8.2,5.6,1.2,4.3
10277945,7.3,6.6,0.1,7.0
4837001,8.2,5.6,1.8,4.4
10590289,6.5,5.4,1.7,4.8
36134,8.5,3.9,1.2,4.5
9573227,7.0,4.5,1.1,4.7
2816727,5.9,5.7,1.3,5.3
9269450,7.5,5.3,1.5,4.1
1175825,6.5,6.2,1.3,5.9
1206117,7.7,4.1,2.5,3.4
10889368,5.5,4.4,2.8,4.0
1523971,4.2,3.4,0.0,4.8
76677,1.1,2.4,1.0,8.3
2047715,2.0,2.1,0.1,6.4
1168640,4.7,3.5,2.2,5.4
1222739,6.6,6.2,0.7,6.3
88011,4.6,4.2,0.7,4.9
1170059,4.3,3.2,0.0,6.8
10758003,4.6,4.1,0.0,5.1
2797387,5.2,4.4,0.8,5.1
1178057,6.5,4.8,0.9,4.5
8501876,7.7,6.8,0.0,5.9
7571254,6.7,4.3,1.6,3.6
4184136,6.7,5.8,1.5,6.0
2944,7.4,5.5,0.4,5.1
8887306,7.8,5.1,2.1,3.3
4600644,6.3,4.6,0.8,5.1
4779284,6.4,5.7,1.5,6.0
9743142,5.8,6.9,0.0,6.6
94820,5.5,4.5,1.3,4.7
5805873,3.5,4.2,2.4,8.1
5372612,5.3,4.8,1.7,5.6
1160254,6.6,4.9,0.8,5.3
2009287,1.7,2.1,0.0,7.6
6633884,6.5,5.9,1.1,5.8
2259778,6.4,5.6,1.8,6.2
17507,6.1,7.7,0.6,8.0
1206918,6.1,5.7,0.5,6.4
7829877,5.4,5.0,0.7,6.1
23337,6.7,5.5,1.3,6.0
2111804,6.4,5.8,0.5,4.5
1650159,4.6,6.0,0.4,6.5
97224,7.3,7.3,0.7,7.1
1160380,6.8,5.8,0.8,6.6
1162171,3.0,1.8,0.0,6.9
6328639,0.3,1.6,1.1,7.7
1719892,6.2,3.9,1.4,4.6
1257959,6.2,8.2,0.7,8.2
1164893,2.9,1.9,1.0,5.9
6248183,6.2,4.6,1.4,4.0
2460775,3.6,6.8,0.0,5.5
7820060,3.4,2.4,0.0,6.2
12821,5.8,6.9,0.3,7.8
1189245,8.2,5.1,0.8,5.4
7772587,5.1,5.3,3.2,4.7
6460498,4.3,4.0,0.0,4.6
4792,8.2,4.7,2.7,3.0
2001754,5.6,5.0,0.0,6.2
2103138,7.8,5.5,1.1,5.8
1706070,2.3,1.7,0.5,6.4
1137770,4.9,4.5,0.7,4.7
4305814,7.1,5.1,0.7,3.4
2108046,5.7,5.3,0.8,5.2
4644436,6.7,5.0,1.4,5.4
3313942,6.5,5.4,0.8,6.1
4153912,3.0,3.2,0.1,6.7
1512598,5.6,5.5,1.3,6.8
9267120,6.7,4.3,1.5,4.3
10200938,6.8,4.2,0.0,4.2
4172786,6.5,4.0,1.5,4.7
1176638,6.4,5.1,1.4,5.6
11738570,3.0,1.8,0.0,6.8
7428826,6.6,4.5,1.3,3.7
5298218,6.4,6.5,1.6,6.4
1367105,8.5,5.6,0.0,4.2
6379269,4.3,4.4,1.1,8.1
1161541,8.5,4.4,2.6,2.5
12496152,6.1,5.6,2.0,5.4
7743837,7.8,6.6,0.0,5.4
6733764,5.9,6.2,2.0,5.1
1199340,6.3,4.7,0.0,4.4
75659,7.4,4.7,1.9,3.8
1191688,7.9,4.8,1.7,5.5
19481,6.5,5.6,1.1,6.0
3071521,2.1,2.4,0.8,8.1
1748497,7.5,5.2,0.4,5.3
2326218,4.2,6.3,0.0,5.8
1172961,6.4,6.3,0.3,7.4
1794507,8.5,5.1,1.4,5.2
82404,6.3,4.0,1.4,3.2
23506,8.2,5.0,0.8,5.5
2343310,8.0,5.5,0.5,4.2
7506832,6.2,3.8,0.4,5.5
2181438,5.2,7.1,0.0,7.5
1698401,6.7,4.9,0.9,5.1
6445125,4.9,4.0,1.2,3.8
6445683,8.5,5.1,0.8,5.5
1178261,0.3,1.2,0.8,8.2
6279366,4.8,4.8,0.0,4.5
6001905,5.0,3.2,1.3,5.7
95318,7.2,5.6,0.8,5.4
23266,4.9,4.8,0.7,5.3
1177796,6.0,5.9,0.3,7.0
1148646,7.4,7.2,0.4,7.2
1574319,4.7,4.9,0.4,7.5
8009819,6.9,3.0,4.3,2.9
1136775,6.3,7.1,0.5,8.4
1177206,7.5,7.4,0.2,7.3
1176554,5.6,5.7,0.6,6.6
8469372,7.1,3.7,0.0,4.9
1249696,7.1,6.3,0.6,5.3
1508129,8.0,4.2,2.1,3.2
1178463,3.3,2.5,1.0,6.3
83439,7.8,5.4,0.5,5.2
80391,4.8,3.8,1.0,6.7
1142423,7.5,5.1,0.7,5.3
8956097,8.5,5.2,0.0,6.3
3776767,6.3,7.4,0.0,7.6
1458846,5.0,5.1,0.8,7.2
1241053,3.9,3.5,0.4,7.4
6278643,7.2,5.9,0.9,5.5
1102122,4.8,3.7,1.0,7.0
6019389,6.7,5.2,0.9,5.6
1805695,4.4,4.4,0.0,7.8
17607,6.3,5.8,0.8,5.6
1134991,4.8,4.0,0.0,7.7
2537572,3.8,3.0,0.4,6.8
1622143,3.6,2.5,1.2,7.9
1605086,3.5,2.5,0.9,6.8
4419962,6.2,4.6,1.3,5.3
1684599,3.2,2.5,0.6,6.6
1623847,4.5,4.1,1.2,7.2
4876360,4.4,3.3,0.8,7.1
1296310,3.1,2.2,0.5,6.4
1512994,3.5,2.7,0.5,6.7
2815162,4.2,3.7,1.6,6.8
1700758,3.5,2.8,0.7,5.5
1321844,5.2,5.3,0.0,6.6
1703884,7.4,4.6,1.9,3.6
1679563,8.5,5.1,0.6,5.3
5210791,7.0,4.3,2.8,4.9
1784770,4.3,3.6,0.9,7.4
3909312,4.0,2.2,0.8,5.3
7354584,4.2,6.4,0.0,5.9
3165774,7.8,6.0,1.8,4.6
1795219,6.4,8.4,0.2,8.5
95340,3.4,2.9,0.6,6.5
7263,3.5,2.5,0.8,6.3
10870579,4.2,4.0,0.9,8.1
2156446,3.9,2.5,0.3,6.7
1138111,6.3,6.7,0.7,6.5
2179486,8.0,4.4,2.4,3.3
1166367,7.4,7.5,0.8,6.9
1913675,8.4,2.3,4.8,2.5
1666428,3.8,3.3,1.0,6.5
35664,3.4,2.2,0.4,6.4
2936438,8.5,2.7,4.7,2.1
79639,6.4,5.5,1.2,6.4
7998,4.2,1.4,1.1,5.3
1765935,3.0,2.5,1.2,6.1
1211398,6.9,5.4,0.9,4.1
3513929,4.3,3.5,1.0,7.1
82193,8.4,4.6,2.8,2.9
2381446,6.1,4.2,1.0,3.8
736137,6.7,7.5,1.2,7.9
1629811,6.5,5.1,1.0,4.7
1190501,7.4,6.0,0.8,5.4
22555,6.3,7.7,0.7,8.4
88990,4.4,2.3,0.6,5.4
1100590,4.8,3.4,0.6,7.4
83070,8.4,5.4,0.6,5.3
86500,3.8,2.7,0.8,6.4
75772,6.3,7.7,0.6,8.2
88321,2.6,2.5,1.3,6.3
1099118,4.8,6.0,0.9,6.5
82201,5.7,2.6,0.9,6.4
6573369,1.8,1.8,0.0,7.0
7102579,6.5,8.2,0.0,8.4
1167071,4.6,5.7,0.9,6.5
22526,6.1,7.6,0.7,8.3
9206,4.6,1.8,1.3,5.3
83490,8.5,5.1,2.3,5.2
1306975,2.2,1.8,0.0,6.0
1478198,6.3,6.5,1.5,5.9
1926277,6.5,5.2,0.6,5.7
1889170,5.0,5.1,0.7,4.8
1117672,6.8,5.2,0.0,6.8
5941959,4.3,4.1,0.9,5.3
10656150,6.0,3.7,1.4,4.5
2881,4.2,3.4,0.7,7.3
3664114,5.0,4.0,0.0,6.1
1126471,8.2,2.7,4.7,2.7
2357579,5.8,7.7,0.1,8.0
1246027,6.3,7.4,0.3,8.2
1172595,8.5,5.2,0.9,5.7
21058,6.2,7.6,0.5,8.4
1258196,8.5,7.4,1.5,5.6
4320560,4.3,4.4,1.7,7.7
1978434,7.0,5.0,0.8,3.6
1490640,7.5,5.7,0.7,5.3
1311618,6.6,4.5,1.3,4.8
2651624,2.3,2.5,1.4,6.5
6161366,1.2,1.9,1.3,8.5
9035465,6.8,6.6,0.4,5.7
6539515,7.9,4.8,0.9,5.3
7360050,5.8,6.4,0.0,6.3
78373,5.8,4.5,1.1,3.7
8899708,6.1,6.9,1.1,6.4
1700304,3.1,2.2,0.0,5.7
7300921,2.8,2.2,0.8,6.2
5952669,8.5,5.4,0.3,5.9
1481259,5.6,4.9,1.4,4.9
2120816,5.6,4.6,1.1,4.6
1169897,4.3,2.9,0.4,7.2
1516179,5.0,5.8,0.6,6.1
82405,6.1,6.9,1.1,8.2
2003036,6.3,7.1,0.6,8.5
4626088,3.6,2.9,0.8,6.8
1871098,3.6,2.7,1.0,6.5
5917304,5.1,3.4,1.5,4.7
1242989,5.3,6.0,1.0,6.5
85191,5.5,3.7,1.9,4.2
99040,6.3,7.5,1.1,7.8
1173799,8.5,2.3,5.1,2.5
16548,5.2,3.0,0.0,6.5
6188156,8.1,6.3,2.4,6.4
2307317,5.1,5.9,0.9,6.3
1128958,4.3,2.6,1.9,6.6
1494513,4.2,3.4,0.7,7.0
1704558,3.5,2.8,0.7,7.7
5645223,6.1,6.7,0.9,7.6
23272,5.2,6.0,1.0,6.6
5352153,3.7,2.8,0.0,7.3
1173535,6.1,2.7,1.4,6.5
1134660,7.3,5.0,1.5,4.5
5463389,6.8,5.7,0.1,5.4
1417067,7.5,6.0,1.0,4.8
16542,3.5,3.5,0.2,7.4
16557,4.7,3.9,0.7,7.2
3400424,6.2,7.7,0.5,8.0
1524438,8.2,4.1,3.8,2.7
6213869,7.8,8.0,0.5,7.0
1108075,7.0,6.9,0.6,6.4
7134,6.2,7.4,0.6,8.1
10154,5.0,5.5,0.6,6.4
1421937,7.4,5.3,0.3,5.2
1172691,8.5,4.2,2.3,4.3
10556347,5.7,7.0,1.5,6.7
1310286,4.3,3.1,1.8,6.4
1128662,3.4,2.2,0.6,6.3
1102162,4.0,3.2,1.2,7.0
73592,6.7,4.8,1.6,4.7
1180289,7.6,4.7,2.4,3.8
16561,3.8,3.6,0.5,7.5
8467,4.7,1.8,0.0,5.4
2306556,7.0,4.1,1.8,4.9
11625493,5.8,5.2,2.5,5.6
9957667,2.9,2.8,0.6,7.1
1192287,7.7,4.0,1.7,4.7
73629,6.2,7.4,0.7,8.2
4878245,5.9,4.3,1.0,4.4
1196588,6.8,5.1,0.0,5.6
1886249,6.9,5.8,1.7,5.4
1559827,4.1,3.2,0.7,7.4
3958398,8.5,4.3,2.4,3.1
3813698,3.1,2.2,0.1,6.3
9565751,6.9,4.9,0.9,2.9
1578948,5.8,7.4,0.6,8.2
1150380,5.1,5.9,0.8,6.4
5530712,2.4,2.9,0.0,7.3
4988563,3.8,3.0,0.2,6.2
1922087,4.3,3.4,0.7,6.5
1273920,6.5,4.0,0.9,4.2
9606243,4.9,4.2,0.0,4.2
5674218,8.5,4.3,0.4,4.7
1100207,5.0,5.3,1.5,6.0
19242,6.7,4.9,1.8,3.4
12341695,5.2,5.5,0.4,6.1
8992888,5.5,5.4,2.0,5.3
10510069,4.5,5.2,2.2,5.4
1397299,4.8,3.6,1.5,7.1
3655343,2.7,2.3,0.0,6.2
86256,3.3,1.9,0.1,6.8
15184,6.5,7.2,0.8,8.4
1588040,6.6,8.0,1.0,8.1
1958459,5.3,4.6,1.2,4.7
1180183,7.4,5.4,2.5,6.1
1557986,3.7,2.7,0.7,5.8
1211823,3.8,3.2,1.4,7.9
10664586,4.8,4.2,1.6,4.5
1105408,3.8,2.9,0.4,6.5
1151677,7.8,5.1,1.0,4.1
1212725,8.5,4.1,0.4,4.6
2829168,4.6,3.0,0.3,8.0
9585971,3.9,2.7,0.0,6.7
16550,4.9,3.3,0.4,7.1
1185927,8.4,7.1,0.7,5.4
1142315,8.0,5.7,1.1,4.4
1166809,7.2,6.4,1.0,5.7
1099185,4.3,3.7,0.2,7.4
5297971,6.8,4.3,0.4,4.2
1157825,4.3,1.6,0.9,4.9
1171308,6.9,4.5,1.5,5.3
1126993,3.5,2.2,1.3,6.2
1186753,5.7,4.3,1.2,4.5
1476947,3.9,2.5,0.0,5.9
92248,4.3,3.1,1.4,6.8
11835173,5.1,4.4,3.2,4.5
15490,5.7,4.3,1.0,4.7
7237772,2.9,2.5,0.0,7.0
2802810,6.7,5.9,0.8,4.6
1691624,6.8,6.6,0.3,6.1
77812,6.1,5.8,1.2,5.9
4715828,4.9,4.9,0.0,8.0
1164075,5.1,4.2,0.9,7.5
1581011,4.9,4.5,0.8,7.5
10047469,2.7,4.2,0.9,6.8
2115113,2.0,2.3,0.5,7.9
1438887,8.5,5.0,0.0,3.4
1724530,5.3,5.8,0.3,6.6
5990979,7.2,4.8,0.9,5.1
1605136,7.6,4.9,0.2,5.8
8683379,6.3,4.3,2.6,4.1
2164803,7.5,4.5,1.2,5.1
1980975,6.8,4.6,0.6,3.9
2722129,7.4,6.0,0.5,3.8
5711363,6.4,6.5,0.0,7.0
5785852,4.0,4.9,4.3,4.8
2269463,3.7,3.6,0.7,5.5
1514598,6.1,5.8,1.4,5.8
9132860,8.4,5.5,0.3,5.9
3859580,7.8,4.3,1.8,3.5
1188736,0.3,1.0,0.6,8.1
1169445,5.0,4.1,0.5,7.4
1837195,0.9,2.3,0.7,7.4
5055244,5.0,4.8,0.9,7.6
6173833,2.5,7.7,0.4,6.5
1166741,2.0,2.2,0.6,7.2
1759898,0.0,0.4,0.0,7.7
75861,6.7,4.8,1.2,5.4
1261725,7.3,4.3,1.8,4.1
20808,4.9,4.7,0.6,4.9
15089,5.8,4.2,1.8,3.5
1144060,8.0,4.7,2.3,3.3
10198068,5.1,5.9,0.0,6.6
1536438,7.3,5.6,2.5,4.2
1126666,4.1,2.0,2.4,7.3
1699330,5.3,4.3,2.3,7.0
1226107,6.8,5.9,2.2,4.8
2288442,4.8,5.6,1.1,4.9
82019,7.2,7.0,0.6,7.2
60224,4.9,3.9,1.4,3.9
7405204,6.0,6.0,0.9,5.6
1577721,6.9,6.0,1.7,5.9
2370489,6.1,4.9,0.7,6.6
3143986,7.3,4.7,0.0,4.7
7177726,6.6,5.9,1.4,5.8
1111790,0.6,1.8,0.3,8.4
4486830,6.7,5.1,1.5,5.8
1515811,6.0,5.9,1.0,6.0
2148785,6.7,4.6,0.6,4.2
1990,7.4,4.8,0.8,4.5
1754377,6.1,5.3,0.8,5.7
1116966,6.4,3.7,0.3,4.7
1792763,8.5,4.0,3.2,2.5
3530362,5.2,4.1,1.7,3.6
99331,7.1,4.7,1.7,4.7
8621558,6.1,5.4,0.9,5.6
8825146,7.6,5.5,1.4,4.3
1598831,5.8,3.9,1.3,4.4
5093326,5.2,2.4,2.7,4.2
1241692,7.6,7.8,0.2,7.3
1183180,8.5,4.9,2.0,3.4
1603722,7.0,7.0,0.8,7.1
8781932,7.2,5.6,1.4,4.4
1189701,5.9,4.2,1.6,3.6
79969,6.1,7.9,0.2,8.3
1224535,7.4,5.1,0.6,4.9
4279982,7.3,5.2,0.6,5.2
1145014,7.4,5.9,1.2,5.4
2033578,5.3,4.2,0.8,4.7
1268527,4.8,4.3,0.7,4.4
4849124,7.3,1.8,5.3,1.2
5630648,6.7,6.7,0.7,6.0
4985776,3.7,1.6,1.8,4.1
10926836,5.0,5.6,1.2,5.8
1105079,5.3,6.6,0.0,7.9
1181462,6.7,4.9,0.6,4.3
1370784,8.4,4.6,1.7,4.1
1162245,7.5,7.6,0.5,7.4
4794427,6.3,5.4,1.5,4.3
1204383,5.4,4.1,1.3,4.1
79513,5.2,3.8,1.7,3.7
93951,6.7,6.4,0.5,6.3
80456,7.2,7.4,0.5,7.2
2138987,6.5,5.3,0.7,5.7
36034,6.5,4.9,0.5,4.6
1136109,6.7,3.7,2.1,2.9
7569949,5.5,4.4,1.7,5.0
1237980,4.3,5.3,0.4,6.3
1204202,4.4,4.2,0.6,4.8
2305113,6.4,4.5,0.8,4.8
1147367,6.5,5.0,0.6,4.6
6900121,6.6,4.9,3.2,3.7
5279409,6.6,5.8,0.0,5.7
1253089,5.6,2.1,1.1,6.5
5919174,6.3,6.9,0.9,6.8
1246232,6.6,6.8,0.0,6.7
7328201,4.0,3.2,0.0,6.9
2635287,4.7,5.3,0.3,7.2
2307342,3.0,3.1,0.7,6.6
1412199,8.1,5.1,1.9,3.5
1632518,7.1,5.0,1.7,3.5
6685501,0.9,1.5,0.0,8.5
1123317,8.5,5.0,0.8,6.4
4083039,6.0,3.8,2.8,3.5
1868364,5.0,5.0,1.3,4.7
1253756,3.6,4.5,0.5,6.6
3978878,4.0,4.5,0.9,6.4
19806,6.3,7.9,0.0,8.5
5930178,5.1,2.2,3.0,4.7
5237320,6.0,6.0,2.3,4.9
9432420,3.6,5.7,0.0,5.5
6640262,8.3,6.2,2.5,4.0
1319074,7.7,4.2,2.6,3.5
7328982,5.3,4.5,0.5,5.3
4111684,7.8,4.0,3.1,3.8
2015927,8.0,4.9,2.2,3.7
1538168,4.7,7.2,0.0,7.9
22546,5.9,4.3,1.4,3.8
9059667,5.6,5.5,1.1,4.9
1374746,7.2,5.0,1.3,3.5
8492865,6.8,4.2,0.5,4.5
7352001,5.3,4.5,0.1,5.3
7084554,6.2,3.3,1.5,3.7
1958423,5.9,4.2,1.2,4.7
1908150,5.7,7.3,3.4,5.4
12431880,4.9,4.8,3.1,4.7
10952233,4.7,6.4,1.1,5.9
1148455,5.3,4.3,1.3,4.5
6719554,7.4,4.5,1.4,4.8
2015804,5.7,2.7,1.1,6.4
1386686,6.5,5.4,1.1,6.0
1254851,3.9,5.2,0.9,4.7
1170665,6.7,3.8,1.9,2.9
1698222,6.9,5.9,1.2,5.8
1954291,5.2,5.6,1.2,5.3
1128681,5.5,2.6,0.6,6.6
1639562,5.3,4.6,0.5,5.9
8375090,6.2,5.0,1.2,5.8
1103263,5.2,5.6,2.4,6.4
1129295,7.5,5.5,0.0,5.2
1981675,6.5,5.0,1.0,4.6
1609207,5.9,5.5,1.5,5.6
1842068,5.3,6.0,1.8,6.2
6589281,4.5,2.4,2.7,5.2
6290924,5.5,3.7,2.0,3.8
1618986,6.3,4.2,2.3,3.0
1474791,6.5,5.5,0.1,5.9
91824,6.2,4.2,1.6,3.5
2498061,7.2,4.6,0.5,2.2
1309271,6.1,5.9,0.2,6.1
1723880,5.6,4.1,1.3,4.3
8958353,5.5,4.0,1.7,4.5
8356622,6.9,6.7,1.8,5.8
3905528,5.1,5.6,1.9,5.6
2674546,6.2,2.9,2.0,3.8
91683,8.2,4.6,2.3,3.1
4391194,6.0,4.3,2.1,4.0
9069445,6.0,5.6,1.3,5.1
2361267,7.0,6.2,1.4,5.7
7993476,4.2,3.0,0.9,5.5
1294011,0.3,1.4,0.7,8.0
6266666,5.9,5.6,1.9,5.4
1470737,5.5,7.2,1.0,7.5
1989053,1.3,1.9,1.3,7.4
1201807,8.5,6.8,0.0,6.8
4414108,6.0,4.7,0.0,4.9
5876379,5.0,3.2,2.8,3.8
1437492,5.1,5.9,1.5,6.5
4956297,4.0,4.4,0.0,5.3
1731437,5.4,5.0,0.8,5.3
1124328,5.3,4.5,1.0,3.7
5502996,4.9,5.5,2.4,5.5
1124315,5.2,4.3,0.7,2.9
7772084,6.6,7.2,0.0,6.8
10126068,5.3,4.2,2.8,4.0
3020954,6.8,6.0,0.7,5.9
1924794,0.2,1.6,0.8,8.1
1961881,6.0,6.1,2.5,6.2
1791540,5.0,3.3,0.4,3.8
1287002,5.6,2.6,1.2,6.6
2895808,7.3,5.7,0.6,2.9
7684211,8.4,4.0,1.8,2.4
1437017,7.0,4.7,1.0,2.7
1119710,8.4,5.1,2.0,2.6
1283612,4.6,4.4,0.5,5.2
8831190,6.8,6.3,0.0,6.5
1222460,5.4,4.0,1.1,4.2
4197622,6.5,6.1,0.9,5.9
1638399,6.7,5.1,2.1,5.3
1244031,6.5,5.6,0.6,6.1
3540352,7.5,4.0,1.1,5.1
10814718,4.6,4.7,2.1,5.7
3599122,6.0,5.3,0.6,3.7
2199268,5.3,4.4,0.1,4.6
9101226,4.2,5.1,1.5,5.3
3803896,6.0,3.8,3.0,3.2
1115654,7.6,5.3,1.0,3.6
1585046,6.2,5.8,1.2,6.0
4606790,8.5,4.9,3.3,3.3
91567,7.1,4.0,2.6,2.7
779268,4.1,2.7,2.3,6.3
1648157,5.3,3.8,0.8,7.6
9189771,3.0,1.8,0.0,6.7
1100283,8.5,7.0,0.6,5.5
4418309,7.9,4.1,1.2,4.2
3152763,3.2,3.0,1.0,6.8
5024059,3.0,2.1,0.4,7.9
6307507,5.4,6.1,0.7,6.3
2645181,4.8,5.4,0.0,7.7
1420012,4.2,6.8,0.0,5.5
1574714,6.3,5.5,0.1,5.4
1252973,6.8,6.8,0.5,4.2
1159557,7.6,6.1,1.1,5.6
45784,3.8,3.4,1.3,7.2
1150344,6.5,6.0,1.1,4.6
1301754,4.2,3.4,0.8,7.0
1136028,7.4,5.4,0.5,5.1
20663,8.2,3.8,0.7,4.5
11117,3.0,3.3,0.0,6.8
779368,3.3,2.7,0.3,6.3
2097066,6.4,6.0,1.3,6.2
19248,6.4,7.6,0.5,8.2
7008343,5.6,6.9,0.0,8.2
1179007,7.1,6.9,0.8,6.6
2030950,6.4,5.9,0.8,6.4
1836560,5.9,4.2,1.8,4.4
79359,6.0,7.5,0.6,8.0
2521194,6.3,5.4,1.0,5.3
2660355,7.1,6.7,0.5,6.7
79360,6.0,7.5,0.6,8.0
1548264,1.0,1.0,0.7,8.4
1449461,6.5,5.2,0.5,6.2
1896436,7.5,5.7,1.6,4.5
1117027,6.7,7.1,0.9,5.5
1174682,3.5,2.4,0.4,6.4
92522,8.0,4.6,2.1,3.3
1197021,7.3,5.5,0.9,5.1
6837508,7.3,7.2,0.2,6.4
1126670,5.1,4.2,2.9,6.5
1171208,7.5,5.7,1.2,5.2
1146826,7.0,5.5,0.3,5.4
10001331,5.3,6.9,0.3,5.6
8037614,6.2,7.0,1.0,6.2
1134162,3.5,2.4,0.5,6.1
1101055,4.9,5.4,0.5,6.1
6156909,4.6,3.0,0.9,6.6
2328702,6.2,6.1,1.1,6.1
779426,5.8,4.6,1.3,4.6
73412,4.8,5.9,0.4,6.3
67864,7.2,7.1,0.7,7.0
2056268,5.4,2.8,1.2,3.1
3227569,8.5,4.2,1.6,4.4
19281,6.0,7.1,0.7,8.5
83667,6.7,4.7,0.5,4.4
89723,6.8,8.1,2.4,8.1
2399144,5.9,4.1,0.5,4.2
84062,8.3,4.7,2.6,3.0
2058090,7.1,7.5,1.7,7.3
2022950,6.5,7.9,0.0,8.1
2603281,4.9,4.5,0.7,5.2
7268707,6.5,4.4,1.5,5.2
11823,6.1,7.9,0.1,8.5
3883774,7.4,5.5,0.8,5.3
24156,3.7,3.0,0.5,7.1
1112608,6.3,6.7,0.6,8.3
1274852,6.1,4.8,1.7,3.9
1152524,5.1,5.8,0.7,6.3
16220,6.7,5.1,1.3,5.8
1137135,7.2,5.7,1.0,5.3
1632105,2.7,1.5,0.0,6.6
1671049,5.3,4.3,0.7,6.7
16471,6.2,7.1,0.5,8.5
2168638,5.1,5.4,0.6,6.0
1169521,6.6,4.8,1.8,5.6
1160689,8.5,4.9,2.4,4.4
1155795,3.0,2.6,0.4,6.3
1241174,3.6,2.5,0.5,6.3
8168041,5.5,6.1,0.9,6.6
19267,6.1,7.2,0.7,8.5
83912,4.4,3.0,1.7,7.0
1658750,4.7,3.7,1.8,7.2
99972,4.0,3.3,1.5,7.3
1552178,4.5,3.7,1.7,7.3
83911,4.4,3.3,1.6,6.9
1166837,7.1,5.4,1.7,5.2
1292070,3.8,2.9,2.3,7.1
83920,4.3,3.2,1.5,7.0
1286354,4.2,3.2,1.8,6.9
83917,4.3,3.3,1.7,7.0
99976,4.5,3.2,2.2,7.3
1202743,6.7,6.5,0.0,6.6
88177,4.6,3.4,1.5,7.0
6332595,4.4,4.2,1.4,7.2
83913,4.3,3.3,1.8,6.9
99966,3.2,2.2,0.5,6.5
1243105,4.6,3.5,2.0,6.9
5977848,5.1,5.3,2.5,4.0
2795541,6.0,4.4,1.1,4.9
1230875,3.2,3.8,1.2,6.3
1743364,5.6,4.0,1.4,4.7
2342512,4.9,4.0,1.1,4.3
1419062,6.5,2.0,4.0,1.1
5067549,5.9,4.2,1.5,4.6
2694723,6.1,4.6,1.4,4.0
2667985,6.6,4.4,0.0,5.9
1207041,6.2,3.8,1.6,4.5
1175204,7.2,5.2,0.6,3.7
1184833,7.7,5.5,0.2,3.4
1142338,6.3,4.3,1.0,5.0
1233226,6.0,5.9,2.9,4.7
7606992,6.0,5.9,0.9,5.9
1279806,6.1,6.7,0.7,5.4
4173313,7.3,4.5,1.6,4.4
4195510,5.8,6.9,0.2,5.9
1561939,6.2,6.5,0.3,6.5
4309569,5.5,6.9,0.6,5.3
9546959,8.0,3.6,0.8,4.7
1784534,6.3,3.8,1.3,4.3
1164909,6.2,6.4,0.3,6.5
19438,7.0,4.4,0.9,3.8
1310136,4.9,4.4,0.7,3.9
1182086,5.7,4.9,0.8,6.1
2613900,6.2,6.2,1.7,6.6
6755097,5.6,2.7,0.0,4.2
71374,7.3,5.0,1.1,4.5
5647607,5.4,4.2,1.5,4.1
2710489,7.2,5.0,1.2,5.3
1137288,5.9,5.4,1.6,5.7
5548996,5.2,7.0,0.8,5.8
1127845,0.0,1.8,0.0,7.4
2392264,6.7,5.4,1.5,4.8
1709031,6.2,2.2,4.0,1.7
2618847,3.7,4.0,0.7,6.3
76853,7.4,4.4,1.2,4.6
4111049,7.3,5.5,1.0,6.1
1899080,6.0,4.3,1.1,3.8
1669932,5.9,7.2,0.6,5.4
5676307,6.9,5.3,3.9,6.3
1576623,7.6,4.9,1.3,3.8
1764814,8.3,3.9,1.9,1.8
8357155,6.3,5.4,0.6,4.1
1656382,6.4,4.8,1.7,4.3
1642418,5.7,6.5,0.8,5.4
3973671,6.5,5.7,1.5,5.9
7449568,7.7,3.9,3.2,2.9
9241287,3.1,2.6,5.4,4.0
5019574,6.7,4.2,0.0,4.2
7032905,4.9,5.3,2.1,5.5
1411465,6.4,6.1,0.8,5.4
6073775,6.9,3.1,2.8,5.3
1952920,8.0,6.8,0.5,8.0
1223539,6.9,5.8,0.0,6.8
1260294,6.9,3.9,1.8,4.1
2032180,0.0,1.6,0.0,5.9
5690651,7.4,5.0,0.9,5.3
1138874,7.1,3.9,2.7,2.8
4925621,6.3,7.0,0.5,6.6
4497793,6.1,1.7,3.0,0.6
9734976,6.1,4.4,0.2,4.1
1851297,6.7,5.1,1.6,5.1
1203756,5.4,5.1,0.2,5.6
1152475,7.2,4.5,0.6,4.4
6061140,5.5,3.8,2.5,3.9
1299404,6.6,6.4,0.0,6.7
23061,7.7,5.0,0.7,5.4
2034764,3.4,3.5,0.0,3.4
9317054,6.7,7.1,0.7,5.8
82716,8.0,4.2,2.4,3.2
1294274,5.8,5.1,0.0,6.4
1155700,4.1,6.1,0.0,6.8
1628851,5.9,5.5,0.6,6.0
1243037,5.4,5.1,0.3,5.6
2547076,4.8,5.0,0.9,5.4
21005,4.2,4.0,1.0,4.6
5237189,7.7,4.3,4.2,3.1
1126216,5.7,5.6,1.3,5.8
2609500,7.8,6.0,0.0,2.9
2442729,5.4,3.9,0.2,4.1
1666372,6.2,3.5,2.0,3.8
1679647,4.6,4.9,0.0,5.3
1265556,6.7,4.3,1.7,4.3
4253319,7.1,6.0,2.3,4.5
2327297,6.1,5.8,1.0,5.9
1795459,5.3,5.4,1.0,4.3
9248713,6.6,3.4,4.7,3.2
1149343,4.4,3.8,0.9,4.5
75110,7.2,6.5,1.4,6.1
2643786,7.3,3.7,3.8,2.6
91701,7.3,4.6,2.4,3.7
1204860,6.0,5.6,1.1,5.6
3824667,5.8,4.3,2.0,4.5
1181172,5.9,4.2,1.6,4.5
1778443,5.0,5.4,0.0,7.0
1840512,4.2,5.4,0.0,6.8
1165670,3.3,3.8,1.3,3.6
4032857,4.3,6.7,1.1,6.4
6477749,7.9,4.2,0.3,5.4
1711291,4.3,4.1,0.6,4.9
1399576,2.2,2.6,0.0,7.0
1717204,6.8,5.7,1.0,6.1
4587928,5.3,2.1,0.5,6.5
5630195,1.7,2.4,0.6,8.5
6415759,6.7,3.5,1.1,4.4
1968650,5.6,5.4,1.0,4.6
1718504,2.0,2.1,0.7,6.4
7786989,7.8,6.3,0.0,6.2
1203170,4.4,4.2,2.5,8.0
1246179,7.0,6.0,1.4,6.1
10556444,3.1,4.6,1.4,4.8
2683907,6.1,6.6,0.8,6.2
2413816,2.0,2.2,0.4,5.9
1182869,7.2,4.5,0.0,4.1
6264111,5.8,6.1,0.9,6.0
9308678,3.6,2.9,1.5,5.6
6113781,8.0,5.4,1.7,4.1
79970,6.2,7.7,0.4,8.2
99986,8.5,5.1,1.5,5.2
9691787,6.4,6.8,0.4,6.2
1205030,7.3,3.6,0.0,3.7
1608545,6.9,6.1,0.9,6.4
8421804,4.9,5.9,0.0,5.1
4096811,8.3,2.8,3.9,3.9
5818658,5.6,6.4,1.5,6.6
2606777,6.7,3.8,0.7,3.9
7275,2.7,2.0,0.0,6.4
5277486,4.4,4.5,1.2,8.1
1159790,8.4,2.5,4.8,2.7
1137544,8.5,2.3,4.7,2.5
9585401,3.0,1.8,0.0,6.8
1459169,8.3,2.0,5.1,2.7
3565528,6.4,5.4,1.3,5.1
2326053,7.6,5.7,0.0,4.2
2205985,7.5,4.3,3.0,3.0
6876776,6.8,3.5,1.6,4.2
2054824,6.0,3.2,1.1,5.7
22039,5.7,2.3,0.4,6.7
3343765,6.9,4.2,1.4,3.4
1372797,8.1,6.6,2.2,5.8
1264881,5.7,2.0,0.9,6.2
1231551,4.1,2.9,1.1,5.9
1177743,4.4,4.2,2.6,7.8
8578676,3.0,3.8,0.0,6.9
6413594,6.1,4.5,1.3,4.2
91752,6.4,7.1,0.1,8.1
1933650,6.1,2.6,0.8,6.7
3856585,6.2,5.1,0.8,5.6
79686,3.3,3.1,1.0,5.8
2677179,6.3,7.4,0.0,8.2
1206114,6.3,6.2,0.8,5.5
1117224,6.5,4.6,1.3,4.2
8034856,2.6,2.0,0.0,6.1
1199247,4.8,3.9,1.5,4.6
1554165,4.6,3.9,0.4,6.3
1128619,0.4,2.6,0.5,7.4
9047262,4.8,3.9,3.8,3.9
1213313,6.1,4.9,2.4,3.2
1582225,8.3,5.3,1.5,5.5
9709,4.7,4.4,0.6,4.8
1154551,8.5,3.6,2.5,2.3
6842070,7.3,6.5,0.9,4.9
7321213,6.7,4.2,1.8,4.7
1216071,6.0,6.8,0.3,8.3
4986085,3.0,2.3,0.8,6.2
5154275,7.8,4.6,2.8,3.5
11871988,4.6,4.4,3.2,4.8
10610480,6.6,3.3,4.7,4.2
1182851,6.1,2.3,0.3,6.6
1583521,7.5,5.2,0.5,5.0
2528852,7.6,4.3,1.0,5.2
11593850,4.2,2.9,2.6,4.3
6816934,4.9,4.5,2.3,4.7
6053083,7.3,3.2,3.9,1.9
11503519,6.6,6.8,0.5,6.2
1317903,5.8,3.8,1.9,4.6
4778285,6.5,7.2,0.0,6.4
5176916,5.7,4.8,0.7,4.9
4295730,5.9,4.2,2.5,3.8
6348087,3.8,3.8,0.9,5.5
1205223,6.5,6.5,1.3,7.4
9187739,5.8,6.3,0.4,5.6
92579,6.3,7.6,0.4,8.3
4743156,6.5,3.2,0.3,3.2
1380520,4.6,6.6,0.4,6.7
1151580,6.3,2.1,1.8,5.9
12147975,7.2,5.5,1.7,4.8
9139299,4.9,6.6,0.3,6.1
8784103,4.8,4.0,1.8,5.9
7804474,6.7,2.9,5.2,2.9
11003635,5.3,4.3,1.5,5.8
6780386,4.7,5.6,1.6,5.8
1167319,5.6,4.6,1.4,4.3
1142784,7.1,4.2,2.2,3.6
1530785,6.7,6.7,1.4,6.6
1165433,6.5,6.4,0.7,5.1
1171210,6.3,6.1,1.0,6.1
1109692,4.4,5.9,2.0,4.9
5758265,0.6,1.2,0.7,8.0
1904915,4.2,4.8,0.0,5.5
6893548,6.6,4.1,4.0,2.7
94969,4.8,4.2,0.9,4.6
2307158,7.1,6.0,1.4,5.0
2704014,5.9,5.4,0.1,6.6
7259439,3.8,6.0,0.0,6.2
1627420,2.2,2.7,0.0,6.7
10336500,6.7,5.5,0.5,5.2
1248279,7.2,5.3,1.5,4.5
1204897,5.3,2.2,0.1,6.3
10624414,6.0,5.2,2.8,5.4
4211234,4.7,3.8,0.7,7.6
3048193,2.7,2.3,1.4,6.2
1881248,3.1,1.9,0.6,6.7
7557546,5.1,2.2,1.5,5.0
1861091,7.4,4.4,1.1,5.2
1224570,5.9,4.5,1.0,5.5
41324,3.3,2.2,0.3,6.4
10229914,1.8,1.5,3.2,3.7
2097454,6.4,6.3,1.1,5.4
2334101,4.1,0.1,0.4,5.1
91514,5.6,3.6,1.8,4.0
85501,6.0,4.4,1.2,6.3
1176622,7.2,4.8,0.4,4.3
1189601,6.3,5.4,0.2,6.6
5006973,3.2,3.1,0.1,7.3
1709905,6.7,5.9,0.9,6.4
1133878,5.5,3.7,1.7,3.5
2617850,5.8,4.0,3.0,2.8
1101043,4.6,4.2,0.8,5.1
9336,4.8,5.7,0.3,6.4
1428605,6.1,6.1,1.0,6.0
1196484,6.1,2.8,0.8,6.4
1191214,5.7,2.4,1.9,6.9
5076,4.6,4.3,0.7,4.8
1263491,7.6,5.9,1.2,5.5
2287517,7.0,5.1,1.2,2.3
75864,5.5,4.2,1.8,4.7
1126099,5.8,2.6,1.0,6.2
1148082,6.3,4.7,1.5,3.6
1433225,6.4,5.3,0.0,6.1
87889,6.5,5.2,0.6,5.5
9050727,7.6,8.5,0.0,7.7
1152452,1.3,2.6,0.6,6.9
11602561,0.0,0.8,0.0,8.5
1420290,6.6,5.2,0.6,6.0
1408612,6.6,4.5,1.4,4.6
1865159,0.4,2.5,1.1,6.9
93164,6.7,5.0,0.5,3.4
1179602,4.1,1.9,2.2,7.6
1170491,7.4,7.5,1.0,7.2
5848196,7.3,6.2,0.6,4.7
1126963,6.9,5.2,1.5,4.0
1988184,1.3,2.7,0.7,7.1
8558909,6.6,5.5,0.0,5.5
1165998,6.6,5.3,0.4,5.4
1164662,4.6,5.3,0.4,6.2
1989042,7.3,5.4,0.3,5.1
3740281,5.3,6.2,0.2,7.5
9595113,4.6,3.7,1.5,4.4
5317754,6.6,5.2,0.5,4.5
77995,8.5,6.5,0.0,4.5
4198229,3.9,2.1,0.3,5.2
2699,4.5,4.2,1.0,6.5
14433,6.3,7.0,0.0,8.3
1195686,6.3,5.9,1.5,5.7
2684285,3.0,3.0,0.0,8.0
1161265,7.7,7.3,0.4,7.2
1133911,7.4,6.2,0.6,6.2
5544879,0.6,2.5,0.9,7.1
2929931,7.1,7.0,0.7,7.1
1771272,3.2,2.3,0.0,6.7
4120183,8.5,5.1,1.2,4.3
1135311,5.6,5.6,1.0,5.9
1223208,4.6,5.7,0.5,6.5
2147391,0.7,1.9,0.0,7.5
3279759,5.9,6.5,1.6,4.7
1103252,1.0,1.5,0.5,7.7
7783,7.5,5.0,0.5,5.5
1258878,6.8,4.3,1.0,4.5
1112299,6.6,4.8,1.1,5.2
3746666,7.0,4.8,1.0,5.1
3286550,7.4,7.6,0.8,7.4
86732,6.7,2.7,1.9,3.7
1298970,2.0,2.1,0.8,6.2
1128831,6.5,3.8,3.1,5.1
1251137,7.4,5.1,0.9,5.5
2706895,2.8,2.7,0.0,6.8
6666977,5.5,4.7,1.3,6.6
4484078,5.6,2.3,0.1,6.5
22549,6.1,7.6,0.6,8.2
6168,8.5,4.6,2.0,4.4
1147819,4.7,5.7,0.6,6.4
6481655,8.0,6.8,0.0,5.1
1144047,6.7,3.9,2.2,3.9
1198604,6.3,5.6,0.8,6.5
1408328,7.8,5.5,0.1,3.7
3774155,6.8,5.7,0.5,6.3
1832930,6.2,6.2,1.2,5.9
1226281,6.3,5.4,2.7,4.2
15487,6.2,6.3,0.8,6.0
1214546,6.3,5.8,0.4,6.3
1897366,7.4,5.7,0.1,3.6
6902623,3.0,2.6,1.5,5.8
91077,6.3,5.2,0.7,5.4
6245767,5.2,6.2,0.0,6.0
1164790,6.5,6.4,0.6,5.6
1319449,6.4,5.2,0.8,5.3
779338,7.3,7.4,0.3,7.2
1380962,7.7,5.3,1.2,4.3
2005921,4.2,2.6,0.3,6.9
98098,4.4,3.9,1.2,6.9
1283529,6.6,6.2,2.3,6.3
9634,4.6,6.3,1.1,6.5
7152,6.5,7.4,0.5,8.5
1489566,7.8,6.9,0.9,6.3
2118918,4.1,3.4,0.8,4.9
1706334,6.7,4.7,2.2,3.5
4769744,2.2,2.2,0.0,7.0
1463930,2.2,4.0,0.0,6.9
79663,0.6,2.5,1.0,7.4
1311293,6.3,6.1,0.8,6.0
1213831,7.4,5.2,1.2,4.1
1510542,4.4,3.0,0.9,6.3
3331648,5.0,4.8,0.0,4.9
1647,5.1,4.4,1.0,4.7
1301889,3.1,2.3,0.4,6.4
8841949,6.5,8.1,0.3,8.1
1642330,5.9,8.0,2.7,5.8
26424,7.0,5.0,1.2,5.0
1309119,7.3,4.9,0.5,5.9
2283476,5.0,6.0,0.9,7.0
2011965,3.7,2.9,0.4,6.9
1650430,7.6,4.8,1.8,5.6
4588125,6.8,6.5,0.1,6.7
2299260,8.2,4.0,1.4,4.5
1099223,4.4,3.3,1.0,7.0
1203783,6.6,5.8,2.0,6.1
1190733,7.4,5.6,0.5,5.2
8686114,7.7,7.6,0.9,7.1
1840109,3.9,3.1,1.0,6.2
2738318,6.2,6.0,1.0,6.1
8623,6.4,6.0,0.8,6.0
98042,6.3,2.5,0.6,6.0
4887121,8.0,6.1,1.2,5.1
1689141,3.8,2.9,0.3,7.1
1100474,7.1,5.6,1.5,5.5
1392293,5.1,6.3,0.6,6.5
3887435,6.3,3.9,1.5,4.2
9109271,5.7,3.6,0.1,6.5
1434393,8.0,5.4,0.0,5.5
1235721,7.6,5.0,1.4,5.1
2449329,6.3,5.3,1.2,5.8
2951746,5.4,4.9,1.6,4.2
5837203,7.4,5.8,0.8,4.6
23097,5.1,4.7,0.5,4.7
1223682,7.5,4.6,1.5,4.2
1420205,6.1,3.2,1.0,6.8
73251,3.5,2.4,0.2,6.7
1162372,4.6,4.1,0.9,6.9
6735439,6.5,7.5,0.1,8.5
1450149,6.9,6.6,0.6,6.5
1251628,7.0,5.7,0.6,5.3
81917,6.3,4.5,1.5,4.9
1462309,8.2,6.8,0.0,7.3
6904764,7.5,4.9,1.1,5.3
2703918,3.8,1.7,1.9,6.3
1360275,6.1,5.5,1.7,5.1
4000169,5.3,4.6,0.8,4.9
5776781,7.4,5.2,2.2,4.2
1271830,5.7,7.4,0.5,7.7
1824933,3.5,2.6,1.7,5.1
1065,7.5,5.3,1.2,5.2
1504225,3.8,2.6,1.1,6.4
1256454,4.1,3.6,0.4,7.4
1222792,3.6,2.3,0.3,6.6
93162,8.5,4.5,0.5,5.4
1159878,8.2,3.9,1.4,4.4
5987183,2.9,2.2,1.4,6.6
79681,1.4,3.4,0.5,7.3
3740875,5.5,7.3,0.7,7.5
7196077,5.8,6.2,0.7,6.5
1995070,5.7,4.2,2.4,3.0
60364,6.4,4.3,1.8,3.6
1099538,7.1,5.3,0.9,5.2
1128601,3.8,3.5,0.4,7.0
1591084,3.9,2.8,0.3,6.8
20648,8.1,6.7,0.9,5.5
6422149,4.3,3.2,0.0,7.2
1614961,3.6,3.1,0.9,6.8
1198460,3.3,2.5,1.0,6.3
1101002,7.4,5.2,1.0,4.9
6629688,8.4,4.5,0.8,4.9
1245309,5.9,4.4,0.5,4.8
16150,7.4,4.5,0.8,5.1
1297902,5.8,7.7,0.6,8.1
1117102,5.6,5.2,3.0,6.4
1174621,6.1,6.4,0.4,7.2
1651937,8.4,5.5,1.0,6.3
1723912,3.5,2.7,0.5,7.1
1662515,7.0,5.4,2.0,5.6
35374,8.5,3.9,1.2,4.5
1893592,4.4,3.3,0.8,6.7
2287487,4.2,3.2,1.2,6.6
3817709,6.0,4.4,2.5,4.3
1197121,7.5,4.1,0.6,5.0
7383,3.9,2.8,0.2,6.7
5251790,3.0,2.3,0.6,6.1
5125281,4.4,3.2,1.0,7.1
1405755,7.9,4.6,1.3,5.1
84777,6.5,7.6,0.4,8.3
2245443,5.6,2.6,2.0,6.5
96874,8.5,5.0,2.0,5.5
1099237,7.5,5.6,1.0,5.3
1190838,6.5,6.0,1.6,4.6
35964,7.5,5.1,1.0,5.5
68514,7.3,7.3,0.9,7.2
77521,8.5,4.9,0.3,5.6
1501461,4.7,5.6,0.2,6.4
5778330,1.0,1.2,1.6,8.4
5725324,8.5,5.5,0.9,6.3
1201468,4.0,3.3,0.4,7.1
1126125,6.5,6.2,1.0,6.2
1172145,7.3,5.5,0.9,5.3
2654865,3.9,3.6,1.1,7.0
92510,6.3,7.8,0.7,8.2
1500451,5.5,6.3,2.2,6.8
1825898,5.9,7.6,0.6,8.3
5125507,1.2,1.5,0.6,8.5
85510,8.4,4.8,0.8,5.0
85512,8.5,5.3,1.5,5.6
2054916,2.6,2.2,1.4,6.1
7717,4.3,2.2,0.9,5.5
77459,4.5,4.6,0.8,5.1
82694,5.1,4.7,1.2,4.8
1574904,8.3,4.7,1.1,4.7
1155217,5.7,4.6,1.2,4.6
1525828,4.3,3.3,0.8,7.2
1169138,3.1,2.5,0.4,6.1
1464777,3.5,2.6,1.0,6.4
1744346,2.7,2.3,0.5,6.1
17800,4.6,5.6,0.5,6.5
2863652,4.3,3.1,2.3,6.9
1871502,6.3,7.4,0.9,8.0
86558,5.7,2.5,0.5,6.6
1233223,4.6,5.5,1.0,6.4
10725246,5.5,3.7,2.3,4.3
80163,8.4,5.0,1.0,5.5
1124241,6.5,4.7,0.9,5.7
73620,6.3,7.6,0.3,8.0
2208084,5.6,5.7,0.6,6.4
1178883,6.3,6.5,0.9,5.5
94825,7.3,7.4,0.9,7.2
1129149,3.9,3.1,1.1,6.0
1243533,6.2,4.8,1.1,4.6
74770,6.0,6.0,0.7,6.0
1132275,7.2,5.8,1.5,3.6
1534318,6.7,3.4,0.6,4.3
24260,6.4,5.7,1.0,5.8
1637,6.4,5.8,0.0,6.1
22763,5.8,4.0,0.0,4.2
5558940,6.8,4.1,0.0,4.6
6318153,6.8,5.1,0.6,4.4
1163892,7.5,5.3,0.5,5.3
1640834,3.2,2.1,0.1,6.5
2042606,4.1,3.6,0.4,7.2
1152206,6.4,4.2,0.9,4.0
18485,6.8,5.7,1.1,6.0
1124899,8.5,5.7,1.3,5.5
2468363,6.2,5.8,0.6,6.1
1139122,6.5,5.9,1.3,6.3
1137169,6.4,6.0,0.9,6.0
1425807,6.2,4.5,1.3,6.0
1161650,6.4,4.0,1.2,4.5
1495855,5.6,4.0,0.0,3.5
1138136,7.2,5.7,0.7,3.7
1137485,6.6,6.5,1.0,5.8
2975044,4.9,2.5,3.1,3.9
1128225,4.7,3.5,0.7,7.6
1445035,6.3,4.5,2.5,3.2
5539301,4.3,3.2,0.0,6.7
1213939,4.2,3.8,1.0,7.3
1201321,7.3,4.9,2.4,5.1
1101112,7.5,7.6,0.6,7.4
6573011,7.1,7.1,0.0,5.9
779362,4.2,3.3,0.4,6.9
1555890,7.0,6.9,0.7,7.0
2442505,7.2,6.4,0.0,6.9
1701746,5.4,3.6,0.6,4.5
4642781,6.2,4.4,1.7,5.0
1099243,7.4,5.5,1.3,5.1
1675541,8.0,5.1,1.1,5.5
3984839,4.8,4.3,1.0,7.7
2569185,6.5,7.4,0.3,8.1
1255589,6.9,4.8,1.7,3.0
2434568,6.5,8.0,0.9,8.1
5645377,7.2,4.8,0.4,5.8
3761382,6.5,5.5,1.0,5.7
1433751,6.6,5.7,1.4,5.8
1951376,2.0,2.4,0.5,8.1
1864592,7.4,5.6,0.5,5.3
73377,6.5,5.3,1.1,6.0
1127479,7.4,7.5,0.7,7.3
1301309,6.7,5.5,0.7,4.7
21867,4.8,2.9,2.7,4.2
9606076,4.4,3.1,1.1,4.7
1187630,6.0,5.4,0.5,6.3
5859593,6.5,5.5,0.7,4.9
1148297,6.6,4.9,0.5,4.5
13793,7.2,7.2,0.7,7.1
20020,3.9,1.9,2.5,6.9
1136168,8.5,4.0,3.9,2.4
23388,5.1,6.1,0.8,6.5
1549500,4.1,3.8,2.4,6.5
2085314,4.5,3.7,2.9,7.7
9837294,6.0,6.0,0.6,5.9
16359,6.7,5.2,0.9,5.2
4677117,6.2,5.7,0.6,6.6
2445404,6.4,5.1,0.8,4.6
2174391,7.2,4.1,0.0,4.1
1674878,6.4,3.9,1.5,4.3
1427885,7.5,7.5,0.5,7.3
1129620,6.4,6.5,0.2,7.3
1202961,4.3,3.6,2.0,6.2
97836,7.6,7.5,0.9,7.3
1123283,6.8,5.6,0.8,5.9
1506976,6.2,4.9,0.9,5.5
7334500,3.4,3.9,0.6,4.6
11827,6.1,4.5,1.7,3.1
7328609,6.6,4.6,1.6,4.4
4000725,5.8,6.9,0.2,8.4
3999674,6.7,5.6,1.2,6.1
1690773,7.5,7.3,0.9,6.5
1129915,4.2,0.4,0.8,4.4
2250040,0.0,2.1,0.0,8.1
1137143,7.5,4.6,0.7,5.1
1409929,3.7,3.5,0.0,6.6
11814025,6.5,5.4,2.3,4.6
77034,6.3,5.9,1.1,6.2
21918,6.5,4.7,1.6,3.1
2069515,3.2,3.0,0.6,7.8
1442068,6.4,5.0,0.9,4.6
6249486,5.8,7.1,2.4,8.0
20529,5.2,4.1,4.1,7.3
1868123,5.4,7.1,0.7,5.7
3744193,0.4,1.2,1.4,8.3
1132381,6.3,6.7,0.6,6.0
1244408,6.6,6.2,0.2,6.1
1263621,6.6,4.8,0.9,5.8
1640960,6.9,6.1,0.0,5.4
9673814,0.3,0.7,0.0,8.5
1585136,6.8,2.5,0.0,2.0
1453387,7.8,5.3,0.1,3.4
1168997,6.2,3.6,0.2,3.2
1169763,5.2,4.7,0.7,4.7
1112609,5.8,3.9,2.4,2.9
1181041,5.6,5.9,1.6,5.0
1780247,6.0,4.5,1.5,5.2
1949606,5.3,4.6,0.3,4.3
1401918,6.6,5.4,0.1,6.3
1886515,6.3,5.9,1.1,5.9
22141,6.1,6.0,0.8,5.9
736244,5.1,5.7,1.3,5.3
2033167,6.8,6.3,2.3,5.5
2039871,5.9,5.5,0.8,5.3
1587482,4.7,3.8,1.8,4.8
2401695,5.5,4.6,1.2,4.4
2017099,5.6,4.2,1.0,5.2
1148194,6.8,4.6,2.6,3.5
4974548,4.2,2.7,0.5,6.7
94227,1.8,2.3,0.5,7.6
1552338,6.9,5.8,1.6,4.4
1393368,6.5,7.2,1.1,8.2
4191043,5.7,6.7,0.0,6.5
95953,6.5,5.6,0.4,6.1
76446,6.9,5.3,0.9,5.0
9663067,8.4,5.3,0.7,6.0
2488130,2.4,3.1,1.6,7.1
1251545,6.4,6.0,0.0,6.5
2104199,5.2,4.8,3.1,4.7
1183818,3.3,4.3,0.4,6.6
7868,5.8,4.8,1.4,4.7
1760299,6.1,3.9,1.7,3.2
4204324,6.4,3.7,1.9,3.5
1665908,6.8,4.1,2.2,4.2
1627151,8.5,3.8,0.7,4.2
2810970,6.9,5.2,1.0,4.8
1611041,8.5,5.7,0.7,5.6
1159114,7.3,5.5,1.9,5.5
1799850,7.5,5.3,0.5,5.6
11454191,4.2,5.9,0.9,5.1
1149522,3.2,2.1,0.3,6.2
1294307,6.0,5.7,1.1,6.2
9460415,1.9,2.1,0.7,6.4
2034336,5.4,7.6,0.5,7.4
1787242,4.6,3.4,0.8,7.1
1179455,7.1,5.3,1.1,5.4
1112303,7.3,5.1,1.2,5.2
1149396,6.4,6.3,0.3,7.2
779175,2.9,2.0,0.6,6.5
82974,4.1,3.5,0.5,7.2
2359198,4.0,3.2,1.1,7.2
1137114,8.5,4.0,1.5,4.4
2704964,8.5,5.2,0.7,5.4
2076341,1.3,1.8,0.7,8.1
1199790,8.1,4.4,2.3,5.0
4188267,6.6,7.2,0.6,6.6
22551,6.0,6.8,0.5,8.4
5420715,6.4,7.1,0.0,8.5
86560,5.7,7.2,0.6,8.3
1743835,5.2,4.1,0.1,5.0
1128670,3.4,2.4,1.2,5.8
1155116,4.0,3.0,1.3,7.1
2082416,6.4,5.4,1.2,6.0
1223487,4.2,3.6,0.7,6.7
1250553,3.8,2.0,0.8,6.2
45844,2.1,2.3,0.5,6.2
7494,6.7,6.5,1.1,6.2
1209634,7.3,3.8,0.7,4.9
1253143,8.5,5.0,0.9,5.6
4344179,5.9,6.7,0.2,8.0
2031844,3.1,2.2,1.4,5.9
2982,3.5,3.2,0.7,6.4
3316922,7.4,5.5,0.8,5.2
13744,6.0,6.4,0.4,7.2
3761834,6.2,7.0,1.0,8.3
16473,6.1,7.1,0.6,8.5
1111525,7.0,5.5,0.7,5.2
24137,3.2,2.7,0.6,6.1
1169324,4.9,3.5,0.0,7.4
1108668,4.6,3.2,0.3,6.8
4743738,1.2,1.9,0.0,8.5
1779567,3.3,2.8,0.0,5.8
86502,3.7,2.7,0.4,6.3
2013473,3.5,3.1,0.0,7.7
1148035,7.2,7.3,0.8,7.2
75190,6.4,4.0,2.1,4.6
82235,6.2,4.3,1.6,3.4
1216811,5.9,5.7,1.6,5.7
5630153,8.5,6.8,0.8,5.6
1194190,5.6,5.6,1.2,5.8
1152438,6.3,6.3,0.8,7.1
1126751,6.4,6.2,0.9,6.5
5234061,1.4,2.2,0.6,7.0
2155272,1.7,3.1,1.1,7.2
1175856,4.7,5.7,0.6,6.4
1721625,8.5,6.5,0.8,6.4
1223005,8.0,6.1,1.6,5.8
4236321,2.2,2.4,1.5,6.7
77889,6.6,4.1,1.3,4.1
1228232,3.5,2.4,0.1,6.1
1177659,8.1,3.6,0.6,4.1
6331780,6.1,3.4,4.1,3.9
45284,8.2,6.1,1.6,4.6
7205,3.4,2.3,0.7,6.4
1389505,7.2,5.4,1.3,5.0
2511044,1.7,1.8,0.9,6.7
1144151,3.6,2.8,0.4,6.2
1126750,6.3,6.5,1.5,6.3
2127846,7.5,4.9,2.2,3.9
738521,6.2,8.2,0.4,8.2
4922395,8.3,5.5,2.2,4.2
1501826,2.3,2.2,0.0,6.4
5853350,6.3,5.8,0.7,5.5
8861677,6.5,7.6,0.0,8.5
1196844,6.2,6.9,1.0,7.3
1099398,7.2,7.2,0.6,7.2
4280056,4.2,2.8,0.0,7.9
4359832,2.5,2.2,0.5,6.2
8902850,3.2,1.6,0.0,6.7
20654,7.6,5.0,0.8,5.6
16476,5.7,7.4,0.3,8.4
1597099,3.3,3.8,0.5,6.4
23264,4.9,5.7,0.8,6.5
5281121,3.4,2.3,0.6,6.4
1622997,6.1,7.3,0.7,7.6
22175,5.0,5.9,0.8,6.4
1172272,6.2,6.5,0.8,7.2
779868,4.4,3.1,0.6,6.9
1581604,6.3,4.5,1.5,4.6
20661,8.3,4.0,1.5,4.5
1135843,7.1,7.0,0.5,7.1
1966233,5.9,6.7,0.8,5.8
1235913,5.4,6.7,0.0,6.5
2099355,5.3,6.1,0.8,6.9
1137848,6.2,6.2,1.1,5.6
1138889,5.4,5.4,1.4,6.1
1168160,5.7,5.0,2.2,5.3
1264655,7.3,6.7,0.0,5.8
1178212,6.6,6.3,0.0,6.4
1215086,6.0,6.2,1.0,5.9
14901,7.6,4.9,0.1,3.2
2873548,7.1,5.3,0.0,4.7
2628154,6.5,6.2,0.9,6.0
6599429,6.6,7.0,0.4,6.2
1208646,6.7,5.1,0.6,4.6
1563148,7.2,6.3,0.3,6.7
1219731,6.4,4.4,0.8,4.6
1105265,6.4,4.9,0.3,4.6
2054888,4.7,5.5,0.1,6.4
5426402,0.2,1.7,2.5,7.4
1162720,6.6,4.9,0.1,5.4
23780,7.0,5.3,0.5,5.6
1500213,6.7,6.3,0.0,5.9
1246583,6.7,4.9,1.6,4.4
1544298,5.8,4.5,1.2,5.0
1413286,6.7,6.2,2.5,7.3
2489336,7.2,6.8,1.0,6.0
1509085,6.9,6.3,1.2,6.5
2910261,5.7,6.1,1.1,6.0
1168445,7.3,5.9,1.9,2.9
1108088,6.8,4.7,1.6,3.4
1126794,5.1,4.6,0.9,4.9
19961,6.8,5.6,2.0,5.1
11968984,5.6,5.7,2.0,5.2
14880,6.5,5.8,1.0,5.9
2588575,7.0,4.9,0.0,4.6
1125826,6.2,4.3,0.6,4.7
1395689,6.4,5.6,0.9,6.1
73607,6.9,4.7,0.0,4.5
6111944,6.0,6.1,0.5,6.6
1299900,6.8,4.7,1.2,3.7
1167593,6.3,5.5,0.9,6.0
76651,6.1,5.5,1.5,5.7
1699115,6.1,3.4,0.3,4.2
1280465,7.5,7.5,0.4,7.0
2006729,6.3,4.7,1.6,4.8
4938643,6.9,5.7,1.7,6.9
1148102,6.7,5.7,2.1,7.3
1306150,5.3,5.7,1.6,6.6
1279440,4.9,5.8,0.9,6.5
2855959,3.7,3.7,0.0,4.9
2762331,5.6,5.7,0.1,6.4
1131016,7.4,5.6,1.0,5.2
3961042,6.9,5.6,0.4,4.6
1783498,0.0,1.3,0.7,8.5
4204519,3.4,2.5,0.4,6.2
2450847,7.9,3.7,3.3,3.3
1395647,5.1,7.0,0.1,8.0
1147498,6.6,5.1,0.9,5.3
21213,8.0,5.2,2.0,3.3
1137497,3.3,2.4,0.5,6.1
1415449,6.3,6.3,0.7,6.5
2931753,6.4,5.4,0.4,3.9
1172728,5.2,6.7,1.1,5.6
2363871,7.1,4.5,1.6,3.9
10034683,4.0,4.3,2.6,8.0
6739432,5.8,6.6,1.6,5.2
1727167,4.9,3.5,1.8,5.7
4179902,5.8,5.9,0.0,7.3
1105691,7.3,7.1,0.7,6.9
2728447,6.7,6.3,1.8,6.2
5782369,3.0,3.8,0.3,8.1
6244095,5.6,4.7,2.4,5.0
1273617,6.2,3.9,1.2,6.7
1390816,6.4,5.3,0.5,5.7
10699446,5.3,5.1,2.6,4.9
1173826,5.8,4.0,2.0,3.0
1689948,0.6,2.3,0.5,7.3
1960950,4.6,4.5,2.8,7.9
1703621,7.1,6.7,0.2,5.2
77816,6.6,6.5,0.8,6.0
1166884,7.3,5.5,0.0,4.9
1867758,6.3,4.0,2.0,4.6
1261766,5.0,5.3,1.1,7.6
2054442,5.0,4.5,0.4,7.1
2586468,2.1,1.7,1.6,7.5
4386918,6.8,4.2,1.7,4.5
95906,6.5,5.1,0.1,5.6
2224598,1.3,2.8,0.3,6.6
736586,6.3,5.4,1.4,5.6
1565592,6.1,6.0,1.4,6.0
4947635,6.4,4.9,0.7,4.3
96677,5.5,6.9,2.4,8.0
9577495,6.7,5.8,1.6,5.8
6300696,6.2,4.3,2.5,3.5
5486003,5.0,4.0,2.4,4.2
1167430,5.8,5.8,1.5,5.8
2989414,6.5,5.9,1.4,6.1
1985639,7.7,4.5,2.5,2.8
1665192,6.7,4.4,1.8,4.2
1506336,6.4,3.2,1.7,4.1
93543,5.0,5.0,0.5,4.7
4127967,5.5,6.0,0.2,5.4
1112325,6.5,4.4,0.9,4.3
4886930,4.7,4.5,0.0,4.2
2174535,6.6,3.9,1.9,4.2
1163519,6.4,5.4,1.5,5.6
7620668,8.0,4.2,0.6,4.1
2146507,7.3,5.0,2.5,3.7
4965029,4.4,2.2,0.9,5.3
1236664,8.1,4.9,0.9,5.4
3869521,7.3,5.0,1.1,5.6
2445123,7.6,7.1,0.3,7.3
1209306,5.0,4.2,3.1,7.1
1683114,4.9,4.1,1.3,7.2
7586997,6.6,5.3,1.7,4.4
6507498,5.8,4.3,1.2,5.3
6377049,6.7,4.6,1.8,4.6
76166,6.4,3.6,2.0,4.1
2117628,6.1,7.9,0.0,8.1
4298028,6.8,3.6,0.9,4.4
2117601,4.6,1.5,2.4,3.8
8651095,5.3,3.5,2.8,3.3
5628279,4.1,3.4,2.0,6.0
1374869,8.5,5.9,1.4,6.1
6260268,0.8,2.6,0.5,7.2
94297,7.8,5.0,1.2,3.2
1196230,6.4,5.9,0.0,7.2
5374488,7.5,5.4,2.3,4.7
1150434,4.6,3.3,1.7,5.5
23350,6.4,5.5,1.2,5.6
7823424,7.5,6.0,2.1,3.4
1154226,8.5,2.6,4.4,2.6
1368093,8.5,5.4,0.0,6.6
1214002,6.5,5.7,1.0,5.9
1142537,6.7,4.7,1.0,3.0
1170859,6.0,4.3,1.7,4.7
2244074,6.7,4.4,1.6,4.6
3484137,6.7,2.3,3.8,1.5
1099939,6.5,4.4,0.8,4.4
96986,7.5,5.6,0.4,4.1
1196440,5.3,6.5,1.5,6.9
1276592,6.5,4.9,0.5,4.7
5119942,0.7,2.3,0.6,7.4
2946,1.0,1.7,0.6,8.1
1139111,6.5,4.9,0.8,6.0
94987,5.1,5.9,0.1,6.4
6192588,3.4,3.4,1.6,8.5
5074518,6.5,6.2,1.4,6.3
9224829,3.7,6.8,0.5,6.0
6006192,6.6,5.0,1.3,3.9
16832,5.0,4.5,0.9,4.9
1105554,6.7,4.8,0.6,5.4
1277087,6.4,4.0,1.9,3.1
2035455,4.4,6.2,1.4,7.8
4854438,7.0,5.3,2.0,4.2
1127929,7.2,7.2,0.4,7.2
1203038,3.0,3.1,0.0,7.6
1166778,4.2,4.6,2.3,7.3
2481935,7.7,6.9,1.6,5.7
1163173,7.2,7.4,0.4,7.4
16226,6.4,5.4,1.3,5.9
1103081,6.8,5.3,1.0,5.5
1208743,6.8,5.7,1.1,5.5
1152464,5.9,7.8,0.3,8.3
8812042,6.4,4.3,1.5,4.2
1575456,3.8,3.2,0.4,7.1
3486142,6.3,3.7,1.6,4.3
1178539,4.7,4.2,0.9,4.8
1132696,6.7,5.8,1.0,6.1
1261328,6.4,4.0,2.1,2.9
1876163,6.1,5.9,0.7,5.9
1224334,6.6,5.6,1.3,5.7
61094,5.9,8.0,0.1,8.5
76431,7.1,4.5,1.4,3.9
1126103,6.3,4.4,1.7,3.4
1369753,6.2,6.5,0.7,7.0
3416054,4.6,4.6,1.0,5.0
1102087,5.9,7.6,0.3,7.7
5790423,4.7,5.0,1.2,4.2
6637209,6.8,5.8,1.8,5.0
87056,5.6,3.5,0.8,3.4
11193,3.0,2.1,0.7,6.3
1308244,6.7,5.0,0.4,4.6
7012562,7.4,4.7,2.8,3.5
981448,6.6,4.9,0.5,5.4
2286641,7.4,7.4,0.7,7.3
1480684,4.9,4.0,0.7,4.5
1236653,7.5,4.2,1.5,4.7
7646817,7.2,7.2,0.7,7.0
1495641,5.1,4.5,2.9,7.0
779048,6.9,5.3,0.8,5.3
77515,6.6,4.7,1.0,5.2
1179595,7.2,4.8,0.8,5.1
77482,6.4,5.0,0.6,5.3
90192,6.5,4.8,0.7,5.8
1136380,7.1,7.1,0.9,7.1
1836660,6.4,4.3,0.5,4.5
1659,6.7,6.3,1.0,5.3
1656,4.8,4.1,1.0,4.9
1411826,6.6,6.1,0.6,6.3
3859358,2.7,2.0,1.2,7.3
1800684,8.5,5.1,0.6,5.5
4193423,6.5,5.0,0.8,4.7
2694346,7.3,4.1,1.3,4.4
4431928,6.3,6.2,2.1,5.8
1253220,3.2,4.7,2.6,7.8
3127575,5.1,2.3,3.1,3.8
1182802,7.6,7.2,0.2,7.1
1560185,8.3,7.7,0.4,5.9
5352991,5.6,6.4,0.4,7.6
49584,6.3,5.5,0.8,5.8
1100348,5.9,6.0,1.1,5.9
1202424,6.3,5.4,0.6,5.1
1230873,5.9,6.6,0.6,6.2
1174352,6.8,6.4,0.0,6.1
15246,6.4,7.8,0.8,8.1
1101213,6.3,6.4,0.4,7.1
75834,6.2,7.0,0.5,8.3
1554213,5.5,5.4,1.3,6.2
5566462,7.9,3.8,0.0,3.9
1111660,6.3,5.8,0.7,5.8
2257967,5.4,5.9,0.1,6.4
1128230,4.1,3.2,1.8,7.0
1187085,6.4,6.8,0.7,7.6
1098865,8.4,4.0,1.1,4.4
1100228,6.4,6.0,0.7,6.1
2121397,6.6,6.2,0.1,6.5
73555,6.3,6.3,0.6,7.1
1126222,6.7,6.3,1.0,6.3
78772,6.0,5.7,0.8,5.7
1795749,4.8,6.0,1.1,5.4
23136,6.3,4.1,1.4,3.2
16640,6.6,8.2,0.8,8.3
16639,6.4,7.7,0.6,8.2
1788,6.0,7.4,0.9,8.0
6280402,7.0,4.4,2.0,3.3
2510756,7.0,4.3,0.7,4.9
3834322,6.5,6.2,0.0,5.7
1105300,7.3,5.4,0.6,5.1
1139117,6.5,5.9,1.0,6.4
1228666,7.5,5.9,1.5,3.9
1596815,6.6,4.5,0.7,4.6
81864,6.3,6.5,0.7,7.2
89013,6.3,6.2,1.0,5.9
10998,6.4,5.9,0.9,6.0
1834367,6.4,5.7,0.9,6.6
33754,5.3,4.2,1.6,4.4
2462973,6.6,6.0,0.5,6.2
1137094,6.4,3.9,2.0,3.2
77032,6.5,5.7,1.4,5.8
1163217,6.3,6.0,0.6,6.1
4481375,4.0,3.1,0.3,7.1
4876051,4.4,3.4,1.9,6.8
1311027,3.4,2.5,0.0,6.6
9777150,4.3,2.6,0.9,5.9
2716745,3.7,3.6,0.0,6.5
2805,3.3,2.5,0.6,6.4
1175340,3.8,3.0,1.5,6.9
3358824,2.5,2.4,0.5,6.6
7329,4.1,3.4,0.1,6.9
77524,8.0,6.7,0.6,5.6
1239921,4.3,6.5,2.1,5.2
1161266,5.8,7.2,0.0,7.2
3925645,8.5,5.8,1.3,5.5
8793,6.1,7.6,0.9,8.1
1606612,6.1,4.5,2.1,3.1
2406699,4.6,3.2,0.8,7.0
1101056,4.7,5.8,0.4,6.4
86578,6.3,7.7,0.8,8.2
1677323,3.1,2.3,0.3,6.3
1154913,7.1,7.4,0.8,7.4
1385322,3.9,2.5,1.0,6.7
1267153,3.7,3.2,0.1,6.1
10196,7.4,4.4,1.6,5.1
1906037,7.4,4.6,2.2,3.6
7284,4.2,3.1,0.3,7.4
2800,3.6,3.1,0.5,6.3
1386795,6.1,5.7,1.0,5.8
96803,5.8,6.2,2.2,7.1
7951320,4.3,2.8,0.9,7.5
3756160,5.3,4.0,1.8,6.6
1643796,7.7,6.0,1.6,5.4
1421793,8.0,5.2,1.5,5.3
1128216,4.2,3.5,0.5,7.1
1575980,3.8,3.5,1.0,7.0
1449047,5.4,4.6,2.6,6.7
1128160,6.8,5.0,2.8,4.3
1196873,3.1,2.0,0.8,6.1
1100006,7.3,5.7,0.8,5.2
1284359,5.4,4.1,1.8,4.8
1218616,3.4,1.8,0.3,6.3
41864,3.0,2.9,0.8,6.3
1718808,5.8,4.9,1.9,3.2
1216654,4.3,4.1,2.1,7.6
5341012,4.3,6.0,1.1,5.1
1187425,7.6,5.6,0.1,5.3
1173790,7.2,5.5,1.1,5.2
75400,3.8,3.0,1.6,6.7
5052806,7.3,5.5,0.7,5.2
6632,6.9,5.9,1.5,6.2
1157805,7.2,5.7,0.6,4.9
1172667,7.3,5.7,0.8,5.1
73478,7.1,7.1,0.9,7.2
96012,4.1,2.6,1.1,6.6
96009,4.6,3.2,0.2,7.7
1107846,7.5,5.6,0.8,5.3
3265055,6.4,4.8,0.7,5.4
1523602,8.3,5.2,1.4,5.6
1461240,4.9,4.7,0.6,5.0
2559031,8.5,4.1,2.7,2.7
87844,3.5,2.9,0.9,6.6
1193957,4.6,3.8,1.0,4.9
13969,3.9,4.3,0.8,6.5
1162882,8.3,2.3,4.4,2.5
1274591,5.9,4.7,0.0,5.1
2305009,4.2,2.3,1.2,5.7
3045077,2.3,2.8,0.3,8.0
3967287,6.4,4.9,0.3,5.8
1652053,0.5,2.6,0.4,7.2
24126,4.3,3.3,0.8,7.3
1629699,6.2,6.0,0.7,6.5
9020756,6.1,7.8,0.4,7.8
10640427,6.2,6.8,0.4,6.2
8010203,6.2,4.8,2.3,5.4
100284,6.6,5.3,1.5,5.7
2274777,7.3,4.7,1.9,4.2
1249263,4.5,3.9,0.1,8.0
53394,4.6,3.3,1.3,7.1
3803940,3.4,2.6,1.3,6.6
1692006,2.4,2.2,0.8,6.0
2038688,4.5,2.0,1.0,5.4
9538518,6.1,5.3,1.1,4.6
1575566,3.4,1.8,0.1,6.1
2287923,5.9,6.8,0.5,8.4
7193432,5.5,4.7,0.9,4.4
6596663,4.5,6.6,0.8,6.6
1208708,6.6,6.1,1.5,7.0
82991,3.7,3.0,0.5,7.4
1163704,7.5,5.8,1.5,3.6
9353368,6.3,4.3,1.5,2.3
22448,6.5,6.4,0.9,5.4
1750000,7.5,7.0,0.7,7.1
2180106,6.8,5.1,1.4,5.8
1245,8.2,4.6,2.0,4.4
1587878,3.5,1.9,0.9,6.3
6101828,7.9,3.8,3.1,3.2
1612021,6.6,4.7,1.6,2.7
1442848,6.4,6.6,1.0,7.8
1275051,5.2,4.2,1.4,4.5
9633528,6.6,4.1,2.5,3.6
1153456,6.7,3.8,2.0,3.5
1138006,4.6,4.3,2.3,7.3
4293,6.6,4.7,1.2,4.6
3510441,5.5,5.6,1.0,6.4
23094,6.0,5.7,0.6,4.5
92001,8.5,3.2,4.4,2.9
13979,4.9,5.7,0.7,6.4
1566358,6.5,4.0,2.2,3.8
1557446,7.3,7.4,0.6,7.3
1609930,8.2,5.1,1.6,5.5
1508676,6.9,4.0,1.1,4.3
6190259,3.6,0.8,1.2,4.3
4483454,4.3,5.7,0.9,4.9
2404664,5.4,5.7,1.6,6.8
11775212,5.6,6.2,2.6,5.8
1742436,6.0,4.4,1.5,3.9
2040952,5.7,4.1,1.4,4.3
4291309,4.5,6.1,1.9,6.6
12803,6.7,6.0,1.3,5.8
2540149,6.1,4.2,1.5,2.5
2268305,6.9,6.6,0.9,6.4
1610035,6.7,6.3,1.2,6.0
9327404,8.5,5.6,1.0,6.0
1727107,5.4,6.8,0.9,6.8
5087382,5.4,5.2,0.8,6.5
3103255,6.7,7.1,1.8,7.0
1136142,8.5,4.2,1.2,4.5
1613083,5.2,4.3,0.6,4.9
1286278,6.4,3.4,0.3,2.7
5841051,6.6,4.1,2.0,3.2
8502457,3.9,2.5,0.6,6.0
2269930,5.0,5.8,0.6,6.1
1670059,5.7,4.4,1.7,4.3
8950539,3.5,1.8,0.0,5.3
10090110,6.8,6.6,0.6,4.7
7772307,6.8,3.2,1.4,3.7
7768,8.5,4.1,0.7,4.5
1175600,5.8,6.3,0.5,7.0
1170339,5.3,6.0,0.4,6.6
6402581,6.3,4.6,2.9,4.1
8950245,2.5,2.0,0.7,7.1
1128919,3.3,2.4,1.0,6.6
1736488,3.5,2.5,0.7,6.4
1384630,4.4,3.7,0.8,4.4
9341,4.7,4.3,1.8,3.9
1222852,6.7,4.5,1.7,2.6
1107962,6.1,7.5,0.3,8.4
1257420,5.0,4.2,1.3,4.3
3428698,4.8,5.8,1.1,6.5
1152992,6.7,3.3,1.5,2.0
2569292,6.0,3.6,1.8,3.6
2127055,4.7,4.1,0.0,7.5
3133485,5.5,4.6,0.1,6.8
98166,7.3,7.4,0.8,7.2
1182124,7.4,5.6,1.1,4.8
7399598,6.6,5.2,1.6,4.2
66214,6.0,4.2,1.4,3.3
97708,7.9,5.1,1.4,5.5
9556162,6.0,3.8,0.0,6.6
1615847,4.8,2.9,0.7,6.1
1098772,8.2,4.3,0.9,4.5
1311379,4.5,2.9,0.1,7.4
1185158,5.1,5.8,0.2,7.7
2114287,3.7,3.1,0.3,6.7
3136802,4.9,3.3,0.7,6.3
4261552,3.0,1.4,0.0,6.5
5985381,5.6,5.4,0.9,5.2
7399520,7.0,6.6,0.2,6.0
1100699,6.4,6.9,0.7,8.3
1191976,8.5,4.2,1.2,4.5
24131,3.7,3.2,0.7,7.3
1127672,4.5,3.0,0.2,7.0
4564659,2.7,2.2,0.0,6.8
77522,7.4,6.8,0.4,6.4
8060876,2.7,1.8,0.8,6.9
1450598,4.3,4.1,1.3,6.5
1603614,4.7,2.5,0.0,7.3
1173340,3.9,3.2,1.3,7.2
8528809,3.3,1.8,0.0,6.8
1173140,6.5,6.3,1.4,6.0
1102163,8.5,5.5,1.0,5.6
1383440,5.4,4.5,1.1,4.6
1109332,4.5,3.8,1.1,7.1
1731203,2.7,2.2,0.0,6.4
7242,3.7,3.4,0.5,7.1
1513624,4.9,4.5,0.6,5.0
1409166,6.2,5.9,0.8,6.1
6249594,6.1,7.0,0.2,8.1
76786,6.4,5.9,0.7,6.1
1239321,5.5,5.9,1.0,6.5
4225835,4.4,2.9,2.0,5.6
1174763,4.6,5.6,0.6,6.2
1852753,5.7,6.2,3.5,5.5
1187084,5.1,5.5,0.5,6.4
5778393,5.4,6.3,0.8,6.4
4242995,5.2,6.1,0.8,6.3
1148822,6.6,4.3,1.4,4.6
4234703,5.7,5.7,0.7,5.7
1194824,7.2,5.1,0.3,5.2
1127166,7.3,7.0,0.3,6.9
1314354,6.6,6.1,0.0,5.2
6852826,7.0,4.1,0.8,3.2
8950538,6.5,4.0,1.3,5.1
1142886,8.3,3.9,0.8,4.4
1142892,8.2,4.2,0.9,4.4
73275,4.2,3.5,0.8,7.4
2887,5.6,4.5,1.0,4.5
75389,3.2,1.8,1.6,6.0
1109670,2.5,2.0,0.5,6.5
7985268,8.2,5.1,0.2,5.6
11256104,3.7,3.6,2.2,5.4
1099372,7.3,7.2,0.7,6.8
1149558,7.1,5.5,0.8,5.3
1589044,6.2,5.3,2.5,5.0
1098915,5.4,4.2,1.2,4.5
7956926,3.0,2.1,0.0,6.7
23134,4.9,3.3,1.5,4.4
1472446,3.9,2.6,0.7,6.2
9064817,6.3,4.9,1.3,4.4
4916760,4.6,4.7,1.5,7.6
4177791,7.7,4.6,2.1,5.0
2065206,1.5,2.5,0.7,7.0
96800,4.6,4.8,3.0,7.1
3865549,7.2,4.9,1.8,4.4
2477779,7.6,4.8,0.7,5.4
1365589,8.5,4.4,1.1,4.5
10445300,6.1,5.7,1.8,4.7
1736300,5.9,5.9,0.2,6.1
1534236,4.0,2.8,2.1,5.5
779304,4.4,3.8,1.0,7.3
11257687,5.7,5.5,1.9,6.4
82569,6.6,4.1,2.1,3.2
2018286,2.4,2.1,0.5,6.4
79265,6.2,6.4,0.8,7.1
1168278,6.2,6.4,0.6,7.2
1752856,3.5,2.9,0.5,6.5
23769,6.1,6.3,0.7,7.1
1216120,6.2,4.1,0.9,3.7
4628552,4.0,3.4,0.1,7.4
20980,5.7,4.5,1.0,4.6
3745428,1.5,2.2,0.9,8.5
2084836,2.9,3.1,0.0,7.8
15901,6.1,3.8,1.9,3.8
4322802,2.2,3.6,0.5,6.9
2047755,3.3,3.2,0.6,6.2
75855,8.5,4.2,1.7,4.4
1846109,7.6,5.6,1.4,4.5
2148945,4.1,2.0,0.8,5.7
5067393,1.1,2.2,0.8,8.4
1739449,7.5,7.3,0.2,7.8
8902884,3.1,2.0,0.0,5.7
82454,7.1,5.5,0.7,5.5
95337,3.3,2.5,0.7,6.2
1182352,7.4,5.4,0.3,5.2
2053006,7.3,4.4,0.9,4.9
5635042,6.6,4.4,2.5,4.3
3612096,6.5,6.6,1.1,6.0
11073741,5.7,4.9,3.2,4.5
10364075,3.0,4.5,0.3,6.8
6527768,7.5,4.5,1.9,4.7
1297706,7.7,5.0,2.2,3.7
5985470,6.5,4.9,1.4,5.3
11316523,8.5,4.3,1.7,2.5
1160948,6.1,3.8,3.5,3.0
10388414,6.9,5.7,0.6,5.4
1842515,4.4,4.6,0.0,5.0
2524646,5.9,3.7,2.3,3.8
1254102,6.2,7.8,0.6,8.2
5304645,6.0,4.4,0.5,5.0
1179938,6.2,5.1,2.6,2.7
1375147,8.0,4.0,3.0,3.1
5074652,6.3,5.8,1.0,5.2
6260550,6.4,4.9,0.6,5.6
9538573,3.9,2.6,0.8,6.7
2492754,1.9,2.5,0.6,6.3
15167,5.8,3.0,0.6,6.5
7943727,5.1,4.3,2.5,4.0
1623130,5.9,4.7,1.7,3.5
1704527,2.1,2.1,0.3,6.5
2451629,5.5,4.1,0.5,4.8
1260641,7.8,5.0,1.5,3.3
3491,6.1,6.2,1.0,6.1
99334,0.9,1.7,0.4,8.1
8502088,7.5,5.7,1.8,4.9
9721453,4.4,4.9,0.1,5.0
11079278,3.8,5.8,0.0,5.7
1220524,5.8,4.3,1.9,2.5
1745674,7.2,4.2,2.3,5.7
3952282,7.8,3.8,0.0,5.5
3187,8.5,6.3,1.0,5.5
1766323,6.4,4.7,0.8,4.7
99045,5.6,2.1,0.9,6.3
9279410,4.0,2.2,0.4,5.8
9220355,6.0,6.2,1.7,5.1
100343,6.1,8.0,0.4,7.9
1516788,4.2,6.2,0.1,5.5
10022174,5.9,2.0,1.0,6.7
4470699,6.2,4.8,1.7,4.5
7583449,5.3,2.2,0.0,6.6
100345,5.5,2.5,0.0,6.4
1213846,6.1,4.3,1.0,4.2
6790862,7.6,2.4,4.7,1.4
6779365,5.6,5.8,0.6,6.5
2114063,4.9,4.5,0.3,5.1
1908619,5.9,5.6,1.6,6.2
1515895,6.3,4.4,0.7,4.1
2809968,6.6,4.0,1.7,3.0
10238,5.4,6.1,0.9,6.7
60354,5.9,4.1,1.4,3.9
1861796,5.8,3.8,2.1,4.3
1380075,6.7,3.5,2.9,2.3
1518289,7.6,5.4,1.3,2.6
8216648,5.2,3.2,2.7,5.1
4429593,7.7,5.0,0.6,5.6
2781993,5.6,3.6,1.3,5.1
1246205,6.7,4.4,1.7,4.5
2437011,3.5,6.1,0.0,5.5
9772891,6.8,6.8,2.4,6.8
4467630,5.3,4.5,0.5,5.1
779035,6.4,3.0,2.0,4.0
74338,6.7,3.0,1.9,3.3
1609477,6.2,5.0,0.3,5.8
1424464,5.4,6.3,2.1,6.2
1180828,7.7,4.3,1.8,2.7
4369993,6.6,4.7,1.2,4.4
2097380,5.1,4.6,0.5,7.5
1283689,5.4,4.1,1.4,4.5
3211538,6.4,6.6,1.9,5.2
7599805,8.1,3.0,4.1,2.8
1731875,2.7,2.7,1.4,6.5
1840483,5.3,5.1,1.7,5.3
7932,6.5,5.6,1.5,5.8
8122617,4.8,4.8,1.4,5.1
11120089,2.7,3.0,1.3,3.5
5420467,5.4,4.1,1.2,4.0
8578893,5.0,4.8,2.9,4.6
9079167,4.1,3.2,2.2,4.2
3816558,6.0,4.1,1.8,3.3
1379321,5.8,5.7,1.9,5.9
1803736,4.8,4.2,0.7,4.7
10688369,5.6,7.0,0.4,7.5
10504038,4.7,6.3,0.0,6.6
7036693,5.6,3.6,1.2,5.9
9484262,6.1,3.7,2.2,4.8
2186125,5.6,4.1,1.4,4.2
1100700,5.8,2.6,0.6,6.5
6159070,7.2,5.1,0.3,5.3
1105366,7.3,4.4,1.5,4.1
1440345,2.9,2.5,0.5,6.5
1142062,8.4,2.9,3.4,1.4
19429,6.3,3.3,1.9,3.8
1977414,5.5,5.5,1.1,5.0
1376169,5.0,4.1,0.7,4.8
3339715,3.5,2.7,0.7,5.0
3640467,5.9,2.0,1.1,3.1
1213408,8.4,5.2,1.7,3.7
1100120,6.3,5.0,1.3,3.5
9458946,4.5,6.5,0.0,5.1
9023612,5.5,6.2,0.8,5.1
2367272,6.8,4.2,2.1,3.9
6930300,7.1,5.1,0.8,5.0
80369,7.7,4.8,1.8,5.4
1126421,5.2,6.2,0.3,7.8
1683520,8.2,5.0,1.9,3.4
6783428,5.3,3.3,1.3,4.1
1155267,6.3,5.4,1.2,5.8
736563,6.6,5.6,0.9,6.1
1169234,7.2,4.3,2.2,4.0
1103507,6.2,3.7,1.8,3.2
3605154,0.5,1.3,0.9,8.4
22902,5.2,4.2,0.6,4.5
77560,6.5,3.1,1.8,3.7
2233424,6.2,3.5,0.0,4.7
2140323,3.5,2.2,0.2,5.4
4298579,4.1,4.6,0.9,5.3
1509156,7.9,4.6,2.3,3.1
1461079,6.2,4.0,1.4,3.3
12608337,4.2,5.0,0.0,4.5
2324457,6.7,4.5,1.9,4.0
10162427,6.5,4.8,0.8,1.6
6996063,6.5,4.9,0.3,4.6
16508,7.1,4.6,1.5,4.2
8809050,5.5,3.3,2.4,4.3
5131507,4.7,3.9,3.2,3.9
7002895,5.2,5.1,0.2,5.9
2380972,6.0,3.7,1.6,3.4
1761551,6.0,7.5,0.6,8.2
10465131,4.2,6.8,0.0,5.5
9648325,8.0,4.8,0.1,5.7
11280420,7.9,4.8,0.0,5.2
1388459,3.2,2.5,0.1,6.2
1808823,6.1,5.0,0.1,5.5
7475019,3.7,5.7,0.3,7.6
11050545,5.2,5.2,2.4,4.9
1802845,6.4,4.5,1.0,4.7
7105,6.5,3.7,3.0,2.5
10301927,7.2,4.0,4.1,1.3
1205497,7.5,5.3,1.8,3.6
1240867,5.1,4.5,1.4,4.6
7268900,6.0,5.0,1.7,4.8
6173512,5.1,4.1,0.8,4.7
1221602,5.9,6.1,1.4,6.1
5509320,6.5,6.4,0.6,5.3
78356,6.4,4.1,3.1,3.0
4753834,6.3,5.4,0.7,6.5
2498895,4.2,4.4,0.4,4.9
2778879,8.0,5.3,1.7,4.4
1212677,5.0,5.9,1.1,6.9
1206575,5.7,4.0,1.8,3.1
7664082,6.6,5.7,1.1,6.0
75569,5.2,4.5,0.8,4.7
8695480,4.9,3.5,0.3,5.9
3357280,7.0,4.7,1.2,3.8
5180989,7.4,5.0,1.5,2.9
2459848,7.8,4.0,3.9,3.6
1736394,5.3,4.5,0.3,6.4
1169315,7.6,6.2,0.9,7.3
2300214,5.6,2.1,3.7,2.4
1587626,2.5,2.2,0.3,6.6
3096631,6.5,5.5,1.2,4.7
1254535,6.3,5.2,1.5,4.7
1147573,6.3,4.4,1.9,3.2
1844738,5.7,5.1,1.4,4.5
1483233,6.5,5.1,1.6,5.3
9755,6.6,4.0,2.4,3.0
1190538,8.5,5.3,1.7,5.5
1683519,5.6,3.2,2.3,3.7
2769383,6.2,4.9,0.8,1.9
1244399,6.4,6.1,1.0,5.8
1224236,4.9,5.7,1.1,5.7
1723138,4.1,3.4,0.9,5.8
1852661,5.9,5.6,1.1,5.8
9188780,4.2,3.0,0.5,5.9
1852273,7.4,6.4,1.7,5.4
82958,6.3,4.4,1.4,4.7
4152390,6.4,5.3,1.8,4.5
1100302,6.3,4.1,1.4,3.2
4110998,5.3,3.8,1.8,3.6
1264335,7.0,5.5,2.0,4.5
1552637,3.7,4.1,1.5,7.6
5962499,7.0,4.5,2.4,3.7
8456253,6.8,6.8,0.0,6.8
1583644,6.6,2.5,1.7,6.8
1312755,5.6,4.6,1.2,4.1
4418435,6.6,3.6,1.6,2.0
1124242,6.2,4.7,0.3,5.4
779588,8.2,4.4,2.8,3.1
1158327,7.2,4.9,1.1,5.3
8536576,3.7,3.0,0.9,6.0
4848448,6.4,6.9,1.6,5.3
1218467,5.3,6.5,1.2,6.8
10364534,6.5,4.8,1.3,5.0
13402,7.9,4.3,1.7,5.5
6200351,0.4,1.6,0.4,8.4
73627,6.4,7.6,0.8,8.1
1410339,4.8,4.1,0.3,7.7
75394,2.9,1.5,0.2,6.8
94769,5.1,5.9,0.6,6.4
2707705,8.5,4.6,0.5,4.7
1287027,6.1,6.0,0.7,7.2
5024460,1.4,3.2,0.6,7.3
2129443,8.5,5.3,2.8,5.6
2132066,6.4,5.4,1.3,7.1
9710,5.0,5.7,1.0,6.3
10225520,6.0,4.6,1.2,4.2
3726,8.5,5.6,1.3,6.4
1168034,6.8,2.3,4.4,1.3
9665437,5.1,6.7,0.1,6.3
61004,8.4,5.0,2.8,2.9
1726555,6.5,6.0,0.6,6.2
1100125,6.1,7.7,0.5,8.2
1367232,4.8,4.1,2.6,5.0
1910798,6.2,7.9,0.9,8.4
13689,6.2,6.3,0.7,7.2
75769,6.5,8.0,0.5,8.4
6572952,7.1,8.1,1.4,8.5
2264118,3.0,2.5,0.0,7.0
1136930,8.5,4.8,2.0,4.4
1264,6.7,5.5,1.1,5.2
1183599,8.4,4.5,2.9,4.1
1389642,8.5,5.4,0.4,4.4
8724971,4.0,3.9,2.2,6.5
21779,5.1,6.0,0.5,7.2
21769,4.7,3.6,3.0,7.2
21778,4.0,4.5,1.1,5.5
1423702,5.4,5.6,1.3,7.2
21782,3.7,1.6,1.8,7.1
2214106,5.0,3.2,4.2,8.1
21772,4.0,5.0,1.1,5.6
12154810,6.6,6.5,1.2,5.0
10367639,5.9,5.9,0.2,5.7
1256119,7.0,3.9,0.5,4.7
4527295,5.6,6.6,0.7,5.4
1650381,4.5,3.4,1.3,4.8
1233816,6.7,5.3,0.8,6.4
1271650,4.8,5.9,0.3,6.0
1615222,7.1,7.4,0.5,7.1
10443087,6.6,4.3,1.8,2.8
1595575,6.6,5.2,1.3,5.4
2039584,0.6,2.8,1.0,6.7
10794209,4.2,6.8,0.0,5.5
11167,6.0,3.7,1.6,3.2
11306529,6.2,5.0,2.2,3.9
1200822,5.5,4.1,1.3,4.5
4279557,3.6,1.2,1.0,5.4
11071103,5.2,4.8,1.9,5.1
4993784,5.7,5.2,2.0,5.2
2160720,6.9,4.9,0.6,4.5
8544406,7.5,8.1,0.5,7.5
9304640,4.5,4.6,1.1,5.1
5100,8.2,5.1,2.2,3.6
1708036,6.8,5.4,3.0,4.1
1230159,5.5,3.1,0.6,6.6
5936045,7.5,4.0,2.4,3.0
5959482,5.5,5.2,1.8,5.2
9826476,6.5,3.2,0.2,4.4
1314723,6.2,5.7,1.8,5.5
9943482,7.6,7.2,0.0,6.1
4951686,3.8,3.6,0.0,7.0
1195062,7.3,4.2,2.3,3.4
78653,6.4,5.8,0.7,6.2
10277720,4.4,4.1,0.0,6.9
12066171,4.7,4.3,1.5,5.1
5453113,7.6,4.5,2.8,3.8
1583280,7.3,5.8,1.1,5.5
1810008,6.4,4.0,3.7,4.9
2263331,5.6,3.3,1.4,2.5
98836,6.5,6.2,1.3,5.9
1231331,8.4,3.9,2.9,2.6
1165999,5.4,3.6,2.5,3.0
8837771,5.8,6.4,0.3,5.2
9962061,8.3,3.6,4.0,3.9
23366,5.6,4.8,1.1,4.7
8203221,6.6,7.0,1.8,5.9
7078554,3.9,3.5,0.8,4.9
9309559,7.0,4.5,1.2,5.4
9059,6.6,5.7,1.5,4.5
1188186,8.4,5.4,1.1,5.2
1182664,4.7,5.5,0.8,6.2
4647636,7.4,5.0,1.6,5.1
6860775,7.4,5.8,0.3,5.2
5535505,7.0,3.6,2.6,3.8
5532859,6.5,3.8,2.1,2.9
22176,4.6,4.3,0.4,5.0
1100306,6.0,7.9,0.4,8.1
1511007,5.6,2.3,1.5,6.8
77020,6.1,4.1,0.6,6.6
4360302,6.5,4.8,0.3,4.4
11669274,4.9,4.4,0.0,7.0
1527650,8.4,5.1,0.9,5.2
1428416,6.6,4.9,1.7,4.6
15489,6.3,6.0,0.8,5.9
2411285,4.6,5.6,0.6,6.4
1209957,5.7,4.9,1.5,5.1
79962,6.6,5.7,1.6,6.0
1389005,2.9,3.6,0.9,6.8
4426422,0.2,1.1,1.2,8.5
2451454,6.2,7.4,0.4,8.2
3814895,3.9,4.0,1.5,7.8
7582876,4.1,4.8,1.5,7.7
4200243,0.9,1.7,0.6,8.3
1366421,5.2,6.4,0.7,6.3
1242155,1.9,2.0,1.0,6.4
57194,5.1,5.7,0.8,6.4
9242951,6.3,5.6,2.0,5.7
89877,6.2,4.7,1.4,4.0
5307303,6.6,6.5,0.4,6.2
11118335,8.3,5.8,1.2,4.5
11872374,7.6,5.0,1.8,3.2
6670735,6.9,5.0,2.3,4.3
1307418,6.4,6.1,0.2,5.0
77448,6.2,7.8,0.5,8.4
5826809,6.3,4.8,3.0,5.0
1248415,6.5,6.9,1.5,5.4
7635922,3.7,2.4,0.5,5.7
2225365,6.7,4.5,1.6,4.8
1593054,6.4,7.0,0.8,8.5
11217437,5.2,4.7,2.4,4.8
2246947,2.7,2.4,0.0,6.9
1234483,6.0,4.8,1.7,4.3
1191686,5.5,4.4,1.5,4.4
6904,3.8,1.9,0.3,5.3
1545162,3.8,2.2,0.8,6.6
1136214,4.7,5.6,0.7,6.3
2063298,4.2,4.3,1.4,8.2
3039556,6.6,5.0,0.1,5.2
4427277,6.9,5.4,1.3,5.6
11535987,6.4,8.0,0.5,8.5
4156976,6.2,5.9,1.1,6.1
3705349,2.5,1.8,0.0,6.9
9850492,5.5,4.1,1.8,3.9
1142303,6.3,6.0,1.0,6.0
2929822,4.0,4.7,1.7,7.8
9020513,4.4,4.1,0.3,5.0
3189565,5.0,5.4,2.1,6.0
2120784,2.7,3.2,1.2,6.5
9267089,5.9,3.7,1.7,4.4
5521317,4.2,4.2,0.0,8.0
1250990,3.0,2.6,0.3,6.7
1134127,7.8,4.1,1.0,4.8
10663916,4.4,4.4,1.6,4.8
1563022,7.3,5.6,1.7,4.8
10569189,1.9,3.0,0.0,5.5
1159008,8.3,2.9,4.3,2.8
7195823,4.2,2.6,0.4,6.1
22725,5.4,4.5,1.1,4.5
5786080,8.5,3.0,3.6,1.8
13610,6.9,4.0,2.3,4.1
1525113,3.7,2.7,0.3,5.8
4429615,8.5,5.7,0.0,5.3
4757775,4.7,6.3,1.3,4.8
10035275,6.7,4.7,1.7,4.9
5940204,7.3,4.5,2.7,4.1
1136459,6.8,3.8,2.2,3.8
3091049,3.3,2.2,1.7,6.2
2424221,3.5,1.7,0.0,6.9
10312759,7.9,6.5,0.5,7.9
2367952,3.6,4.6,0.8,8.1
1224918,7.3,5.0,0.4,5.2
5883040,8.1,4.5,2.0,2.5
1966903,6.0,7.6,0.2,7.9
1917453,7.8,4.7,1.2,5.3
4901713,3.9,3.0,0.4,6.8
76324,6.4,6.1,0.7,6.0
1236756,5.9,5.8,0.4,6.1
1609286,6.6,6.7,2.3,5.4
2340952,8.0,5.4,0.6,3.4
1194546,5.7,6.2,0.4,6.4
1662058,6.2,6.3,0.7,6.3
2376803,6.7,6.8,0.9,6.3
4194951,5.8,5.8,1.3,5.9
1165596,5.6,5.9,1.2,5.3
1637698,6.6,6.3,0.3,6.5
6362042,5.9,6.4,1.6,5.8
77835,6.4,5.5,1.0,5.9
8622,6.2,5.9,1.1,5.9
1138131,7.0,5.3,0.3,3.3
1233459,6.6,6.0,1.1,6.0
1126762,6.6,6.4,0.6,6.2
3376111,6.0,5.2,1.1,5.8
1186744,6.6,5.7,0.6,6.1
1835163,5.5,4.4,1.7,5.0
1130374,7.0,5.3,0.7,3.5
1204718,5.8,5.6,1.7,5.0
2536817,5.5,4.5,2.3,4.6
1423732,5.0,6.0,1.2,5.6
1760966,6.2,5.1,1.0,4.5
1520229,6.4,4.3,0.5,4.6
4579160,7.2,4.9,1.6,3.5
77036,6.0,5.6,1.0,5.5
2650340,4.4,3.5,2.5,4.2
2792515,3.3,2.2,0.0,7.0
1986359,6.2,4.5,1.8,3.0
1306903,7.3,6.1,1.0,7.8
8051266,7.6,6.1,0.2,4.4
1663365,8.0,5.2,1.3,4.2
779155,6.9,5.6,0.7,5.8
1191213,4.2,6.8,0.0,5.5
3836162,6.8,4.7,1.4,4.4
11232782,5.7,2.6,0.0,4.6
2088546,6.7,6.9,1.4,6.8
10789865,6.5,4.6,0.4,2.5
2267882,8.0,4.8,2.6,4.0
1254297,6.5,8.1,0.1,8.5
1105800,6.3,6.2,1.7,6.2
2489270,6.5,5.0,0.7,3.7
1162093,6.7,5.4,0.9,6.1
1564268,6.7,5.5,0.7,5.6
4630455,0.8,1.0,1.0,8.2
1247805,4.7,5.7,0.2,7.8
1206468,6.2,5.3,1.5,5.6
1425894,6.9,3.5,2.8,2.6
1503397,6.5,6.4,0.0,6.7
6919221,6.3,5.9,1.4,5.8
1222989,5.3,4.4,1.1,7.3
88830,6.1,6.1,0.9,6.1
2106047,6.4,4.5,1.1,4.7
1159325,7.5,7.0,0.6,7.1
1368497,3.7,3.2,1.2,5.8
7553865,1.7,2.0,1.1,7.5
9048340,6.7,5.0,1.9,4.8
2550311,7.5,4.3,1.4,5.1
1986213,5.2,4.4,1.0,4.7
1302124,4.3,5.7,0.5,6.5
3078498,6.3,5.8,2.1,5.2
1607666,8.3,5.0,1.4,5.3
1990641,6.3,4.5,1.2,4.7
2196606,4.0,5.7,1.6,4.9
2092454,4.1,4.1,1.9,7.8
2014863,0.7,2.0,0.1,7.1
8781178,4.6,5.9,2.1,6.4
1220668,6.3,4.1,1.3,4.3
1208345,4.2,2.1,0.6,5.2
3803275,8.5,4.3,0.2,4.4
5688548,6.1,4.3,1.2,4.4
8573665,6.0,5.5,1.6,5.5
2273688,6.6,5.6,0.2,6.0
81648,8.5,5.0,1.0,5.4
2128739,6.3,6.0,1.3,6.5
8924060,6.1,5.3,1.7,6.0
3292606,2.9,3.0,0.0,6.7
99978,8.1,4.9,1.2,5.2
3375753,4.0,6.5,0.0,5.5
1578986,2.6,3.5,0.0,8.0
4460668,5.7,2.3,0.1,6.8
1991745,4.5,5.8,0.0,4.8
6319919,5.1,4.6,1.6,4.3
5109651,4.2,6.6,0.0,6.3
1167025,3.2,2.5,0.7,6.8
1383843,6.7,3.3,1.1,2.5
1178548,4.2,3.0,1.0,5.7
1194912,6.5,5.4,0.4,6.1
1703662,6.2,5.6,0.1,6.2
1268540,6.3,7.6,0.9,8.3
1584824,4.8,3.7,0.7,7.0
1561509,5.7,4.3,0.0,7.6
1695529,5.0,4.1,0.3,7.8
1313930,4.8,6.7,1.5,6.7
1849316,6.5,6.2,1.0,6.1
1387642,5.5,4.5,1.9,4.7
4755183,5.4,3.7,1.6,4.5
7447652,6.7,4.5,2.1,4.6
1161703,6.1,5.6,0.9,6.2
1283559,5.5,4.5,2.0,4.8
5023424,6.7,5.1,2.4,5.1
2743667,5.7,2.8,0.0,6.9
1112324,6.9,4.9,0.8,5.7
1390045,6.6,2.4,1.8,3.4
1370085,5.3,4.0,1.1,5.0
1138069,8.3,5.0,1.1,5.5
1100122,6.0,7.8,0.2,8.4
1169408,8.4,2.8,4.7,2.7
2064308,6.0,6.5,0.9,6.3
5439116,6.1,5.5,0.8,4.9
1756697,8.3,4.4,2.7,3.1
20812,3.6,2.6,0.2,6.7
2789485,6.2,6.9,0.0,8.5
3537180,3.1,2.5,0.5,6.3
1786303,6.4,8.0,0.2,8.2
1282050,7.6,6.2,1.0,7.9
18794,5.5,6.0,0.4,6.6
5584703,5.5,3.8,1.6,4.1
1172448,7.5,7.9,0.0,7.5
2125643,6.4,5.5,1.2,5.7
8621309,2.3,3.0,0.9,5.3
8537255,5.5,8.0,0.0,5.5
82725,6.3,6.6,0.5,5.5
2122544,3.0,2.0,0.5,6.3
2689759,6.7,4.9,0.1,4.5
1804061,6.9,5.3,0.9,5.5
6862256,6.5,5.1,0.1,5.3
1711451,5.9,4.7,1.1,3.9
2585168,7.3,4.8,2.0,3.8
1255070,6.0,3.2,2.4,3.6
6421058,6.0,5.6,1.6,5.9
85483,6.2,8.0,0.3,8.3
6265711,5.0,3.7,1.6,5.0
1849002,6.2,8.2,0.0,8.5
11274092,5.3,5.8,1.7,5.5
9006375,4.8,6.1,1.8,5.8
7735105,7.3,5.6,2.0,4.4
7280566,5.7,5.4,1.1,5.0
97685,8.4,4.8,0.9,5.4
6184701,6.5,4.8,0.3,4.5
1491176,5.9,4.0,1.4,3.2
1307035,8.5,5.0,0.8,4.7
7169630,6.8,3.3,2.4,3.5
75821,4.9,4.1,0.8,4.7
10251,6.6,6.2,0.8,6.0
7371579,6.9,5.0,0.0,4.2
1084767,6.8,4.2,1.4,3.2
1467622,8.4,5.2,2.2,3.2
2273763,8.5,5.6,0.6,6.4
7308992,5.2,4.2,1.8,5.6
2518454,7.3,3.8,1.7,1.9
4011840,5.8,6.8,0.5,8.0
1179562,5.7,3.0,2.3,3.7
1267251,4.7,3.8,0.7,5.0
2558393,5.5,3.8,1.1,3.5
1504940,6.0,3.2,2.2,3.3
5689436,6.2,6.0,1.2,5.8
6368688,6.6,5.5,1.8,4.6
2301767,5.0,4.8,2.0,4.0
6287399,5.2,4.6,2.4,4.7
9724121,5.2,4.7,3.5,4.2
8148659,3.2,2.5,0.5,6.1
7583347,4.2,4.9,1.1,6.2
1300950,6.5,6.2,0.9,6.2
5850566,6.9,5.9,1.3,6.4
50784,6.7,5.9,1.5,5.9
1200649,3.2,2.7,0.2,6.1
1420697,6.8,5.1,1.2,5.1
2367559,5.8,5.0,0.2,4.8
11447871,5.7,4.9,1.7,5.1
4968370,6.9,4.0,0.7,5.1
8413099,5.5,4.2,1.5,4.7
1812686,4.0,5.1,0.5,8.1
1169404,6.4,4.1,0.4,5.0
2177372,6.3,4.7,1.0,4.7
92989,7.8,4.1,2.0,3.1
7287417,5.0,5.7,1.2,5.3
5296470,8.3,4.5,1.0,4.9
1776797,5.2,4.6,0.4,6.6
5769215,0.5,0.8,0.0,8.5
1566536,4.9,4.8,0.6,4.9
20650,6.4,5.0,0.4,4.6
1457999,5.1,3.9,0.9,5.3
2539272,5.5,3.5,3.3,2.9
2037221,6.0,4.2,1.1,3.9
21063,5.6,5.8,1.1,5.4
2708293,6.3,8.2,0.0,8.5
4545453,7.1,4.5,1.6,3.9
3772025,8.5,4.5,2.8,4.2
1655,4.5,5.5,0.5,6.2
77441,5.3,2.4,0.6,6.4
6891506,6.1,5.6,0.9,4.7
1572777,8.5,5.9,0.8,5.3
1283673,6.1,3.3,2.1,3.8
9568179,8.5,4.2,0.0,4.3
1728044,0.3,2.1,0.9,7.1
2544210,7.6,5.0,2.0,4.1
1769337,3.9,1.6,1.0,4.7
1630780,7.1,7.7,0.6,7.5
9508605,6.0,5.1,1.3,6.6
1142010,6.2,3.8,2.7,2.9
1981940,5.8,2.3,0.6,6.4
1108470,0.0,0.5,0.0,8.4
5392464,6.1,4.8,2.1,5.0
7268812,1.5,2.5,0.0,8.1
1187917,7.8,6.9,2.4,7.8
1308717,6.4,5.3,0.9,6.3
4403847,2.8,2.1,0.1,6.3
8926615,5.9,3.9,0.1,4.3
1221824,6.7,3.8,1.8,2.5
1625766,7.5,6.4,0.8,3.7
1263919,3.1,2.2,0.6,6.4
1246067,4.7,4.2,0.6,4.8
1200575,6.4,5.9,0.7,6.0
1637790,6.7,5.7,1.7,5.2
12485045,4.2,5.6,1.5,3.7
10970573,3.7,4.7,0.0,5.9
6190331,2.9,3.2,3.1,5.6
2247090,3.0,1.9,0.0,7.1
6006050,5.3,4.9,1.6,4.6
9967914,4.8,3.7,1.8,3.7
1558739,6.2,3.8,0.9,4.5
5796812,7.3,4.0,1.2,4.8
8626451,5.9,4.2,0.9,4.8
1126888,8.1,4.3,2.6,3.0
1162487,5.9,7.8,0.5,8.0
3205405,5.5,5.0,1.1,4.9
6647383,6.8,4.7,2.1,3.1
1445142,6.4,3.3,2.8,2.9
7629673,5.5,3.9,1.5,4.3
1169875,5.8,2.4,1.1,6.6
7381731,3.4,5.4,0.0,5.9
88753,4.8,4.4,1.2,6.3
5792929,4.4,4.1,0.5,5.1
1214009,3.4,2.3,0.7,6.7
1155623,1.5,1.7,0.0,5.6
2640455,2.8,1.8,0.3,6.7
4020375,0.8,1.3,0.7,8.2
16483,6.7,4.9,1.3,5.5
19427,6.4,5.5,0.9,4.6
4546871,6.2,3.4,1.8,3.7
2058015,8.2,1.9,4.6,2.4
3620406,5.1,4.2,3.8,3.8
2181919,3.6,2.7,0.4,6.5
5901646,6.7,2.9,3.9,2.9
1154269,8.2,4.2,1.9,3.4
5226831,7.0,5.8,0.9,6.0
1176493,8.5,5.9,1.9,5.5
86868,6.2,7.7,0.2,8.4
5023158,2.1,1.6,0.0,7.2
2179896,3.6,2.2,0.0,7.0
9091189,8.3,4.4,3.8,2.8
2257797,7.1,4.5,0.8,4.6
1614472,5.5,5.1,2.3,4.6
2750996,6.9,5.5,0.5,4.0
7147,6.4,4.4,2.0,2.9
2096595,7.7,4.7,0.6,3.5
1225779,6.1,7.5,0.5,8.0
6033002,7.7,2.7,4.2,3.0
6064806,7.8,5.5,1.6,5.2
10102341,6.7,4.5,1.2,3.2
6326641,6.5,3.6,0.6,4.9
23365,6.0,7.8,0.5,8.4
2602497,4.8,3.5,2.4,5.3
1447213,3.7,3.0,1.3,5.6
1219433,6.2,4.2,1.6,2.6
1585760,6.8,3.0,0.0,1.8
74337,7.6,5.5,1.3,5.2
2307378,2.8,2.3,0.0,5.8
10105793,6.6,5.9,1.2,5.6
1161487,6.2,5.3,1.7,5.9
1582890,6.2,6.9,0.8,6.3
2338518,6.8,3.0,0.0,1.8
10016959,7.3,6.4,0.5,5.4
1783612,4.8,5.4,1.7,5.3
1246510,6.7,4.9,0.9,4.4
10746521,8.0,6.8,0.0,5.5
1860473,6.9,5.6,0.3,6.6
1165787,6.7,6.7,1.4,4.9
9091386,3.1,2.5,1.1,7.0
1862576,5.1,4.8,0.6,7.3
3523298,3.1,4.6,0.0,5.4
1187293,6.8,6.3,1.5,6.1
1204799,8.5,4.4,1.6,4.5
8012526,4.8,4.2,1.0,5.1
1506970,6.4,5.6,1.5,6.2
10327467,4.2,4.2,0.2,6.2
1319647,2.8,2.3,0.0,5.9
6735701,7.5,5.9,0.1,5.4
9898066,4.8,7.1,0.0,6.0
2291954,8.3,5.7,1.4,5.5
5870019,7.4,5.8,1.1,4.4
2263343,5.4,6.3,1.3,6.6
9125206,2.3,2.7,0.1,7.9
1160488,6.3,4.5,0.6,5.5
1183079,3.2,2.4,0.3,6.5
7507721,5.1,4.0,0.0,6.4
11469943,3.7,3.4,2.5,5.3
10663920,2.8,2.5,0.1,6.2
3079015,5.8,5.0,1.9,4.3
1561147,6.8,8.5,0.2,7.9
1250691,4.6,5.7,1.0,6.6
1436773,6.6,5.7,0.8,6.5
7110442,6.3,5.7,0.0,6.0
13649,6.2,5.2,1.2,6.1
4036140,4.1,2.1,0.0,6.1
1292138,4.1,4.2,1.5,7.3
1949643,2.6,3.1,0.0,7.1
1141982,4.2,2.0,0.8,5.1
1767886,5.0,6.0,0.2,6.4
5118041,5.7,3.9,2.1,4.3
2551884,7.6,4.9,1.6,3.2
1205926,3.7,2.7,0.4,6.9
2604672,3.9,4.2,1.0,7.6
1187120,6.9,2.9,3.8,1.9
11083918,4.2,6.8,0.0,5.5
8390145,6.2,4.4,1.6,3.8
10713795,4.3,3.2,1.8,5.0
1221554,5.7,3.9,0.9,5.4
5762398,6.5,4.0,2.3,5.3
6473103,7.5,5.5,0.0,3.8
1224214,6.3,7.6,0.5,8.2
9023053,6.0,4.6,3.6,6.4
1171031,4.4,5.1,0.4,5.9
1127247,6.3,4.2,1.1,4.7
1783115,5.0,4.2,2.6,5.2
76164,6.5,4.8,1.5,5.2
6344073,6.5,6.5,0.2,5.4
2952627,8.5,3.8,0.4,4.8
1127026,6.0,3.8,1.7,2.8
1589607,6.6,5.3,0.9,6.0
1100132,5.9,5.8,1.1,5.8
17026,6.7,4.9,2.8,4.3
1425835,6.6,4.5,3.2,4.1
1376034,7.0,4.3,1.4,5.1
2655363,5.3,4.8,1.3,5.5
1193968,3.8,3.7,2.3,8.0
1199069,6.2,5.9,0.9,5.7
1843456,7.8,4.0,1.7,2.5
6482422,5.1,5.0,0.0,4.7
22139,6.1,6.1,0.8,6.1
1266142,6.0,5.3,1.0,6.0
1181099,8.5,3.9,1.8,1.8
7696786,6.0,2.1,1.3,5.9
2307710,7.1,4.0,2.1,3.8
78510,4.3,3.7,2.0,3.4
2821308,4.8,3.0,2.6,2.7
3528343,6.9,5.3,1.2,4.2
2561916,6.0,4.6,0.0,4.7
1135607,6.3,2.6,4.1,1.9
1513566,8.5,5.5,0.2,4.3
1667620,5.1,6.3,1.0,6.4
1149106,4.2,4.5,0.4,6.4
96529,6.2,5.9,1.2,6.1
19226,4.4,6.0,0.7,6.3
98568,6.4,2.4,1.2,3.8
1306,8.5,4.8,1.0,4.5
3872624,5.8,4.9,1.1,5.4
92648,5.9,4.0,1.5,3.5
7567723,5.2,4.2,3.0,4.4
1123692,4.4,4.1,0.8,4.7
2114545,7.7,6.5,1.1,6.2
1987626,8.5,4.7,0.7,4.3
2069213,7.4,4.7,0.9,5.1
6837113,7.0,5.9,1.4,5.3
1103292,6.2,4.4,1.3,3.3
1393013,4.4,3.0,1.5,5.6
1920112,7.0,6.0,1.0,4.0
6527350,6.8,4.0,0.8,4.2
6891127,5.3,3.0,0.0,5.0
19908,4.2,4.5,0.0,6.2
5555258,6.9,8.2,0.1,7.1
1161260,7.2,6.8,2.7,8.0
2141044,5.7,3.4,0.3,4.2
2449540,3.3,3.4,0.4,6.8
1139004,5.3,6.0,0.3,7.8
1267602,0.9,2.3,0.6,7.0
9813539,5.0,4.4,0.7,5.7
15087,6.3,5.0,0.5,5.5
1517182,4.2,2.1,2.7,7.4
5919005,7.1,4.5,2.3,3.8
1144139,8.4,4.1,2.9,2.6
5020093,0.4,1.8,0.0,7.9
1415619,3.9,5.3,0.3,6.7
2260490,3.6,3.9,1.5,4.1
10825435,4.5,3.5,2.4,3.9
1382697,7.1,3.9,3.4,3.1
3957441,5.6,4.0,2.0,3.3
1170219,6.3,5.6,0.5,6.0
2304661,3.2,3.5,1.8,8.1
1130071,8.1,4.5,1.8,4.3
1651118,4.8,3.8,4.0,6.1
1879856,4.1,4.9,0.1,6.2
1136013,6.2,2.8,1.8,3.7
1881327,2.1,2.2,0.3,7.0
1989977,5.2,6.0,1.0,7.6
6854531,5.6,5.3,2.0,5.6
1232066,6.1,6.2,0.7,6.1
10242444,5.8,7.2,2.8,7.1
1264214,4.2,5.7,0.0,5.5
4442825,5.2,3.4,1.5,5.5
1146861,6.3,3.8,2.1,3.1
1101298,6.3,7.9,0.3,8.3
4972171,6.3,4.6,1.5,3.1
7507461,8.1,4.8,3.3,2.5
1206425,4.5,6.0,0.5,6.3
12148142,6.8,4.2,1.8,4.2
1548469,5.3,7.2,0.2,7.6
2476144,6.7,3.8,3.2,2.7
1235200,5.7,4.5,1.1,6.2
1211310,5.0,8.5,0.0,8.5
8800834,5.8,5.0,0.0,4.0
1209027,5.9,5.2,1.3,5.9
1250856,7.5,4.6,0.8,5.1
8594630,5.7,6.5,1.2,6.2
12724934,5.3,4.4,3.6,4.3
1127572,6.5,5.5,0.8,6.1
77022,6.5,5.9,1.0,5.9
1761414,6.1,5.5,1.3,4.8
1144799,4.7,5.6,0.4,6.1
9383861,7.4,4.4,0.0,5.1
7199833,7.6,4.9,0.2,5.1
7525273,6.3,6.8,1.0,5.9
6897232,3.7,2.2,0.0,6.4
1177468,7.7,7.8,0.5,7.5
3799250,6.5,6.3,0.6,5.4
1255231,6.5,4.8,0.8,4.6
49744,6.7,6.0,1.1,5.1
9402500,5.9,6.4,0.9,6.8
1510219,6.8,4.4,2.1,4.7
5563528,7.5,6.3,0.0,5.5
4626238,6.3,5.4,1.2,5.3
2437760,5.9,2.5,0.6,6.4
1218615,5.0,6.4,1.2,5.0
6198826,6.5,4.7,1.9,4.1
1905798,5.5,4.7,0.8,4.4
98783,8.5,4.0,1.3,4.5
1130130,4.6,5.5,0.6,6.2
1287615,6.0,6.3,0.9,6.3
1120284,4.8,4.3,0.4,4.8
1803914,5.7,4.2,1.7,4.7
4359974,5.5,4.4,1.2,4.3
7041879,6.6,5.9,1.4,5.9
10688384,6.1,4.0,2.2,4.0
7459490,4.7,4.5,2.3,5.3
4120598,6.6,5.7,1.5,5.8
1799983,6.7,4.6,1.4,4.6
6514155,6.4,4.4,1.7,4.7
1173185,7.3,4.8,2.0,5.6
1151308,5.6,4.8,0.2,4.7
10820620,4.9,4.3,0.5,4.9
5453104,6.8,3.9,2.7,3.2
1214438,6.9,4.0,1.4,2.2
1084766,6.3,3.8,1.8,3.2
1434795,5.2,4.0,1.0,4.0
1778398,3.4,3.0,0.5,6.2
3961248,5.9,4.1,2.5,3.5
2266556,5.3,5.8,0.4,6.3
8399768,4.8,4.6,2.4,4.2
5107068,5.4,2.7,0.9,6.4
4050152,7.1,5.4,0.2,4.8
2039619,6.7,5.5,0.3,4.2
2461429,6.3,6.1,1.0,5.6
7983545,2.0,1.5,0.4,7.6
10391382,7.0,4.0,0.0,5.8
1885308,8.5,5.0,0.9,5.3
1184110,5.0,6.2,0.0,6.0
4442349,5.7,4.3,0.4,4.8
5535493,4.5,4.3,1.0,4.8
1144552,6.2,6.1,1.7,5.6
16417,6.5,6.4,0.8,5.4
23202,8.1,4.7,2.6,3.4
1504717,5.3,5.6,0.0,6.5
17508,6.7,7.3,0.0,8.5
2048359,5.1,3.6,1.4,4.9
5660602,6.3,3.9,1.7,2.6
6617474,4.1,4.5,1.6,5.7
2636118,5.5,4.1,1.2,3.4
1563090,6.4,6.3,1.2,5.4
1611594,5.3,4.7,0.9,3.1
5358434,6.5,4.5,1.4,3.7
75779,5.5,2.2,0.8,6.5
2022621,5.8,7.0,0.7,5.5
11117898,5.1,4.2,2.1,3.9
3531352,2.8,2.0,0.0,6.2
88481,5.5,2.2,1.0,5.9
2342297,5.3,4.8,1.8,7.2
3595208,5.4,5.1,1.8,5.5
1843457,6.5,3.9,0.9,4.4
2744137,5.9,3.8,0.5,2.5
1684361,6.3,5.2,0.1,4.8
10194735,4.4,4.3,0.0,5.3
89748,5.2,4.5,1.3,4.6
5907697,6.6,6.5,0.4,5.2
10819195,5.6,6.1,3.0,5.5
73624,5.9,8.2,0.3,8.4
78327,7.6,4.4,0.8,4.9
78326,6.7,4.7,1.0,4.3
11669447,5.0,5.8,1.0,5.8
11693450,5.0,5.8,2.1,5.7
2036187,0.0,1.3,0.0,8.3
16646,5.6,2.7,0.8,6.4
10481,3.4,4.2,0.5,6.6
1424868,7.5,5.7,0.2,5.4
1198233,6.6,5.6,0.9,6.1
2455926,4.5,3.7,2.0,4.1
2644965,6.4,6.1,1.1,5.9
23109,6.3,5.4,1.2,6.0
7591355,4.4,3.3,1.3,5.3
1211371,6.7,5.3,1.4,4.6
86878,6.0,5.8,1.0,5.8
9458429,7.5,4.9,1.3,5.8
5475247,7.0,5.4,1.6,4.5
5181019,5.7,2.6,2.3,6.2
1145294,6.1,5.2,1.1,6.1
3287947,8.5,4.9,2.1,2.2
1172507,5.9,4.8,0.7,3.8
4514412,6.7,4.5,2.2,3.7
1925508,7.1,4.3,1.5,4.1
1203726,4.8,4.7,0.5,4.8
1377555,6.5,3.8,2.0,3.4
1139010,7.1,7.5,0.4,7.1
9337810,5.5,4.3,0.2,5.2
1207817,7.5,6.5,1.2,7.4
1371758,5.5,2.1,2.4,6.5
1814754,6.3,4.1,2.3,3.5
1164169,8.3,4.2,1.7,2.6
3117752,5.6,5.4,1.9,4.5
7252968,4.9,3.3,2.5,4.5
1142782,4.6,5.7,0.6,6.3
1305960,6.8,4.7,1.6,3.3
99336,6.7,4.3,1.2,4.3
97075,6.5,6.6,1.1,6.2
1217901,6.6,4.4,0.3,4.4
1206599,6.4,4.9,1.0,4.4
1674523,6.5,3.5,2.1,3.5
16721,6.0,3.5,2.0,3.8
1739944,6.0,3.6,2.2,3.1
1718611,6.5,4.3,0.9,4.6
1568220,6.1,3.9,2.5,4.3
5409742,6.8,5.7,0.9,5.7
1207871,6.4,5.4,1.1,5.8
7730440,3.4,2.7,0.0,5.7
1196431,7.4,7.1,0.1,7.1
7694191,6.8,6.8,0.2,6.4
1470083,6.8,4.4,0.8,5.1
4066165,1.4,2.2,0.9,8.1
62344,6.0,6.2,1.0,6.0
7567711,6.0,6.2,1.7,5.8
12006604,0.0,1.1,0.1,8.5
9311584,5.4,4.8,2.5,5.3
6263827,6.4,5.2,0.6,4.7
1170697,5.4,2.3,1.3,6.5
2039627,6.7,3.3,0.6,2.8
11772224,4.8,4.7,3.1,4.1
11516962,5.7,4.7,3.6,4.8
10509114,6.8,6.2,0.8,6.2
86334,5.6,2.7,0.9,6.6
6854908,6.0,4.4,1.6,4.6
11313842,6.4,3.4,6.2,3.8
1251802,4.9,4.8,0.5,6.3
8624,6.6,6.0,0.7,5.7
7463129,0.0,1.1,0.0,8.4
7626630,6.6,5.2,1.4,4.4
8503520,6.7,5.1,1.7,4.0
1438125,4.9,4.6,0.9,4.9
6039197,3.6,3.0,0.6,6.2
1138237,5.5,2.2,0.8,6.7
1369542,2.3,2.3,0.0,6.2
2094151,8.2,4.1,3.1,2.7
7604846,4.0,3.8,2.3,5.1
1936204,6.5,5.6,1.1,4.7
2826870,8.4,3.9,4.0,2.4
1230693,5.9,4.2,0.4,4.7
5569042,3.6,4.2,3.5,8.0
1537091,7.6,7.2,0.2,7.4
5509413,7.2,6.7,0.0,6.8
1446345,6.9,4.4,1.2,5.6
1501481,0.6,2.5,0.9,7.4
1836952,8.0,5.5,0.4,7.9
1106162,7.3,6.2,0.0,5.8
1201685,8.5,5.2,0.4,5.3
1421623,6.1,4.5,1.6,4.5
3409775,4.8,1.9,1.1,5.2
1482018,6.3,4.1,1.9,4.3
1303936,6.6,4.5,2.2,4.0
71184,7.8,4.4,1.1,4.0
1241979,7.5,6.9,0.5,7.1
2324286,6.9,6.7,0.0,7.1
23536,6.5,6.1,0.3,6.1
1238721,6.8,0.5,1.8,0.5
94286,6.7,4.1,2.0,3.9
1478457,5.9,5.8,1.1,5.7
1542578,6.1,5.2,1.3,5.0
3209761,6.1,6.3,1.2,5.8
51704,4.9,2.4,0.0,2.7
1246199,7.1,5.5,0.8,5.2
5111542,6.8,5.1,1.5,5.9
1129452,6.0,4.5,0.2,5.8
1618642,6.5,4.9,1.0,4.6
13926,4.8,5.6,0.2,6.4
63644,0.7,2.6,0.2,7.2
2021544,6.2,7.7,0.2,8.0
79643,6.1,4.9,2.1,3.6
1134468,5.4,2.5,1.0,7.0
1303620,8.0,5.4,0.8,8.0
1189280,2.9,1.7,0.0,6.7
2178800,4.6,5.7,0.4,6.5
3879302,6.5,4.3,1.6,4.4
1595820,4.6,4.4,0.4,6.2
1128572,6.5,4.7,0.4,4.4
1285437,2.8,2.5,1.5,5.3
1503506,8.5,5.0,0.5,6.1
2436668,5.4,4.2,1.8,3.8
1143011,8.0,4.1,2.4,2.9
3196682,4.8,6.4,0.3,6.8
1522721,7.5,6.4,0.2,5.3
1243021,6.3,6.3,0.6,6.4
19649,5.3,6.1,0.7,7.3
18844,6.9,5.8,0.1,5.3
1243143,0.0,0.9,0.0,7.3
1179945,6.5,4.8,1.5,3.6
